TIMESTAMP,ContextTokens,GeneratedTokens,req_class
2023-11-16 18:15:46.680590,374,44,medium
2023-11-16 18:15:50.995169,396,109,medium
2023-11-16 18:15:51.222467,879,55,long
2023-11-16 18:15:51.391017,91,16,short
2023-11-16 18:15:52.573245,91,16,short
2023-11-16 18:15:52.992119,381,84,medium
2023-11-16 18:15:54.426087,1313,142,long
2023-11-16 18:15:54.932021,388,84,medium
2023-11-16 18:15:55.017669,242,14,medium
2023-11-16 18:15:55.145575,209,152,medium
2023-11-16 18:15:55.380803,394,124,medium
2023-11-16 18:15:56.108058,394,59,medium
2023-11-16 18:15:56.263148,1315,174,long
2023-11-16 18:15:56.786969,2221,15,long
2023-11-16 18:15:57.226716,389,90,medium
2023-11-16 18:15:57.838501,415,106,medium
2023-11-16 18:15:58.111494,120,12,short
2023-11-16 18:15:58.517223,369,74,medium
2023-11-16 18:15:59.567135,206,162,medium
2023-11-16 18:15:59.705678,1353,142,long
2023-11-16 18:15:59.730433,197,152,medium
2023-11-16 18:16:00.740140,181,154,medium
2023-11-16 18:16:00.778370,388,54,medium
2023-11-16 18:16:00.973899,4085,62,long
2023-11-16 18:16:04.101508,2584,170,long
2023-11-16 18:16:04.473528,203,147,medium
2023-11-16 18:16:04.841103,126,194,short
2023-11-16 18:16:05.144482,389,87,medium
2023-11-16 18:16:05.660029,2548,116,long
2023-11-16 18:16:06.594517,91,16,short
2023-11-16 18:16:06.625787,4081,74,long
2023-11-16 18:16:07.159531,181,123,medium
2023-11-16 18:16:07.338943,191,217,medium
2023-11-16 18:16:07.622506,27,183,short
2023-11-16 18:16:08.050655,203,217,medium
2023-11-16 18:16:08.055677,398,81,medium
2023-11-16 18:16:09.393462,126,172,short
2023-11-16 18:16:09.675446,209,181,medium
2023-11-16 18:16:10.051993,209,181,medium
2023-11-16 18:16:10.826886,28,175,short
2023-11-16 18:16:11.448975,437,88,medium
2023-11-16 18:16:11.575551,181,104,medium
2023-11-16 18:16:11.762012,203,138,medium
2023-11-16 18:16:11.903969,200,177,medium
2023-11-16 18:16:11.930430,4073,58,long
2023-11-16 18:16:12.004844,91,16,short
2023-11-16 18:16:12.597697,1087,401,long
2023-11-16 18:16:12.935068,382,64,medium
2023-11-16 18:16:13.087647,412,102,medium
2023-11-16 18:16:13.141734,194,217,medium
2023-11-16 18:16:14.010856,203,217,medium
2023-11-16 18:16:14.233119,200,217,medium
2023-11-16 18:16:14.770824,64,174,short
2023-11-16 18:16:15.033947,458,123,medium
2023-11-16 18:16:15.259125,1352,158,long
2023-11-16 18:16:15.288362,874,404,long
2023-11-16 18:16:15.444969,378,58,medium
2023-11-16 18:16:16.020878,91,16,short
2023-11-16 18:16:16.366668,4074,50,long
2023-11-16 18:16:16.862089,389,89,medium
2023-11-16 18:16:17.949761,212,183,medium
2023-11-16 18:16:18.301080,1085,394,long
2023-11-16 18:16:18.440819,407,131,medium
2023-11-16 18:16:18.597593,396,82,medium
2023-11-16 18:16:19.069095,1029,399,long
2023-11-16 18:16:19.916472,962,399,long
2023-11-16 18:16:20.094118,203,217,medium
2023-11-16 18:16:20.171591,898,94,long
2023-11-16 18:16:20.207360,181,253,medium
2023-11-16 18:16:20.326303,320,18,medium
2023-11-16 18:16:20.429292,1119,414,long
2023-11-16 18:16:20.505590,124,157,short
2023-11-16 18:16:20.613119,1313,179,long
2023-11-16 18:16:21.427036,1096,383,long
2023-11-16 18:16:21.974659,400,102,medium
2023-11-16 18:16:22.819102,1057,424,long
2023-11-16 18:16:23.201007,203,162,medium
2023-11-16 18:16:23.545329,1314,216,long
2023-11-16 18:16:23.805396,2,93,short
2023-11-16 18:16:24.156555,1065,409,long
2023-11-16 18:16:24.835520,372,60,medium
2023-11-16 18:16:25.073232,4094,82,long
2023-11-16 18:16:25.229634,1104,394,long
2023-11-16 18:16:25.493922,1075,415,long
2023-11-16 18:16:25.772505,4088,37,long
2023-11-16 18:16:25.901174,1225,372,long
2023-11-16 18:16:26.004717,1118,426,long
2023-11-16 18:16:26.318354,380,102,medium
2023-11-16 18:16:26.325781,1133,385,long
2023-11-16 18:16:26.722457,42,167,short
2023-11-16 18:16:27.031224,2590,50,long
2023-11-16 18:16:27.159754,1140,377,long
2023-11-16 18:16:27.806463,126,203,short
2023-11-16 18:16:28.037981,431,84,medium
2023-11-16 18:16:29.014645,1115,421,long
2023-11-16 18:16:29.210283,206,179,medium
2023-11-16 18:16:29.211215,400,91,medium
2023-11-16 18:16:29.225853,1123,396,long
2023-11-16 18:16:29.244410,862,379,long
2023-11-16 18:16:29.365813,859,422,long
2023-11-16 18:16:29.371828,890,402,long
2023-11-16 18:16:29.395890,1192,419,long
2023-11-16 18:16:29.489163,899,403,long
2023-11-16 18:16:29.680337,163,224,medium
2023-11-16 18:16:29.874051,181,212,medium
2023-11-16 18:16:30.269645,416,88,medium
2023-11-16 18:16:30.290500,1163,426,long
2023-11-16 18:16:30.471714,243,14,medium
2023-11-16 18:16:30.574016,1041,428,long
2023-11-16 18:16:30.603661,1350,146,long
2023-11-16 18:16:30.721331,1104,396,long
2023-11-16 18:16:30.741911,1127,426,long
2023-11-16 18:16:31.508669,1114,414,long
2023-11-16 18:16:31.690347,1083,396,long
2023-11-16 18:16:31.706103,1313,173,long
2023-11-16 18:16:31.785536,888,395,long
2023-11-16 18:16:31.800957,13,130,short
2023-11-16 18:16:31.855547,874,89,long
2023-11-16 18:16:31.927442,1065,395,long
2023-11-16 18:16:32.183342,1157,426,long
2023-11-16 18:16:32.210832,1077,390,long
2023-11-16 18:16:32.661412,2903,59,long
2023-11-16 18:16:32.782911,4079,27,long
2023-11-16 18:16:32.871029,1149,411,long
2023-11-16 18:16:32.910665,996,389,long
2023-11-16 18:16:33.087149,990,394,long
2023-11-16 18:16:33.307279,197,183,medium
2023-11-16 18:16:33.358734,4107,49,long
2023-11-16 18:16:33.890315,197,217,medium
2023-11-16 18:16:34.140530,1378,407,long
2023-11-16 18:16:34.414652,1214,421,long
2023-11-16 18:16:34.605892,1016,375,long
2023-11-16 18:16:34.713581,1186,398,long
2023-11-16 18:16:34.726119,4076,60,long
2023-11-16 18:16:34.815198,1100,426,long
2023-11-16 18:16:34.976965,218,217,medium
2023-11-16 18:16:35.390247,1232,419,long
2023-11-16 18:16:35.676197,975,416,long
2023-11-16 18:16:35.907628,209,217,medium
2023-11-16 18:16:36.241773,181,85,medium
2023-11-16 18:16:36.268047,1029,388,long
2023-11-16 18:16:36.341502,888,418,long
2023-11-16 18:16:36.405070,1113,375,long
2023-11-16 18:16:36.423275,1035,520,long
2023-11-16 18:16:36.423281,1009,425,long
2023-11-16 18:16:36.513024,869,450,long
2023-11-16 18:16:36.559020,1183,431,long
2023-11-16 18:16:36.909114,972,395,long
2023-11-16 18:16:37.166726,1097,396,long
2023-11-16 18:16:37.311677,206,183,medium
2023-11-16 18:16:37.335572,181,208,medium
2023-11-16 18:16:37.338247,1316,200,long
2023-11-16 18:16:37.422375,908,456,long
2023-11-16 18:16:37.574811,1094,422,long
2023-11-16 18:16:37.588923,996,422,long
2023-11-16 18:16:37.675769,420,89,medium
2023-11-16 18:16:37.801832,1112,385,long
2023-11-16 18:16:38.045686,1133,396,long
2023-11-16 18:16:38.159616,890,403,long
2023-11-16 18:16:38.302006,833,36,long
2023-11-16 18:16:38.358937,1093,426,long
2023-11-16 18:16:38.620842,206,211,medium
2023-11-16 18:16:38.800810,898,454,long
2023-11-16 18:16:38.908221,1312,180,long
2023-11-16 18:16:38.929212,1129,396,long
2023-11-16 18:16:38.938430,375,67,medium
2023-11-16 18:16:39.563896,862,425,long
2023-11-16 18:16:39.823918,167,179,medium
2023-11-16 18:16:39.852630,914,414,long
2023-11-16 18:16:40.243838,209,217,medium
2023-11-16 18:16:40.387046,982,594,long
2023-11-16 18:16:40.673351,200,161,medium
2023-11-16 18:16:40.703054,1313,156,long
2023-11-16 18:16:40.798249,999,416,long
2023-11-16 18:16:41.763611,1084,397,long
2023-11-16 18:16:41.790986,399,106,medium
2023-11-16 18:16:42.020240,1065,594,long
2023-11-16 18:16:43.268410,1036,446,long
2023-11-16 18:16:43.646010,1243,398,long
2023-11-16 18:16:43.898105,1128,384,long
2023-11-16 18:16:43.960669,1000,375,long
2023-11-16 18:16:44.095214,992,56,long
2023-11-16 18:16:44.133029,920,87,long
2023-11-16 18:16:44.173221,1040,388,long
2023-11-16 18:16:44.184535,411,101,medium
2023-11-16 18:16:44.191737,900,91,long
2023-11-16 18:16:44.258286,1018,425,long
2023-11-16 18:16:44.461343,4082,44,long
2023-11-16 18:16:44.946319,395,99,medium
2023-11-16 18:16:45.145504,209,217,medium
2023-11-16 18:16:46.674110,181,113,medium
2023-11-16 18:16:46.852790,1118,414,long
2023-11-16 18:16:46.864186,972,392,long
2023-11-16 18:16:47.106761,1847,53,long
2023-11-16 18:16:47.328734,392,96,medium
2023-11-16 18:16:47.459115,197,217,medium
2023-11-16 18:16:47.512159,975,409,long
2023-11-16 18:16:47.553022,1025,443,long
2023-11-16 18:16:47.825856,1027,388,long
2023-11-16 18:16:47.944127,1143,409,long
2023-11-16 18:16:47.966153,1028,394,long
2023-11-16 18:16:47.974705,874,402,long
2023-11-16 18:16:48.445195,997,492,long
2023-11-16 18:16:48.517545,72,245,short
2023-11-16 18:16:48.518618,851,397,long
2023-11-16 18:16:48.587425,408,91,medium
2023-11-16 18:16:48.609284,1113,531,long
2023-11-16 18:16:48.855076,1313,170,long
2023-11-16 18:16:48.957074,1083,426,long
2023-11-16 18:16:49.162921,1139,394,long
2023-11-16 18:16:49.523716,978,437,long
2023-11-16 18:16:49.723618,26,146,short
2023-11-16 18:16:49.793332,386,61,medium
2023-11-16 18:16:50.278483,1074,411,long
2023-11-16 18:16:50.775992,209,162,medium
2023-11-16 18:16:50.867323,1099,455,long
2023-11-16 18:16:51.568900,120,12,short
2023-11-16 18:16:51.591588,126,173,short
2023-11-16 18:16:51.616450,416,140,medium
2023-11-16 18:16:51.621380,4074,40,long
2023-11-16 18:16:51.670858,394,83,medium
2023-11-16 18:16:51.744675,1043,399,long
2023-11-16 18:16:51.744746,1099,396,long
2023-11-16 18:16:51.746601,857,91,long
2023-11-16 18:16:52.028897,209,217,medium
2023-11-16 18:16:52.212186,1109,365,long
2023-11-16 18:16:52.395686,993,441,long
2023-11-16 18:16:52.466841,888,418,long
2023-11-16 18:16:52.990761,2294,72,long
2023-11-16 18:16:53.084080,1141,388,long
2023-11-16 18:16:53.192203,1067,394,long
2023-11-16 18:16:53.304819,1116,423,long
2023-11-16 18:16:53.336274,416,79,medium
2023-11-16 18:16:53.374058,1126,520,long
2023-11-16 18:16:53.392225,203,179,medium
2023-11-16 18:16:53.926518,379,144,medium
2023-11-16 18:16:54.120523,56,164,short
2023-11-16 18:16:54.610999,1232,410,long
2023-11-16 18:16:54.613642,209,162,medium
2023-11-16 18:16:54.646680,206,162,medium
2023-11-16 18:16:55.362799,1083,378,long
2023-11-16 18:16:55.698333,171,183,medium
2023-11-16 18:16:56.776455,982,429,long
2023-11-16 18:16:56.968061,2208,87,long
2023-11-16 18:16:57.138540,374,54,medium
2023-11-16 18:16:57.594111,1019,413,long
2023-11-16 18:16:57.658307,126,205,short
2023-11-16 18:16:58.233805,1147,396,long
2023-11-16 18:16:58.607212,1078,428,long
2023-11-16 18:16:58.939576,883,413,long
2023-11-16 18:16:59.143796,169,217,medium
2023-11-16 18:16:59.366929,1094,429,long
2023-11-16 18:16:59.452920,1001,427,long
2023-11-16 18:16:59.749697,391,93,medium
2023-11-16 18:16:59.820027,4081,38,long
2023-11-16 18:16:59.869581,1085,388,long
2023-11-16 18:16:59.965241,1064,395,long
2023-11-16 18:17:00.182274,1070,411,long
2023-11-16 18:17:00.522153,972,575,long
2023-11-16 18:17:00.687543,1099,394,long
2023-11-16 18:17:00.727585,980,384,long
2023-11-16 18:17:01.985173,1057,393,long
2023-11-16 18:17:02.307799,1082,409,long
2023-11-16 18:17:02.407116,1072,400,long
2023-11-16 18:17:02.514488,385,98,medium
2023-11-16 18:17:02.543350,78,141,short
2023-11-16 18:17:02.780314,412,100,medium
2023-11-16 18:17:02.966740,1027,388,long
2023-11-16 18:17:03.238970,1146,466,long
2023-11-16 18:17:03.429947,994,419,long
2023-11-16 18:17:03.991197,846,108,long
2023-11-16 18:17:04.227579,1140,430,long
2023-11-16 18:17:04.934932,1059,649,long
2023-11-16 18:17:04.994526,1354,200,long
2023-11-16 18:17:05.365587,167,171,medium
2023-11-16 18:17:05.388433,1792,50,long
2023-11-16 18:17:05.422247,40,134,short
2023-11-16 18:17:05.926620,407,104,medium
2023-11-16 18:17:05.996994,1065,411,long
2023-11-16 18:17:06.003670,181,241,medium
2023-11-16 18:17:06.111996,1314,137,long
2023-11-16 18:17:06.147317,181,128,medium
2023-11-16 18:17:06.467849,163,205,medium
2023-11-16 18:17:06.469553,2,93,short
2023-11-16 18:17:06.497977,1314,203,long
2023-11-16 18:17:06.676648,1056,394,long
2023-11-16 18:17:06.863273,978,442,long
2023-11-16 18:17:07.077367,1217,565,long
2023-11-16 18:17:07.101804,1056,398,long
2023-11-16 18:17:07.575946,951,445,long
2023-11-16 18:17:07.825462,1233,401,long
2023-11-16 18:17:08.309373,1317,169,long
2023-11-16 18:17:08.746682,1103,520,long
2023-11-16 18:17:08.790500,887,375,long
2023-11-16 18:17:09.094223,1123,396,long
2023-11-16 18:17:09.178339,1095,379,long
2023-11-16 18:17:09.599654,1079,419,long
2023-11-16 18:17:10.416335,1073,420,long
2023-11-16 18:17:10.478261,1147,413,long
2023-11-16 18:17:10.709692,212,183,medium
2023-11-16 18:17:11.252527,411,81,medium
2023-11-16 18:17:11.268759,380,76,medium
2023-11-16 18:17:11.277976,2522,62,long
2023-11-16 18:17:11.357555,990,468,long
2023-11-16 18:17:11.574865,1106,414,long
2023-11-16 18:17:11.644487,1117,396,long
2023-11-16 18:17:11.757004,1147,396,long
2023-11-16 18:17:12.150163,127,178,short
2023-11-16 18:17:12.413565,1021,428,long
2023-11-16 18:17:12.477067,1081,394,long
2023-11-16 18:17:12.939608,1104,394,long
2023-11-16 18:17:13.206195,1149,429,long
2023-11-16 18:17:13.401558,399,86,medium
2023-11-16 18:17:13.633749,1127,385,long
2023-11-16 18:17:13.787365,766,85,long
2023-11-16 18:17:13.839403,1073,396,long
2023-11-16 18:17:14.025964,91,16,short
2023-11-16 18:17:14.049978,922,402,long
2023-11-16 18:17:14.095061,1314,220,long
2023-11-16 18:17:14.120852,1049,396,long
2023-11-16 18:17:14.159310,1048,399,long
2023-11-16 18:17:14.653829,1180,404,long
2023-11-16 18:17:14.792367,194,217,medium
2023-11-16 18:17:15.032665,1063,396,long
2023-11-16 18:17:15.062154,206,217,medium
2023-11-16 18:17:15.406810,1083,386,long
2023-11-16 18:17:15.660693,1016,436,long
2023-11-16 18:17:15.947374,958,427,long
2023-11-16 18:17:16.076010,91,16,short
2023-11-16 18:17:16.127485,335,18,medium
2023-11-16 18:17:16.379817,895,114,long
2023-11-16 18:17:16.626272,1004,532,long
2023-11-16 18:17:16.923177,194,223,medium
2023-11-16 18:17:17.603286,1001,427,long
2023-11-16 18:17:17.695141,954,390,long
2023-11-16 18:17:17.989455,4083,44,long
2023-11-16 18:17:18.067297,203,217,medium
2023-11-16 18:17:18.111292,980,385,long
2023-11-16 18:17:18.555266,91,24,short
2023-11-16 18:17:18.656239,428,102,medium
2023-11-16 18:17:18.944136,878,110,long
2023-11-16 18:17:18.970143,4088,41,long
2023-11-16 18:17:19.165571,212,164,medium
2023-11-16 18:17:19.744989,982,411,long
2023-11-16 18:17:20.733625,445,174,medium
2023-11-16 18:17:20.743119,394,86,medium
2023-11-16 18:17:20.781752,1023,421,long
2023-11-16 18:17:21.008327,1314,152,long
2023-11-16 18:17:21.192649,1009,420,long
2023-11-16 18:17:21.333317,1007,375,long
2023-11-16 18:17:21.626044,1161,373,long
2023-11-16 18:17:21.672157,4085,52,long
2023-11-16 18:17:22.096387,1067,429,long
2023-11-16 18:17:22.656943,1038,409,long
2023-11-16 18:17:23.172163,1136,422,long
2023-11-16 18:17:23.281803,169,217,medium
2023-11-16 18:17:23.402763,313,18,medium
2023-11-16 18:17:23.500645,1116,574,long
2023-11-16 18:17:23.688558,1240,501,long
2023-11-16 18:17:23.694739,1060,58,long
2023-11-16 18:17:23.716646,209,167,medium
2023-11-16 18:17:23.821597,428,108,medium
2023-11-16 18:17:24.046640,1093,414,long
2023-11-16 18:17:24.636223,1045,585,long
2023-11-16 18:17:24.859307,435,111,medium
2023-11-16 18:17:25.091097,1037,390,long
2023-11-16 18:17:25.641261,422,95,medium
2023-11-16 18:17:26.306163,1313,201,long
2023-11-16 18:17:26.325402,1184,394,long
2023-11-16 18:17:26.330838,1001,396,long
2023-11-16 18:17:26.570800,890,387,long
2023-11-16 18:17:26.777146,181,140,medium
2023-11-16 18:17:27.126749,1119,397,long
2023-11-16 18:17:27.262782,407,92,medium
2023-11-16 18:17:27.738305,1188,388,long
2023-11-16 18:17:27.844350,1016,375,long
2023-11-16 18:17:28.141558,1095,417,long
2023-11-16 18:17:28.251496,1027,395,long
2023-11-16 18:17:28.402147,1102,455,long
2023-11-16 18:17:28.748156,1026,429,long
2023-11-16 18:17:28.881687,1996,70,long
2023-11-16 18:17:28.913102,1314,139,long
2023-11-16 18:17:28.931046,181,173,medium
2023-11-16 18:17:29.101136,1049,397,long
2023-11-16 18:17:29.254051,1132,414,long
2023-11-16 18:17:29.263075,1088,386,long
2023-11-16 18:17:29.539342,125,205,short
2023-11-16 18:17:30.163708,2396,69,long
2023-11-16 18:17:30.192651,206,167,medium
2023-11-16 18:17:30.410493,376,73,medium
2023-11-16 18:17:31.036748,127,198,short
2023-11-16 18:17:31.240118,4078,49,long
2023-11-16 18:17:31.596823,404,109,medium
2023-11-16 18:17:31.956268,1026,409,long
2023-11-16 18:17:32.158522,1199,394,long
2023-11-16 18:17:32.512790,91,16,short
2023-11-16 18:17:32.633128,1013,422,long
2023-11-16 18:17:32.660913,990,392,long
2023-11-16 18:17:32.792514,4083,38,long
2023-11-16 18:17:33.010802,1314,200,long
2023-11-16 18:17:33.070598,1069,499,long
2023-11-16 18:17:33.088968,1017,519,long
2023-11-16 18:17:33.688133,200,183,medium
2023-11-16 18:17:33.879047,124,204,short
2023-11-16 18:17:34.027031,895,393,long
2023-11-16 18:17:34.637397,399,112,medium
2023-11-16 18:17:34.735656,410,95,medium
2023-11-16 18:17:35.304829,1107,388,long
2023-11-16 18:17:35.731487,212,217,medium
2023-11-16 18:17:36.041239,1007,385,long
2023-11-16 18:17:36.790526,1052,652,long
2023-11-16 18:17:36.795521,1143,388,long
2023-11-16 18:17:37.040460,307,18,medium
2023-11-16 18:17:37.297357,392,91,medium
2023-11-16 18:17:37.501060,129,185,medium
2023-11-16 18:17:37.532615,129,159,medium
2023-11-16 18:17:37.804880,936,431,long
2023-11-16 18:17:37.975818,128,205,short
2023-11-16 18:17:38.222357,1025,388,long
2023-11-16 18:17:38.747501,203,217,medium
2023-11-16 18:17:39.159149,431,97,medium
2023-11-16 18:17:39.305979,1000,396,long
2023-11-16 18:17:39.413010,1045,496,long
2023-11-16 18:17:39.670230,165,192,medium
2023-11-16 18:17:39.895779,1163,429,long
2023-11-16 18:17:40.130898,1143,580,long
2023-11-16 18:17:40.498422,1012,389,long
2023-11-16 18:17:40.522792,1121,433,long
2023-11-16 18:17:40.621010,971,373,long
2023-11-16 18:17:40.767977,1088,377,long
2023-11-16 18:17:41.203300,1028,498,long
2023-11-16 18:17:41.333000,127,202,short
2023-11-16 18:17:41.436821,1139,371,long
2023-11-16 18:17:41.444674,1100,414,long
2023-11-16 18:17:41.471383,1019,403,long
2023-11-16 18:17:42.011355,1022,443,long
2023-11-16 18:17:42.053809,1176,373,long
2023-11-16 18:17:42.078923,1007,403,long
2023-11-16 18:17:42.606324,382,38,medium
2023-11-16 18:17:43.187722,396,107,medium
2023-11-16 18:17:43.214363,401,147,medium
2023-11-16 18:17:43.301949,882,135,long
2023-11-16 18:17:44.106420,1161,429,long
2023-11-16 18:17:44.213127,21,139,short
2023-11-16 18:17:44.348634,1053,383,long
2023-11-16 18:17:44.633100,402,102,medium
2023-11-16 18:17:44.648416,1037,434,long
2023-11-16 18:17:45.077877,4077,81,long
2023-11-16 18:17:45.232909,945,504,long
2023-11-16 18:17:45.627189,1050,403,long
2023-11-16 18:17:45.992446,1036,386,long
2023-11-16 18:17:46.023434,4075,91,long
2023-11-16 18:17:46.089999,1062,413,long
2023-11-16 18:17:46.140235,4105,67,long
2023-11-16 18:17:46.255429,1070,398,long
2023-11-16 18:17:46.580493,206,181,medium
2023-11-16 18:17:46.803834,419,130,medium
2023-11-16 18:17:46.820502,181,132,medium
2023-11-16 18:17:46.900109,1127,415,long
2023-11-16 18:17:47.192903,1043,394,long
2023-11-16 18:17:47.548457,4082,104,long
2023-11-16 18:17:47.757403,413,95,medium
2023-11-16 18:17:47.971090,934,378,long
2023-11-16 18:17:48.515879,1039,379,long
2023-11-16 18:17:49.498017,91,24,short
2023-11-16 18:17:49.703488,1017,393,long
2023-11-16 18:17:49.711926,1007,468,long
2023-11-16 18:17:49.745204,375,66,medium
2023-11-16 18:17:49.960141,10,146,short
2023-11-16 18:17:50.095268,994,414,long
2023-11-16 18:17:50.213797,298,18,medium
2023-11-16 18:17:50.346111,1002,388,long
2023-11-16 18:17:50.458189,1021,390,long
2023-11-16 18:17:50.939875,209,217,medium
2023-11-16 18:17:51.087129,386,96,medium
2023-11-16 18:17:51.122835,1092,415,long
2023-11-16 18:17:51.362226,403,142,medium
2023-11-16 18:17:51.367712,415,101,medium
2023-11-16 18:17:51.402889,1013,363,long
2023-11-16 18:17:51.514713,1014,395,long
2023-11-16 18:17:51.615061,1034,377,long
2023-11-16 18:17:51.783677,1002,396,long
2023-11-16 18:17:52.130230,1149,516,long
2023-11-16 18:17:52.395391,1112,403,long
2023-11-16 18:17:52.464503,1314,159,long
2023-11-16 18:17:52.573493,1917,56,long
2023-11-16 18:17:52.905366,1043,431,long
2023-11-16 18:17:52.918540,1032,421,long
2023-11-16 18:17:53.052592,1093,382,long
2023-11-16 18:17:53.077132,1173,429,long
2023-11-16 18:17:53.846921,203,189,medium
2023-11-16 18:17:54.024812,390,97,medium
2023-11-16 18:17:54.554840,4085,59,long
2023-11-16 18:17:54.571116,4090,56,long
2023-11-16 18:17:54.672396,409,93,medium
2023-11-16 18:17:54.777954,402,92,medium
2023-11-16 18:17:54.969125,1354,225,long
2023-11-16 18:17:55.499030,181,213,medium
2023-11-16 18:17:55.562818,1035,414,long
2023-11-16 18:17:55.693064,1033,420,long
2023-11-16 18:17:55.782032,206,179,medium
2023-11-16 18:17:55.941019,888,426,long
2023-11-16 18:17:56.015461,209,183,medium
2023-11-16 18:17:56.186199,1102,433,long
2023-11-16 18:17:56.357665,1007,424,long
2023-11-16 18:17:56.412613,203,167,medium
2023-11-16 18:17:56.494184,1173,421,long
2023-11-16 18:17:56.499514,1080,371,long
2023-11-16 18:17:56.778433,395,92,medium
2023-11-16 18:17:56.786632,1011,677,long
2023-11-16 18:17:57.106731,91,24,short
2023-11-16 18:17:57.163935,209,167,medium
2023-11-16 18:17:57.490528,1159,399,long
2023-11-16 18:17:57.589100,463,739,medium
2023-11-16 18:17:57.773165,1094,398,long
2023-11-16 18:17:57.774764,130,199,medium
2023-11-16 18:17:58.051041,203,162,medium
2023-11-16 18:17:58.407467,206,217,medium
2023-11-16 18:17:58.807448,1003,373,long
2023-11-16 18:17:59.076294,376,88,medium
2023-11-16 18:17:59.462928,401,125,medium
2023-11-16 18:17:59.761739,1023,427,long
2023-11-16 18:18:00.072961,197,217,medium
2023-11-16 18:18:00.116779,91,16,short
2023-11-16 18:18:00.913660,77,187,short
2023-11-16 18:18:01.052249,4083,67,long
2023-11-16 18:18:01.150027,1056,396,long
2023-11-16 18:18:01.536558,1033,397,long
2023-11-16 18:18:01.561479,1118,378,long
2023-11-16 18:18:01.612288,1269,152,long
2023-11-16 18:18:01.726731,1035,401,long
2023-11-16 18:18:01.807337,1256,414,long
2023-11-16 18:18:01.809489,1211,450,long
2023-11-16 18:18:01.833493,396,89,medium
2023-11-16 18:18:02.081309,4078,46,long
2023-11-16 18:18:02.094153,91,16,short
2023-11-16 18:18:02.319754,1066,421,long
2023-11-16 18:18:02.409739,91,24,short
2023-11-16 18:18:02.505161,414,79,medium
2023-11-16 18:18:02.800492,378,52,medium
2023-11-16 18:18:02.907521,385,112,medium
2023-11-16 18:18:03.761147,1314,285,long
2023-11-16 18:18:04.186830,401,88,medium
2023-11-16 18:18:04.835395,404,98,medium
2023-11-16 18:18:04.841063,91,16,short
2023-11-16 18:18:05.120177,194,188,medium
2023-11-16 18:18:05.256593,4086,64,long
2023-11-16 18:18:05.484642,1111,389,long
2023-11-16 18:18:05.722347,1125,395,long
2023-11-16 18:18:05.946463,1013,421,long
2023-11-16 18:18:06.043823,847,89,long
2023-11-16 18:18:06.894663,375,101,medium
2023-11-16 18:18:06.945158,1046,393,long
2023-11-16 18:18:07.025176,395,58,medium
2023-11-16 18:18:07.143242,402,86,medium
2023-11-16 18:18:07.454985,1207,386,long
2023-11-16 18:18:07.545677,997,415,long
2023-11-16 18:18:07.733719,191,162,medium
2023-11-16 18:18:07.909104,978,430,long
2023-11-16 18:18:07.954730,200,217,medium
2023-11-16 18:18:08.153085,1160,421,long
2023-11-16 18:18:08.194969,1216,466,long
2023-11-16 18:18:08.196483,912,427,long
2023-11-16 18:18:08.197483,181,104,medium
2023-11-16 18:18:08.357215,206,162,medium
2023-11-16 18:18:08.944930,1010,396,long
2023-11-16 18:18:09.111661,975,68,long
2023-11-16 18:18:09.518872,1033,396,long
2023-11-16 18:18:09.673770,163,157,medium
2023-11-16 18:18:09.864542,382,62,medium
2023-11-16 18:18:09.875641,1082,426,long
2023-11-16 18:18:10.047613,1311,415,long
2023-11-16 18:18:10.084284,200,217,medium
2023-11-16 18:18:10.087335,4093,91,long
2023-11-16 18:18:10.098311,91,16,short
2023-11-16 18:18:10.175801,181,85,medium
2023-11-16 18:18:10.245398,1004,412,long
2023-11-16 18:18:10.723391,1315,144,long
2023-11-16 18:18:10.980557,203,161,medium
2023-11-16 18:18:11.316608,960,403,long
2023-11-16 18:18:12.067383,1032,387,long
2023-11-16 18:18:12.129151,1144,396,long
2023-11-16 18:18:12.140087,414,130,medium
2023-11-16 18:18:12.140373,399,86,medium
2023-11-16 18:18:12.469832,1113,98,long
2023-11-16 18:18:12.525932,181,107,medium
2023-11-16 18:18:12.735338,161,193,medium
2023-11-16 18:18:12.933048,1001,398,long
2023-11-16 18:18:13.100133,371,54,medium
2023-11-16 18:18:13.232485,1176,385,long
2023-11-16 18:18:13.410271,1061,429,long
2023-11-16 18:18:13.637014,886,95,long
2023-11-16 18:18:13.720696,4101,58,long
2023-11-16 18:18:13.851662,1137,428,long
2023-11-16 18:18:13.906251,1245,389,long
2023-11-16 18:18:13.936403,401,103,medium
2023-11-16 18:18:14.077491,405,83,medium
2023-11-16 18:18:14.289342,1319,169,long
2023-11-16 18:18:14.676213,1052,429,long
2023-11-16 18:18:14.869720,91,24,short
2023-11-16 18:18:14.938473,1062,393,long
2023-11-16 18:18:14.940569,2042,52,long
2023-11-16 18:18:14.958219,4080,74,long
2023-11-16 18:18:15.610963,328,18,medium
2023-11-16 18:18:15.659632,8,122,short
2023-11-16 18:18:15.826631,1313,156,long
2023-11-16 18:18:15.893049,2278,45,long
2023-11-16 18:18:15.943087,1129,414,long
2023-11-16 18:18:15.953142,405,110,medium
2023-11-16 18:18:16.098407,393,105,medium
2023-11-16 18:18:16.409486,167,187,medium
2023-11-16 18:18:16.426972,1040,456,long
2023-11-16 18:18:16.657787,1113,399,long
2023-11-16 18:18:16.692332,1042,411,long
2023-11-16 18:18:16.713067,1180,414,long
2023-11-16 18:18:16.744529,1069,426,long
2023-11-16 18:18:16.868125,209,217,medium
2023-11-16 18:18:17.573135,1065,426,long
2023-11-16 18:18:17.577151,128,173,short
2023-11-16 18:18:17.587479,4082,50,long
2023-11-16 18:18:17.587723,1037,415,long
2023-11-16 18:18:17.835933,966,403,long
2023-11-16 18:18:17.851015,380,99,medium
2023-11-16 18:18:18.006472,1087,396,long
2023-11-16 18:18:18.061479,218,179,medium
2023-11-16 18:18:18.100266,387,75,medium
2023-11-16 18:18:18.197115,1000,498,long
2023-11-16 18:18:19.102027,383,114,medium
2023-11-16 18:18:19.144031,1093,429,long
2023-11-16 18:18:19.542541,1262,390,long
2023-11-16 18:18:19.693882,1473,450,long
2023-11-16 18:18:20.405084,1127,563,long
2023-11-16 18:18:21.239271,1076,464,long
2023-11-16 18:18:21.342863,1067,393,long
2023-11-16 18:18:21.350214,402,73,medium
2023-11-16 18:18:21.459482,209,179,medium
2023-11-16 18:18:21.682754,1047,401,long
2023-11-16 18:18:22.018550,200,193,medium
2023-11-16 18:18:22.278108,942,404,long
2023-11-16 18:18:22.451789,1072,446,long
2023-11-16 18:18:22.536085,1232,419,long
2023-11-16 18:18:22.664210,373,91,medium
2023-11-16 18:18:22.819738,999,395,long
2023-11-16 18:18:22.945277,1146,426,long
2023-11-16 18:18:23.417813,1049,667,long
2023-11-16 18:18:23.766109,1130,375,long
2023-11-16 18:18:23.766244,1009,419,long
2023-11-16 18:18:24.005847,1317,320,long
2023-11-16 18:18:24.026072,921,114,long
2023-11-16 18:18:24.151145,4084,34,long
2023-11-16 18:18:24.201617,1157,429,long
2023-11-16 18:18:24.282147,1093,425,long
2023-11-16 18:18:24.318085,1035,405,long
2023-11-16 18:18:24.320161,1009,395,long
2023-11-16 18:18:24.348864,4091,40,long
2023-11-16 18:18:24.402520,482,73,medium
2023-11-16 18:18:24.680716,4076,38,long
2023-11-16 18:18:24.681363,401,104,medium
2023-11-16 18:18:24.745978,1046,429,long
2023-11-16 18:18:25.106333,1230,389,long
2023-11-16 18:18:25.124384,161,159,medium
2023-11-16 18:18:25.733591,26,238,short
2023-11-16 18:18:25.753974,1108,399,long
2023-11-16 18:18:25.891723,378,124,medium
2023-11-16 18:18:25.894653,1051,410,long
2023-11-16 18:18:26.147399,2,93,short
2023-11-16 18:18:26.314157,1001,373,long
2023-11-16 18:18:26.372356,1059,429,long
2023-11-16 18:18:26.528459,996,385,long
2023-11-16 18:18:26.539701,1096,396,long
2023-11-16 18:18:26.627344,417,98,medium
2023-11-16 18:18:26.944890,1139,396,long
2023-11-16 18:18:27.078995,310,18,medium
2023-11-16 18:18:27.385777,1027,482,long
2023-11-16 18:18:27.480538,1007,388,long
2023-11-16 18:18:27.525528,161,150,medium
2023-11-16 18:18:27.734181,4099,55,long
2023-11-16 18:18:27.901573,1025,394,long
2023-11-16 18:18:27.960020,1044,413,long
2023-11-16 18:18:28.081795,404,108,medium
2023-11-16 18:18:28.119452,1036,425,long
2023-11-16 18:18:28.184204,1098,396,long
2023-11-16 18:18:28.357412,405,105,medium
2023-11-16 18:18:28.382618,4074,50,long
2023-11-16 18:18:28.396508,1269,451,long
2023-11-16 18:18:28.496777,788,51,long
2023-11-16 18:18:29.164299,918,397,long
2023-11-16 18:18:29.344932,206,179,medium
2023-11-16 18:18:29.437293,4076,51,long
2023-11-16 18:18:29.710100,1068,664,long
2023-11-16 18:18:30.241220,1042,472,long
2023-11-16 18:18:30.256463,417,92,medium
2023-11-16 18:18:30.437646,409,146,medium
2023-11-16 18:18:30.457444,1002,373,long
2023-11-16 18:18:30.936764,942,104,long
2023-11-16 18:18:31.152832,983,414,long
2023-11-16 18:18:31.259748,4088,67,long
2023-11-16 18:18:31.343692,1113,1000,long
2023-11-16 18:18:31.420040,203,217,medium
2023-11-16 18:18:31.503931,435,83,medium
2023-11-16 18:18:31.531936,4086,37,long
2023-11-16 18:18:31.694504,91,16,short
2023-11-16 18:18:31.784203,1071,386,long
2023-11-16 18:18:32.157017,167,217,medium
2023-11-16 18:18:32.158107,200,161,medium
2023-11-16 18:18:32.292175,181,92,medium
2023-11-16 18:18:32.471878,181,118,medium
2023-11-16 18:18:32.918881,4090,45,long
2023-11-16 18:18:32.969015,1201,546,long
2023-11-16 18:18:32.971607,1208,400,long
2023-11-16 18:18:33.133396,373,57,medium
2023-11-16 18:18:33.430498,1005,407,long
2023-11-16 18:18:33.519540,130,199,medium
2023-11-16 18:18:33.748116,1008,398,long
2023-11-16 18:18:33.849552,91,16,short
2023-11-16 18:18:34.127122,392,109,medium
2023-11-16 18:18:34.198974,394,94,medium
2023-11-16 18:18:34.377329,988,466,long
2023-11-16 18:18:34.417026,1146,380,long
2023-11-16 18:18:34.474413,4089,67,long
2023-11-16 18:18:34.514489,1091,436,long
2023-11-16 18:18:35.030749,379,87,medium
2023-11-16 18:18:35.164247,411,93,medium
2023-11-16 18:18:35.452205,4083,62,long
2023-11-16 18:18:36.272080,396,65,medium
2023-11-16 18:18:36.335262,4088,107,long
2023-11-16 18:18:36.561044,4073,29,long
2023-11-16 18:18:36.590261,1060,396,long
2023-11-16 18:18:36.623203,1046,429,long
2023-11-16 18:18:36.637920,398,79,medium
2023-11-16 18:18:36.900941,3067,101,long
2023-11-16 18:18:37.292460,381,99,medium
2023-11-16 18:18:37.497721,1117,428,long
2023-11-16 18:18:37.582926,383,69,medium
2023-11-16 18:18:37.592435,403,106,medium
2023-11-16 18:18:37.833121,377,69,medium
2023-11-16 18:18:37.944266,403,101,medium
2023-11-16 18:18:38.285325,1145,396,long
2023-11-16 18:18:38.467211,1209,403,long
2023-11-16 18:18:38.610986,893,455,long
2023-11-16 18:18:39.253915,1036,411,long
2023-11-16 18:18:39.403540,203,217,medium
2023-11-16 18:18:39.676902,200,217,medium
2023-11-16 18:18:39.677270,299,18,medium
2023-11-16 18:18:39.911668,1142,436,long
2023-11-16 18:18:40.155925,1318,234,long
2023-11-16 18:18:40.866442,323,18,medium
2023-11-16 18:18:41.019221,1023,416,long
2023-11-16 18:18:41.139518,1039,593,long
2023-11-16 18:18:41.361939,1024,414,long
2023-11-16 18:18:41.847666,206,165,medium
2023-11-16 18:18:41.886262,371,97,medium
2023-11-16 18:18:42.069941,373,66,medium
2023-11-16 18:18:42.120585,385,73,medium
2023-11-16 18:18:42.213636,203,167,medium
2023-11-16 18:18:42.562662,398,132,medium
2023-11-16 18:18:42.656157,1241,421,long
2023-11-16 18:18:42.679836,1050,374,long
2023-11-16 18:18:42.804487,4075,63,long
2023-11-16 18:18:43.006052,401,86,medium
2023-11-16 18:18:43.099136,1436,386,long
2023-11-16 18:18:43.287402,389,65,medium
2023-11-16 18:18:43.511646,386,49,medium
2023-11-16 18:18:43.542117,1069,426,long
2023-11-16 18:18:43.574926,212,217,medium
2023-11-16 18:18:43.604367,991,373,long
2023-11-16 18:18:43.680278,181,112,medium
2023-11-16 18:18:44.015623,4082,210,long
2023-11-16 18:18:44.106968,395,142,medium
2023-11-16 18:18:44.876327,1007,451,long
2023-11-16 18:18:44.901053,395,91,medium
2023-11-16 18:18:45.394213,324,18,medium
2023-11-16 18:18:45.427257,200,167,medium
2023-11-16 18:18:45.449439,397,103,medium
2023-11-16 18:18:45.449591,4074,67,long
2023-11-16 18:18:45.513051,452,101,medium
2023-11-16 18:18:45.634025,391,93,medium
2023-11-16 18:18:45.719206,1061,429,long
2023-11-16 18:18:45.841649,1007,379,long
2023-11-16 18:18:46.036902,398,99,medium
2023-11-16 18:18:46.055345,913,398,long
2023-11-16 18:18:46.177306,999,412,long
2023-11-16 18:18:46.228729,385,84,medium
2023-11-16 18:18:46.238098,4096,45,long
2023-11-16 18:18:46.575842,1161,408,long
2023-11-16 18:18:47.002862,396,113,medium
2023-11-16 18:18:47.305046,4080,35,long
2023-11-16 18:18:47.423709,200,188,medium
2023-11-16 18:18:47.484973,1116,401,long
2023-11-16 18:18:47.514212,1046,531,long
2023-11-16 18:18:47.652996,1015,397,long
2023-11-16 18:18:47.670525,396,95,medium
2023-11-16 18:18:47.752575,1320,201,long
2023-11-16 18:18:47.755780,1040,396,long
2023-11-16 18:18:47.780363,416,153,medium
2023-11-16 18:18:47.915915,384,61,medium
2023-11-16 18:18:48.323320,1288,418,long
2023-11-16 18:18:48.405845,203,162,medium
2023-11-16 18:18:48.424485,400,82,medium
2023-11-16 18:18:48.581865,209,217,medium
2023-11-16 18:18:48.607381,402,134,medium
2023-11-16 18:18:48.639919,906,146,long
2023-11-16 18:18:48.724982,1312,204,long
2023-11-16 18:18:48.819357,4076,92,long
2023-11-16 18:18:49.204967,1042,373,long
2023-11-16 18:18:49.265281,128,205,short
2023-11-16 18:18:49.606039,1067,398,long
2023-11-16 18:18:49.678708,1170,398,long
2023-11-16 18:18:50.042792,1129,396,long
2023-11-16 18:18:50.457004,4075,52,long
2023-11-16 18:18:50.547951,401,144,medium
2023-11-16 18:18:50.678429,1032,401,long
2023-11-16 18:18:50.779518,407,122,medium
2023-11-16 18:18:50.828575,1102,425,long
2023-11-16 18:18:51.008206,1088,407,long
2023-11-16 18:18:51.221593,385,107,medium
2023-11-16 18:18:51.265971,967,398,long
2023-11-16 18:18:51.351963,395,83,medium
2023-11-16 18:18:51.498490,1160,392,long
2023-11-16 18:18:51.668792,1019,413,long
2023-11-16 18:18:51.759225,4082,31,long
2023-11-16 18:18:52.231232,181,172,medium
2023-11-16 18:18:52.362631,91,24,short
2023-11-16 18:18:52.442565,409,125,medium
2023-11-16 18:18:52.462626,383,58,medium
2023-11-16 18:18:52.532109,1363,363,long
2023-11-16 18:18:52.538513,1034,550,long
2023-11-16 18:18:52.545999,200,174,medium
2023-11-16 18:18:52.602197,4083,46,long
2023-11-16 18:18:53.016257,4119,36,long
2023-11-16 18:18:53.177463,998,373,long
2023-11-16 18:18:53.301873,203,217,medium
2023-11-16 18:18:53.571329,1317,268,long
2023-11-16 18:18:53.614412,1001,399,long
2023-11-16 18:18:53.734754,167,168,medium
2023-11-16 18:18:53.862282,1093,429,long
2023-11-16 18:18:53.896660,3053,69,long
2023-11-16 18:18:53.957934,373,27,medium
2023-11-16 18:18:53.989302,4080,61,long
2023-11-16 18:18:54.295378,209,194,medium
2023-11-16 18:18:54.512861,1314,161,long
2023-11-16 18:18:54.540755,91,16,short
2023-11-16 18:18:54.779472,2584,150,long
2023-11-16 18:18:54.784104,1072,446,long
2023-11-16 18:18:55.045084,370,69,medium
2023-11-16 18:18:55.050942,379,88,medium
2023-11-16 18:18:55.075344,1129,136,long
2023-11-16 18:18:55.128346,372,90,medium
2023-11-16 18:18:55.291442,1297,368,long
2023-11-16 18:18:55.299865,1012,420,long
2023-11-16 18:18:55.301533,377,53,medium
2023-11-16 18:18:55.491002,1191,411,long
2023-11-16 18:18:55.567771,4078,62,long
2023-11-16 18:18:56.303979,393,101,medium
2023-11-16 18:18:56.481158,1208,413,long
2023-11-16 18:18:56.831507,379,62,medium
2023-11-16 18:18:57.189741,4132,75,long
2023-11-16 18:18:57.535641,394,70,medium
2023-11-16 18:18:57.574433,425,96,medium
2023-11-16 18:18:57.709719,313,18,medium
2023-11-16 18:18:57.739116,134,202,medium
2023-11-16 18:18:57.800810,181,418,medium
2023-11-16 18:18:58.386619,1027,405,long
2023-11-16 18:18:58.530935,1035,431,long
2023-11-16 18:18:58.638322,391,93,medium
2023-11-16 18:18:58.815947,395,118,medium
2023-11-16 18:18:59.521717,371,58,medium
2023-11-16 18:18:59.863956,1098,396,long
2023-11-16 18:18:59.955216,1296,398,long
2023-11-16 18:19:00.042276,124,159,short
2023-11-16 18:19:00.201052,394,104,medium
2023-11-16 18:19:00.283515,1230,399,long
2023-11-16 18:19:00.542280,2786,99,long
2023-11-16 18:19:00.693233,380,74,medium
2023-11-16 18:19:00.875815,91,16,short
2023-11-16 18:19:01.552031,1298,402,long
2023-11-16 18:19:01.571827,4077,40,long
2023-11-16 18:19:01.738410,1101,405,long
2023-11-16 18:19:01.926835,998,518,long
2023-11-16 18:19:02.079356,378,52,medium
2023-11-16 18:19:02.087984,1033,394,long
2023-11-16 18:19:02.124222,4085,53,long
2023-11-16 18:19:02.168951,4126,113,long
2023-11-16 18:19:02.198754,395,90,medium
2023-11-16 18:19:02.571164,4075,58,long
2023-11-16 18:19:03.106103,1120,415,long
2023-11-16 18:19:03.201761,420,104,medium
2023-11-16 18:19:03.462741,1138,396,long
2023-11-16 18:19:03.882560,406,89,medium
2023-11-16 18:19:03.989817,1314,152,long
2023-11-16 18:19:04.145020,4089,68,long
2023-11-16 18:19:04.500502,1057,445,long
2023-11-16 18:19:04.765523,4095,50,long
2023-11-16 18:19:05.318020,1074,403,long
2023-11-16 18:19:05.479531,1133,432,long
2023-11-16 18:19:05.499996,1110,451,long
2023-11-16 18:19:05.503072,1005,111,long
2023-11-16 18:19:05.504167,853,106,long
2023-11-16 18:19:05.776355,1198,396,long
2023-11-16 18:19:05.839782,372,61,medium
2023-11-16 18:19:06.259039,4084,66,long
2023-11-16 18:19:06.696233,381,91,medium
2023-11-16 18:19:06.859896,1112,404,long
2023-11-16 18:19:07.005829,956,75,long
2023-11-16 18:19:07.017667,431,99,medium
2023-11-16 18:19:07.358756,957,414,long
2023-11-16 18:19:07.454066,400,85,medium
2023-11-16 18:19:07.552690,2436,83,long
2023-11-16 18:19:07.832728,4075,28,long
2023-11-16 18:19:08.042677,394,93,medium
2023-11-16 18:19:08.760647,1216,456,long
2023-11-16 18:19:08.826042,1398,44,long
2023-11-16 18:19:09.061546,218,179,medium
2023-11-16 18:19:09.119534,4100,48,long
2023-11-16 18:19:09.167488,391,93,medium
2023-11-16 18:19:09.287606,383,83,medium
2023-11-16 18:19:09.384511,22,147,short
2023-11-16 18:19:09.716069,1247,398,long
2023-11-16 18:19:09.762818,1318,139,long
2023-11-16 18:19:09.901038,203,193,medium
2023-11-16 18:19:10.083122,1135,410,long
2023-11-16 18:19:10.204051,1009,393,long
2023-11-16 18:19:10.228320,1249,413,long
2023-11-16 18:19:10.431655,391,94,medium
2023-11-16 18:19:10.456957,163,158,medium
2023-11-16 18:19:10.580683,404,71,medium
2023-11-16 18:19:10.795500,871,103,long
2023-11-16 18:19:11.000398,4091,87,long
2023-11-16 18:19:11.322319,978,401,long
2023-11-16 18:19:11.619700,372,28,medium
2023-11-16 18:19:11.857931,372,67,medium
2023-11-16 18:19:12.132231,1165,411,long
2023-11-16 18:19:12.179254,1262,373,long
2023-11-16 18:19:12.372103,1216,421,long
2023-11-16 18:19:12.421874,237,14,medium
2023-11-16 18:19:12.452705,91,24,short
2023-11-16 18:19:12.457469,1196,385,long
2023-11-16 18:19:12.665193,1116,411,long
2023-11-16 18:19:12.919743,1102,427,long
2023-11-16 18:19:13.113824,414,84,medium
2023-11-16 18:19:13.531363,392,74,medium
2023-11-16 18:19:13.781326,386,57,medium
2023-11-16 18:19:14.282516,1111,415,long
2023-11-16 18:19:14.346912,997,393,long
2023-11-16 18:19:14.357774,987,393,long
2023-11-16 18:19:15.042922,203,167,medium
2023-11-16 18:19:15.119184,3744,67,long
2023-11-16 18:19:15.320341,209,217,medium
2023-11-16 18:19:15.370615,908,90,long
2023-11-16 18:19:15.637251,404,126,medium
2023-11-16 18:19:15.809016,1296,448,long
2023-11-16 18:19:16.183141,396,87,medium
2023-11-16 18:19:16.341294,1035,411,long
2023-11-16 18:19:16.422708,416,99,medium
2023-11-16 18:19:16.560507,167,205,medium
2023-11-16 18:19:16.686218,2584,174,long
2023-11-16 18:19:16.698244,907,429,long
2023-11-16 18:19:16.735107,429,108,medium
2023-11-16 18:19:16.784472,1361,98,long
2023-11-16 18:19:16.817909,130,173,medium
2023-11-16 18:19:16.871551,203,217,medium
2023-11-16 18:19:16.948857,126,203,short
2023-11-16 18:19:16.967093,1082,105,long
2023-11-16 18:19:17.158915,397,54,medium
2023-11-16 18:19:17.187674,4093,35,long
2023-11-16 18:19:17.838014,383,72,medium
2023-11-16 18:19:17.919364,416,144,medium
2023-11-16 18:19:18.095958,1072,411,long
2023-11-16 18:19:18.124170,380,112,medium
2023-11-16 18:19:18.276822,1161,440,long
2023-11-16 18:19:18.289600,197,217,medium
2023-11-16 18:19:18.316589,2426,130,long
2023-11-16 18:19:18.457772,368,62,medium
2023-11-16 18:19:18.484971,1101,402,long
2023-11-16 18:19:18.486256,405,142,medium
2023-11-16 18:19:18.535407,181,119,medium
2023-11-16 18:19:18.620598,910,60,long
2023-11-16 18:19:18.913209,4145,40,long
2023-11-16 18:19:19.256316,994,396,long
2023-11-16 18:19:19.329771,1201,497,long
2023-11-16 18:19:19.576616,4070,77,long
2023-11-16 18:19:19.628782,4093,48,long
2023-11-16 18:19:19.951633,4093,60,long
2023-11-16 18:19:20.033647,400,95,medium
2023-11-16 18:19:20.085229,404,101,medium
2023-11-16 18:19:20.202077,4122,51,long
2023-11-16 18:19:20.304206,1001,371,long
2023-11-16 18:19:20.340305,1004,412,long
2023-11-16 18:19:20.434310,1118,385,long
2023-11-16 18:19:20.614648,391,98,medium
2023-11-16 18:19:20.661788,4084,36,long
2023-11-16 18:19:20.684014,4091,42,long
2023-11-16 18:19:20.719825,374,70,medium
2023-11-16 18:19:20.919342,395,132,medium
2023-11-16 18:19:21.015315,1318,151,long
2023-11-16 18:19:21.413124,373,126,medium
2023-11-16 18:19:21.450779,167,217,medium
2023-11-16 18:19:22.100284,404,96,medium
2023-11-16 18:19:22.527186,399,91,medium
2023-11-16 18:19:22.707983,309,18,medium
2023-11-16 18:19:22.854979,914,100,long
2023-11-16 18:19:23.225646,398,99,medium
2023-11-16 18:19:23.231724,923,416,long
2023-11-16 18:19:23.449725,392,91,medium
2023-11-16 18:19:24.250698,206,171,medium
2023-11-16 18:19:24.264244,2406,33,long
2023-11-16 18:19:24.513080,1231,416,long
2023-11-16 18:19:24.514956,1181,415,long
2023-11-16 18:19:24.755571,374,73,medium
2023-11-16 18:19:24.902430,396,120,medium
2023-11-16 18:19:24.982116,181,209,medium
2023-11-16 18:19:25.342859,4082,49,long
2023-11-16 18:19:25.459349,4079,53,long
2023-11-16 18:19:25.662843,1658,82,long
2023-11-16 18:19:25.663702,165,158,medium
2023-11-16 18:19:25.912036,405,133,medium
2023-11-16 18:19:26.149181,4119,59,long
2023-11-16 18:19:26.416015,1205,409,long
2023-11-16 18:19:26.565264,1120,397,long
2023-11-16 18:19:26.794507,367,49,medium
2023-11-16 18:19:26.998921,405,96,medium
2023-11-16 18:19:27.360443,4099,53,long
2023-11-16 18:19:27.504702,442,78,medium
2023-11-16 18:19:27.558995,4074,28,long
2023-11-16 18:19:28.089517,1009,399,long
2023-11-16 18:19:28.356719,375,94,medium
2023-11-16 18:19:28.639208,1009,399,long
2023-11-16 18:19:28.715343,1313,162,long
2023-11-16 18:19:28.773443,1133,432,long
2023-11-16 18:19:28.964266,385,77,medium
2023-11-16 18:19:29.050795,1296,405,long
2023-11-16 18:19:29.378983,1199,440,long
2023-11-16 18:19:29.390484,1321,180,long
2023-11-16 18:19:30.019987,437,92,medium
2023-11-16 18:19:30.061160,440,84,medium
2023-11-16 18:19:31.075799,381,67,medium
2023-11-16 18:19:31.182402,420,103,medium
2023-11-16 18:19:31.469837,1060,449,long
2023-11-16 18:19:31.711201,1199,373,long
2023-11-16 18:19:31.733255,390,99,medium
2023-11-16 18:19:31.869766,4122,73,long
2023-11-16 18:19:31.949698,4076,39,long
2023-11-16 18:19:32.200214,203,217,medium
2023-11-16 18:19:32.287580,999,575,long
2023-11-16 18:19:32.377619,4082,128,long
2023-11-16 18:19:32.521354,1231,463,long
2023-11-16 18:19:32.879344,1165,409,long
2023-11-16 18:19:33.000587,987,393,long
2023-11-16 18:19:33.036400,414,101,medium
2023-11-16 18:19:33.129831,396,102,medium
2023-11-16 18:19:33.172415,1865,122,long
2023-11-16 18:19:33.175224,390,83,medium
2023-11-16 18:19:33.177513,1083,429,long
2023-11-16 18:19:33.242871,373,69,medium
2023-11-16 18:19:33.974591,4085,37,long
2023-11-16 18:19:34.094336,401,89,medium
2023-11-16 18:19:34.173091,203,183,medium
2023-11-16 18:19:34.434033,1233,377,long
2023-11-16 18:19:34.832921,1133,429,long
2023-11-16 18:19:34.940256,4122,64,long
2023-11-16 18:19:34.998921,1199,396,long
2023-11-16 18:19:35.085800,1226,95,long
2023-11-16 18:19:35.174111,1031,397,long
2023-11-16 18:19:35.443745,206,189,medium
2023-11-16 18:19:35.465562,980,516,long
2023-11-16 18:19:35.474876,167,179,medium
2023-11-16 18:19:35.595931,405,128,medium
2023-11-16 18:19:35.606446,376,62,medium
2023-11-16 18:19:35.697557,1313,169,long
2023-11-16 18:19:35.700868,1320,239,long
2023-11-16 18:19:35.783186,1052,101,long
2023-11-16 18:19:36.130341,1060,658,long
2023-11-16 18:19:36.192712,1049,395,long
2023-11-16 18:19:36.331321,408,104,medium
2023-11-16 18:19:36.479478,91,16,short
2023-11-16 18:19:36.633593,1313,234,long
2023-11-16 18:19:36.884809,206,186,medium
2023-11-16 18:19:36.912127,128,159,short
2023-11-16 18:19:37.349154,4089,50,long
2023-11-16 18:19:37.362714,1150,375,long
2023-11-16 18:19:37.371818,1196,425,long
2023-11-16 18:19:37.461615,406,102,medium
2023-11-16 18:19:37.466935,388,92,medium
2023-11-16 18:19:37.529746,980,396,long
2023-11-16 18:19:37.688185,173,158,medium
2023-11-16 18:19:37.712680,407,91,medium
2023-11-16 18:19:37.757612,963,407,long
2023-11-16 18:19:37.788698,1808,56,long
2023-11-16 18:19:38.091514,379,59,medium
2023-11-16 18:19:38.178098,413,96,medium
2023-11-16 18:19:38.282437,1146,425,long
2023-11-16 18:19:38.594742,1060,397,long
2023-11-16 18:19:38.609216,191,217,medium
2023-11-16 18:19:38.823129,394,93,medium
2023-11-16 18:19:38.919936,1204,412,long
2023-11-16 18:19:38.950776,197,217,medium
2023-11-16 18:19:39.101159,1207,386,long
2023-11-16 18:19:39.193545,23,149,short
2023-11-16 18:19:39.198305,396,95,medium
2023-11-16 18:19:39.255269,923,418,long
2023-11-16 18:19:39.331710,396,96,medium
2023-11-16 18:19:39.331726,923,417,long
2023-11-16 18:19:39.352731,1262,415,long
2023-11-16 18:19:39.377661,1102,427,long
2023-11-16 18:19:39.526326,371,85,medium
2023-11-16 18:19:39.838147,4075,39,long
2023-11-16 18:19:39.943145,1186,371,long
2023-11-16 18:19:40.076960,181,111,medium
2023-11-16 18:19:40.078869,1008,373,long
2023-11-16 18:19:40.088578,1225,401,long
2023-11-16 18:19:40.213142,1181,426,long
2023-11-16 18:19:40.319638,1311,169,long
2023-11-16 18:19:40.581166,2216,49,long
2023-11-16 18:19:40.692784,200,179,medium
2023-11-16 18:19:41.743584,1060,397,long
2023-11-16 18:19:41.774142,4074,74,long
2023-11-16 18:19:42.102947,763,30,long
2023-11-16 18:19:42.467844,1353,181,long
2023-11-16 18:19:43.126958,1035,411,long
2023-11-16 18:19:43.491368,4086,75,long
2023-11-16 18:19:43.640741,394,110,medium
2023-11-16 18:19:43.950110,126,203,short
2023-11-16 18:19:43.961807,1264,440,long
2023-11-16 18:19:44.258110,91,16,short
2023-11-16 18:19:44.260514,4089,84,long
2023-11-16 18:19:44.340449,382,53,medium
2023-11-16 18:19:44.369343,395,88,medium
2023-11-16 18:19:44.466623,4089,79,long
2023-11-16 18:19:44.757376,1004,396,long
2023-11-16 18:19:44.884082,181,1000,medium
2023-11-16 18:19:45.119166,1031,397,long
2023-11-16 18:19:45.228615,416,86,medium
2023-11-16 18:19:45.652436,171,198,medium
2023-11-16 18:19:45.993950,383,76,medium
2023-11-16 18:19:46.057864,4071,46,long
2023-11-16 18:19:46.106661,1133,463,long
2023-11-16 18:19:46.483099,419,93,medium
2023-11-16 18:19:46.581889,1083,397,long
2023-11-16 18:19:46.865168,1146,394,long
2023-11-16 18:19:47.109702,385,88,medium
2023-11-16 18:19:47.731356,1264,418,long
2023-11-16 18:19:47.980498,402,103,medium
2023-11-16 18:19:48.292381,415,142,medium
2023-11-16 18:19:48.532524,386,66,medium
2023-11-16 18:19:48.970404,1312,134,long
2023-11-16 18:19:49.038771,1009,399,long
2023-11-16 18:19:49.043505,1196,373,long
2023-11-16 18:19:49.074668,1007,395,long
2023-11-16 18:19:49.314537,1024,393,long
2023-11-16 18:19:49.813255,923,468,long
2023-11-16 18:19:49.945168,1318,918,long
2023-11-16 18:19:50.118491,4085,144,long
2023-11-16 18:19:50.705979,432,95,medium
2023-11-16 18:19:51.017071,1010,429,long
2023-11-16 18:19:51.334423,371,78,medium
2023-11-16 18:19:51.469677,403,91,medium
2023-11-16 18:19:51.664571,2636,82,long
2023-11-16 18:19:51.860668,389,94,medium
2023-11-16 18:19:52.091828,1072,468,long
2023-11-16 18:19:52.459875,391,116,medium
2023-11-16 18:19:52.544420,396,105,medium
2023-11-16 18:19:53.254663,4083,97,long
2023-11-16 18:19:53.297717,209,179,medium
2023-11-16 18:19:53.551026,1136,401,long
2023-11-16 18:19:54.146513,206,183,medium
2023-11-16 18:19:54.167238,203,162,medium
2023-11-16 18:19:54.439551,1025,414,long
2023-11-16 18:19:54.564608,2516,75,long
2023-11-16 18:19:54.702278,944,40,long
2023-11-16 18:19:54.809951,1227,625,long
2023-11-16 18:19:55.082596,1211,368,long
2023-11-16 18:19:55.134252,1186,377,long
2023-11-16 18:19:55.195062,408,129,medium
2023-11-16 18:19:55.528662,1139,373,long
2023-11-16 18:19:55.715025,419,130,medium
2023-11-16 18:19:55.757207,1199,441,long
2023-11-16 18:19:55.914902,30,164,short
2023-11-16 18:19:56.008335,1008,373,long
2023-11-16 18:19:56.121725,1150,387,long
2023-11-16 18:19:56.157747,2584,135,long
2023-11-16 18:19:56.275058,1009,399,long
2023-11-16 18:19:56.646667,1231,526,long
2023-11-16 18:19:56.851896,1027,414,long
2023-11-16 18:19:56.945801,203,181,medium
2023-11-16 18:19:57.048885,388,103,medium
2023-11-16 18:19:57.422661,1231,394,long
2023-11-16 18:19:57.426994,1029,438,long
2023-11-16 18:19:57.490770,1009,385,long
2023-11-16 18:19:58.332843,1205,391,long
2023-11-16 18:19:58.736059,393,99,medium
2023-11-16 18:19:58.759509,369,52,medium
2023-11-16 18:19:58.964729,1010,393,long
2023-11-16 18:19:59.232554,1049,395,long
2023-11-16 18:19:59.289000,387,73,medium
2023-11-16 18:19:59.502666,1010,397,long
2023-11-16 18:19:59.693451,912,442,long
2023-11-16 18:19:59.978571,981,393,long
2023-11-16 18:20:00.096118,1083,397,long
2023-11-16 18:20:00.112995,1076,51,long
2023-11-16 18:20:00.157086,1195,507,long
2023-11-16 18:20:00.182079,4076,104,long
2023-11-16 18:20:00.399029,1007,415,long
2023-11-16 18:20:00.399036,4076,59,long
2023-11-16 18:20:00.463079,167,217,medium
2023-11-16 18:20:00.718529,379,60,medium
2023-11-16 18:20:00.820258,1230,414,long
2023-11-16 18:20:00.975955,1596,52,long
2023-11-16 18:20:01.155686,1195,507,long
2023-11-16 18:20:01.209699,1201,45,long
2023-11-16 18:20:01.426811,6066,74,long
2023-11-16 18:20:01.626245,4075,136,long
2023-11-16 18:20:01.754115,4120,115,long
2023-11-16 18:20:02.041384,931,92,long
2023-11-16 18:20:02.095653,1264,416,long
2023-11-16 18:20:02.096666,1351,145,long
2023-11-16 18:20:02.228603,386,86,medium
2023-11-16 18:20:02.657010,1227,392,long
2023-11-16 18:20:02.674762,1009,399,long
2023-11-16 18:20:02.943867,1007,385,long
2023-11-16 18:20:03.178705,1231,373,long
2023-11-16 18:20:03.251169,130,185,medium
2023-11-16 18:20:03.392641,391,76,medium
2023-11-16 18:20:03.393057,380,86,medium
2023-11-16 18:20:03.574347,407,106,medium
2023-11-16 18:20:03.672873,1136,377,long
2023-11-16 18:20:03.728898,956,65,long
2023-11-16 18:20:03.846129,1262,395,long
2023-11-16 18:20:03.864768,181,357,medium
2023-11-16 18:20:03.901291,91,16,short
2023-11-16 18:20:03.944213,1086,397,long
2023-11-16 18:20:04.307189,1112,432,long
2023-11-16 18:20:04.661756,200,211,medium
2023-11-16 18:20:04.865949,1120,397,long
2023-11-16 18:20:05.057250,1082,385,long
2023-11-16 18:20:05.355253,1156,396,long
2023-11-16 18:20:05.514750,2445,83,long
2023-11-16 18:20:05.556619,1060,411,long
2023-11-16 18:20:05.660807,1139,428,long
2023-11-16 18:20:06.255211,206,211,medium
2023-11-16 18:20:07.072100,1009,394,long
2023-11-16 18:20:07.105252,375,77,medium
2023-11-16 18:20:07.159112,1314,161,long
2023-11-16 18:20:07.340398,435,103,medium
2023-11-16 18:20:07.340756,409,149,medium
2023-11-16 18:20:07.987153,1211,408,long
2023-11-16 18:20:08.002140,1035,375,long
2023-11-16 18:20:08.138489,1227,656,long
2023-11-16 18:20:08.617117,1203,421,long
2023-11-16 18:20:08.699954,1024,429,long
2023-11-16 18:20:08.744653,171,205,medium
2023-11-16 18:20:08.744729,200,174,medium
2023-11-16 18:20:09.058596,923,404,long
2023-11-16 18:20:09.072575,20,182,short
2023-11-16 18:20:09.293951,2665,84,long
2023-11-16 18:20:09.451522,383,75,medium
2023-11-16 18:20:09.480699,1156,536,long
2023-11-16 18:20:09.635830,1060,429,long
2023-11-16 18:20:09.905538,181,190,medium
2023-11-16 18:20:09.921543,1030,411,long
2023-11-16 18:20:09.924042,1009,397,long
2023-11-16 18:20:10.356285,980,425,long
2023-11-16 18:20:10.740649,1204,411,long
2023-11-16 18:20:10.854037,402,97,medium
2023-11-16 18:20:11.328559,1199,373,long
2023-11-16 18:20:11.449086,998,415,long
2023-11-16 18:20:11.668775,415,131,medium
2023-11-16 18:20:11.689285,1156,390,long
2023-11-16 18:20:11.724502,311,18,medium
2023-11-16 18:20:11.758083,1264,395,long
2023-11-16 18:20:11.822901,1207,368,long
2023-11-16 18:20:11.994816,373,75,medium
2023-11-16 18:20:12.221755,436,136,medium
2023-11-16 18:20:12.763756,1025,428,long
2023-11-16 18:20:13.015863,2715,43,long
2023-11-16 18:20:13.041026,439,161,medium
2023-11-16 18:20:13.081466,963,393,long
2023-11-16 18:20:13.321541,1130,45,long
2023-11-16 18:20:13.398836,1139,425,long
2023-11-16 18:20:13.654437,383,56,medium
2023-11-16 18:20:14.021615,912,395,long
2023-11-16 18:20:14.395228,206,179,medium
2023-11-16 18:20:14.599803,1179,498,long
2023-11-16 18:20:15.594464,120,12,short
2023-11-16 18:20:15.663687,311,18,medium
2023-11-16 18:20:15.922580,1989,88,long
2023-11-16 18:20:16.081479,1086,390,long
2023-11-16 18:20:16.243530,4079,142,long
2023-11-16 18:20:16.384336,1219,388,long
2023-11-16 18:20:16.464916,392,122,medium
2023-11-16 18:20:16.657314,1313,176,long
2023-11-16 18:20:16.998971,1146,418,long
2023-11-16 18:20:17.240191,4077,42,long
2023-11-16 18:20:17.301248,1036,403,long
2023-11-16 18:20:17.657084,1024,407,long
2023-11-16 18:20:18.094214,1216,392,long
2023-11-16 18:20:18.278286,790,111,long
2023-11-16 18:20:18.463121,1474,94,long
2023-11-16 18:20:19.052556,1733,66,long
2023-11-16 18:20:19.086426,1227,383,long
2023-11-16 18:20:19.129467,1233,423,long
2023-11-16 18:20:19.759291,1031,397,long
2023-11-16 18:20:19.772971,1049,395,long
2023-11-16 18:20:20.323924,4100,48,long
2023-11-16 18:20:20.803851,181,132,medium
2023-11-16 18:20:20.872703,983,373,long
2023-11-16 18:20:20.954968,998,402,long
2023-11-16 18:20:21.116050,406,81,medium
2023-11-16 18:20:21.141804,1130,402,long
2023-11-16 18:20:21.350595,181,257,medium
2023-11-16 18:20:21.996304,1169,373,long
2023-11-16 18:20:22.081021,1029,418,long
2023-11-16 18:20:22.137495,923,399,long
2023-11-16 18:20:22.139118,1144,395,long
2023-11-16 18:20:22.174454,1134,379,long
2023-11-16 18:20:22.268509,1151,407,long
2023-11-16 18:20:22.345766,1183,429,long
2023-11-16 18:20:22.353876,1017,386,long
2023-11-16 18:20:22.450242,1203,421,long
2023-11-16 18:20:22.666160,380,81,medium
2023-11-16 18:20:23.110411,1156,388,long
2023-11-16 18:20:23.284496,1191,409,long
2023-11-16 18:20:23.589614,1156,408,long
2023-11-16 18:20:23.679673,1102,612,long
2023-11-16 18:20:23.765208,1149,385,long
2023-11-16 18:20:23.819709,1064,394,long
2023-11-16 18:20:24.102566,1182,388,long
2023-11-16 18:20:24.392792,981,400,long
2023-11-16 18:20:24.475336,1339,69,long
2023-11-16 18:20:25.064447,1033,406,long
2023-11-16 18:20:25.169341,1112,431,long
2023-11-16 18:20:25.391671,3411,64,long
2023-11-16 18:20:25.836146,1051,382,long
2023-11-16 18:20:25.867202,4138,84,long
2023-11-16 18:20:25.872087,1010,397,long
2023-11-16 18:20:25.926298,1115,413,long
2023-11-16 18:20:26.257806,1025,407,long
2023-11-16 18:20:26.323721,1143,393,long
2023-11-16 18:20:26.360373,1226,379,long
2023-11-16 18:20:26.788678,1024,419,long
2023-11-16 18:20:27.038240,1136,418,long
2023-11-16 18:20:27.113241,1083,399,long
2023-11-16 18:20:27.165089,1989,83,long
2023-11-16 18:20:27.220851,1046,438,long
2023-11-16 18:20:27.343544,1025,375,long
2023-11-16 18:20:27.426390,1317,192,long
2023-11-16 18:20:27.548970,1083,407,long
2023-11-16 18:20:27.553908,1036,538,long
2023-11-16 18:20:27.689430,1035,398,long
2023-11-16 18:20:28.084903,398,94,medium
2023-11-16 18:20:28.287712,1179,511,long
2023-11-16 18:20:28.486480,1009,399,long
2023-11-16 18:20:28.509577,1030,396,long
2023-11-16 18:20:28.512614,403,94,medium
2023-11-16 18:20:28.556926,1003,372,long
2023-11-16 18:20:28.586086,181,136,medium
2023-11-16 18:20:28.740327,1037,390,long
2023-11-16 18:20:28.941033,1070,387,long
2023-11-16 18:20:28.942828,1054,397,long
2023-11-16 18:20:29.156238,1171,402,long
2023-11-16 18:20:29.288667,1474,94,long
2023-11-16 18:20:29.838093,1111,396,long
2023-11-16 18:20:29.842100,983,373,long
2023-11-16 18:20:30.067677,1150,389,long
2023-11-16 18:20:30.141519,986,426,long
2023-11-16 18:20:30.235524,1015,446,long
2023-11-16 18:20:30.426778,1010,415,long
2023-11-16 18:20:30.730009,1317,135,long
2023-11-16 18:20:30.765475,1142,458,long
2023-11-16 18:20:30.765482,1082,385,long
2023-11-16 18:20:30.853255,4082,50,long
2023-11-16 18:20:31.655752,1170,422,long
2023-11-16 18:20:31.666704,1785,91,long
2023-11-16 18:20:31.714976,1896,68,long
2023-11-16 18:20:32.347786,1312,157,long
2023-11-16 18:20:32.649087,1039,397,long
2023-11-16 18:20:32.656463,1172,402,long
2023-11-16 18:20:32.673371,2275,99,long
2023-11-16 18:20:33.376507,995,452,long
2023-11-16 18:20:33.377869,1020,400,long
2023-11-16 18:20:33.403449,1140,404,long
2023-11-16 18:20:33.449262,1088,421,long
2023-11-16 18:20:33.512377,998,399,long
2023-11-16 18:20:33.545183,420,112,medium
2023-11-16 18:20:33.678626,1171,402,long
2023-11-16 18:20:34.032023,4087,103,long
2023-11-16 18:20:34.152819,1189,415,long
2023-11-16 18:20:34.276340,1119,395,long
2023-11-16 18:20:34.281673,1076,51,long
2023-11-16 18:20:34.376078,1191,409,long
2023-11-16 18:20:34.702827,1009,396,long
2023-11-16 18:20:34.792096,1054,411,long
2023-11-16 18:20:35.648196,1323,205,long
2023-11-16 18:20:35.719573,1046,399,long
2023-11-16 18:20:36.897768,1896,68,long
2023-11-16 18:20:37.016954,402,87,medium
2023-11-16 18:20:37.200415,998,387,long
2023-11-16 18:20:37.291595,1170,394,long
2023-11-16 18:20:37.323891,3243,116,long
2023-11-16 18:20:37.357931,375,67,medium
2023-11-16 18:20:37.417226,981,401,long
2023-11-16 18:20:38.075624,373,56,medium
2023-11-16 18:20:38.252953,1015,414,long
2023-11-16 18:20:38.470032,1082,385,long
2023-11-16 18:20:38.573779,1140,401,long
2023-11-16 18:20:38.866009,1015,572,long
2023-11-16 18:20:38.887449,991,414,long
2023-11-16 18:20:39.415306,1227,420,long
2023-11-16 18:20:39.684411,1024,429,long
2023-11-16 18:20:39.785575,1149,423,long
2023-11-16 18:20:40.042581,2227,82,long
2023-11-16 18:20:40.265598,1063,428,long
2023-11-16 18:20:40.290690,1059,525,long
2023-11-16 18:20:40.389950,1085,442,long
2023-11-16 18:20:40.464057,1023,446,long
2023-11-16 18:20:40.957220,4079,58,long
2023-11-16 18:20:40.979320,1282,66,long
2023-11-16 18:20:41.340088,421,77,medium
2023-11-16 18:20:41.474300,1144,498,long
2023-11-16 18:20:41.487512,373,72,medium
2023-11-16 18:20:41.526315,324,18,medium
2023-11-16 18:20:41.593045,1072,415,long
2023-11-16 18:20:41.707522,1136,500,long
2023-11-16 18:20:42.077205,1141,411,long
2023-11-16 18:20:42.505151,1012,416,long
2023-11-16 18:20:42.754586,405,90,medium
2023-11-16 18:20:43.121170,1035,398,long
2023-11-16 18:20:43.327507,1057,439,long
2023-11-16 18:20:43.427725,391,90,medium
2023-11-16 18:20:43.472749,1094,376,long
2023-11-16 18:20:43.568240,1050,438,long
2023-11-16 18:20:43.667427,1148,614,long
2023-11-16 18:20:43.979086,1142,361,long
2023-11-16 18:20:44.275196,1106,434,long
2023-11-16 18:20:44.496088,2492,39,long
2023-11-16 18:20:44.618565,1226,407,long
2023-11-16 18:20:44.620422,958,554,long
2023-11-16 18:20:44.732473,1082,391,long
2023-11-16 18:20:44.736984,245,14,medium
2023-11-16 18:20:45.176339,1018,390,long
2023-11-16 18:20:45.450188,395,85,medium
2023-11-16 18:20:45.777557,435,114,medium
2023-11-16 18:20:46.029983,379,81,medium
2023-11-16 18:20:46.338601,1099,410,long
2023-11-16 18:20:46.508713,1339,72,long
2023-11-16 18:20:46.564604,1317,235,long
2023-11-16 18:20:46.844017,1017,537,long
2023-11-16 18:20:46.861609,1139,674,long
2023-11-16 18:20:47.119858,1033,427,long
2023-11-16 18:20:47.170284,1009,397,long
2023-11-16 18:20:47.647782,1020,400,long
2023-11-16 18:20:47.648263,1008,395,long
2023-11-16 18:20:47.661441,1046,418,long
2023-11-16 18:20:48.026719,1054,419,long
2023-11-16 18:20:48.038672,1202,411,long
2023-11-16 18:20:48.719522,1102,396,long
2023-11-16 18:20:48.836118,1139,429,long
2023-11-16 18:20:48.925262,1785,137,long
2023-11-16 18:20:49.425514,1075,516,long
2023-11-16 18:20:49.427062,1179,511,long
2023-11-16 18:20:49.492378,1065,439,long
2023-11-16 18:20:49.695290,1230,413,long
2023-11-16 18:20:49.916422,1314,164,long
2023-11-16 18:20:49.958899,1029,71,long
2023-11-16 18:20:50.071479,4073,36,long
2023-11-16 18:20:50.206445,1051,420,long
2023-11-16 18:20:50.707006,990,559,long
2023-11-16 18:20:50.796926,1136,375,long
2023-11-16 18:20:50.910344,1315,183,long
2023-11-16 18:20:50.946645,4081,41,long
2023-11-16 18:20:51.028611,1139,418,long
2023-11-16 18:20:51.382957,1139,428,long
2023-11-16 18:20:51.507209,1180,414,long
2023-11-16 18:20:51.727079,1034,519,long
2023-11-16 18:20:51.825315,1166,401,long
2023-11-16 18:20:51.884491,181,246,medium
2023-11-16 18:20:51.899990,4086,53,long
2023-11-16 18:20:51.966857,396,136,medium
2023-11-16 18:20:52.131275,1314,243,long
2023-11-16 18:20:52.638748,1176,548,long
2023-11-16 18:20:52.787314,1085,409,long
2023-11-16 18:20:52.807243,1282,66,long
2023-11-16 18:20:53.202255,1148,501,long
2023-11-16 18:20:53.340413,390,96,medium
2023-11-16 18:20:53.453564,1756,111,long
2023-11-16 18:20:53.867487,1025,591,long
2023-11-16 18:20:54.172112,1136,429,long
2023-11-16 18:20:54.305364,4083,37,long
2023-11-16 18:20:54.581813,1024,402,long
2023-11-16 18:20:54.791351,1209,522,long
2023-11-16 18:20:54.792692,1057,394,long
2023-11-16 18:20:54.804014,1314,202,long
2023-11-16 18:20:54.829870,4075,53,long
2023-11-16 18:20:54.830671,969,554,long
2023-11-16 18:20:55.057624,505,92,medium
2023-11-16 18:20:55.108144,403,91,medium
2023-11-16 18:20:55.187034,1062,509,long
2023-11-16 18:20:55.256478,692,109,long
2023-11-16 18:20:55.682121,1061,448,long
2023-11-16 18:20:55.986371,1041,385,long
2023-11-16 18:20:56.209074,955,602,long
2023-11-16 18:20:56.443302,857,117,long
2023-11-16 18:20:56.710155,7930,49,long
2023-11-16 18:20:57.521581,1036,394,long
2023-11-16 18:20:57.591979,385,88,medium
2023-11-16 18:20:57.935149,1313,148,long
2023-11-16 18:20:58.013847,1035,395,long
2023-11-16 18:20:58.164053,4076,39,long
2023-11-16 18:20:58.174512,1171,380,long
2023-11-16 18:20:58.315158,1314,218,long
2023-11-16 18:20:58.351353,1003,376,long
2023-11-16 18:20:58.378590,1013,439,long
2023-11-16 18:20:58.446636,1129,526,long
2023-11-16 18:20:59.140450,986,441,long
2023-11-16 18:20:59.225998,1028,366,long
2023-11-16 18:20:59.277978,3287,47,long
2023-11-16 18:20:59.362815,1160,400,long
2023-11-16 18:20:59.597201,1160,639,long
2023-11-16 18:20:59.955114,3243,82,long
2023-11-16 18:21:00.232722,1036,650,long
2023-11-16 18:21:00.258977,1007,441,long
2023-11-16 18:21:00.761214,1154,482,long
2023-11-16 18:21:00.786698,1039,385,long
2023-11-16 18:21:00.808449,1082,538,long
2023-11-16 18:21:00.912275,1144,404,long
2023-11-16 18:21:00.950139,979,622,long
2023-11-16 18:21:01.361268,181,147,medium
2023-11-16 18:21:01.933929,1232,80,long
2023-11-16 18:21:01.954540,1126,446,long
2023-11-16 18:21:02.082064,1024,385,long
2023-11-16 18:21:03.425813,917,33,long
2023-11-16 18:21:03.649859,1226,393,long
2023-11-16 18:21:03.791743,1171,401,long
2023-11-16 18:21:04.078578,1032,502,long
2023-11-16 18:21:04.146166,434,124,medium
2023-11-16 18:21:04.175124,311,18,medium
2023-11-16 18:21:04.433860,1133,92,long
2023-11-16 18:21:04.617032,401,130,medium
2023-11-16 18:21:04.718904,376,81,medium
2023-11-16 18:21:05.687762,1176,383,long
2023-11-16 18:21:05.882750,1029,71,long
2023-11-16 18:21:06.022985,1312,132,long
2023-11-16 18:21:06.191896,372,63,medium
2023-11-16 18:21:06.223612,1203,385,long
2023-11-16 18:21:06.713611,1015,596,long
2023-11-16 18:21:06.715574,1018,388,long
2023-11-16 18:21:06.742532,1045,605,long
2023-11-16 18:21:06.821335,1112,431,long
2023-11-16 18:21:06.955116,237,79,medium
2023-11-16 18:21:06.985626,1162,427,long
2023-11-16 18:21:07.415272,1076,377,long
2023-11-16 18:21:07.625183,1199,534,long
2023-11-16 18:21:07.708310,28,265,short
2023-11-16 18:21:07.720821,1052,412,long
2023-11-16 18:21:07.797162,1180,880,long
2023-11-16 18:21:08.078988,1083,407,long
2023-11-16 18:21:08.185044,1785,137,long
2023-11-16 18:21:08.235687,1053,394,long
2023-11-16 18:21:08.291640,243,14,medium
2023-11-16 18:21:08.369656,1028,374,long
2023-11-16 18:21:08.401274,1101,411,long
2023-11-16 18:21:08.693526,2199,59,long
2023-11-16 18:21:08.724690,1179,921,long
2023-11-16 18:21:09.304569,1005,394,long
2023-11-16 18:21:09.586232,1151,404,long
2023-11-16 18:21:09.824076,181,167,medium
2023-11-16 18:21:09.911328,1149,379,long
2023-11-16 18:21:10.160204,4083,124,long
2023-11-16 18:21:11.689045,1070,428,long
2023-11-16 18:21:11.778792,992,97,long
2023-11-16 18:21:12.059491,1035,616,long
2023-11-16 18:21:12.496316,912,395,long
2023-11-16 18:21:13.082960,1353,234,long
2023-11-16 18:21:13.141696,388,88,medium
2023-11-16 18:21:13.260672,1044,394,long
2023-11-16 18:21:13.291819,997,393,long
2023-11-16 18:21:13.329177,1109,488,long
2023-11-16 18:21:13.424654,1311,159,long
2023-11-16 18:21:13.725944,1025,589,long
2023-11-16 18:21:14.174053,1232,80,long
2023-11-16 18:21:14.254147,1106,399,long
2023-11-16 18:21:14.657514,1060,396,long
2023-11-16 18:21:14.731897,398,46,medium
2023-11-16 18:21:14.777319,1786,67,long
2023-11-16 18:21:14.928523,119,12,short
2023-11-16 18:21:14.951540,247,14,medium
2023-11-16 18:21:15.104624,1013,386,long
2023-11-16 18:21:15.418750,407,88,medium
2023-11-16 18:21:15.560070,2220,43,long
2023-11-16 18:21:15.857533,1030,375,long
2023-11-16 18:21:15.880282,1035,391,long
2023-11-16 18:21:16.117825,385,67,medium
2023-11-16 18:21:16.954210,380,97,medium
2023-11-16 18:21:17.033659,1046,393,long
2023-11-16 18:21:17.327004,1036,390,long
2023-11-16 18:21:17.443123,985,552,long
2023-11-16 18:21:18.279029,1054,397,long
2023-11-16 18:21:19.116599,181,126,medium
2023-11-16 18:21:19.471102,2648,77,long
2023-11-16 18:21:20.116797,1089,412,long
2023-11-16 18:21:20.256356,405,89,medium
2023-11-16 18:21:20.363930,1097,393,long
2023-11-16 18:21:20.733550,1168,436,long
2023-11-16 18:21:21.039000,333,18,medium
2023-11-16 18:21:21.166114,1053,415,long
2023-11-16 18:21:21.408502,396,107,medium
2023-11-16 18:21:22.477711,986,448,long
2023-11-16 18:21:22.657882,1315,198,long
2023-11-16 18:21:22.736052,407,83,medium
2023-11-16 18:21:22.784916,4085,54,long
2023-11-16 18:21:22.849561,1032,398,long
2023-11-16 18:21:22.958517,1064,396,long
2023-11-16 18:21:23.064394,1044,450,long
2023-11-16 18:21:23.139706,1214,406,long
2023-11-16 18:21:23.212777,3021,135,long
2023-11-16 18:21:23.453450,1033,406,long
2023-11-16 18:21:23.474016,42,154,short
2023-11-16 18:21:23.548028,1025,401,long
2023-11-16 18:21:24.026685,4082,400,long
2023-11-16 18:21:24.148704,1019,52,long
2023-11-16 18:21:24.205586,450,107,medium
2023-11-16 18:21:24.374940,181,263,medium
2023-11-16 18:21:24.445900,1025,441,long
2023-11-16 18:21:24.681910,1201,401,long
2023-11-16 18:21:25.355215,1021,398,long
2023-11-16 18:21:25.833113,417,117,medium
2023-11-16 18:21:26.068420,1182,396,long
2023-11-16 18:21:26.409024,1027,569,long
2023-11-16 18:21:26.618026,1351,140,long
2023-11-16 18:21:27.265938,409,95,medium
2023-11-16 18:21:27.536530,2584,145,long
2023-11-16 18:21:27.875276,1009,411,long
2023-11-16 18:21:27.922317,4073,38,long
2023-11-16 18:21:28.021672,1109,377,long
2023-11-16 18:21:28.430840,1155,75,long
2023-11-16 18:21:28.824714,1066,379,long
2023-11-16 18:21:28.860059,431,94,medium
2023-11-16 18:21:28.921378,1201,391,long
2023-11-16 18:21:28.935752,387,95,medium
2023-11-16 18:21:28.948760,1003,394,long
2023-11-16 18:21:29.288494,1033,396,long
2023-11-16 18:21:29.480773,1018,388,long
2023-11-16 18:21:29.566132,1436,66,long
2023-11-16 18:21:29.602394,3021,135,long
2023-11-16 18:21:29.738618,983,373,long
2023-11-16 18:21:30.068945,1312,283,long
2023-11-16 18:21:30.490816,1082,406,long
2023-11-16 18:21:30.581072,998,447,long
2023-11-16 18:21:30.639491,1316,168,long
2023-11-16 18:21:31.019820,1314,231,long
2023-11-16 18:21:31.621759,1046,438,long
2023-11-16 18:21:31.645767,1023,388,long
2023-11-16 18:21:31.738565,1227,652,long
2023-11-16 18:21:31.832051,1019,394,long
2023-11-16 18:21:32.036420,936,432,long
2023-11-16 18:21:32.231968,4097,43,long
2023-11-16 18:21:32.420283,46,138,short
2023-11-16 18:21:33.064283,404,83,medium
2023-11-16 18:21:33.139761,1059,388,long
2023-11-16 18:21:33.805980,12,139,short
2023-11-16 18:21:33.905604,1044,471,long
2023-11-16 18:21:34.318629,1134,379,long
2023-11-16 18:21:34.359014,379,65,medium
2023-11-16 18:21:34.375079,429,115,medium
2023-11-16 18:21:34.419561,1159,397,long
2023-11-16 18:21:34.517124,1223,444,long
2023-11-16 18:21:34.607800,1093,432,long
2023-11-16 18:21:34.856542,1009,397,long
2023-11-16 18:21:34.929427,380,58,medium
2023-11-16 18:21:35.403726,3585,125,long
2023-11-16 18:21:35.487656,1786,67,long
2023-11-16 18:21:35.554979,1102,427,long
2023-11-16 18:21:35.909153,1183,429,long
2023-11-16 18:21:36.008604,1086,393,long
2023-11-16 18:21:36.058375,1038,398,long
2023-11-16 18:21:36.420072,1059,397,long
2023-11-16 18:21:36.423249,1004,419,long
2023-11-16 18:21:36.998159,371,53,medium
2023-11-16 18:21:37.543095,396,131,medium
2023-11-16 18:21:37.661185,4092,44,long
2023-11-16 18:21:37.916306,1189,399,long
2023-11-16 18:21:38.149493,1083,403,long
2023-11-16 18:21:38.204126,1152,437,long
2023-11-16 18:21:38.250608,1063,386,long
2023-11-16 18:21:38.272611,1108,622,long
2023-11-16 18:21:38.692277,1017,398,long
2023-11-16 18:21:38.860319,1120,375,long
2023-11-16 18:21:39.541121,1060,365,long
2023-11-16 18:21:39.663109,1009,399,long
2023-11-16 18:21:39.697871,1053,414,long
2023-11-16 18:21:39.810162,304,18,medium
2023-11-16 18:21:39.982193,1097,418,long
2023-11-16 18:21:40.049335,1018,476,long
2023-11-16 18:21:40.122729,1143,70,long
2023-11-16 18:21:41.057604,991,108,long
2023-11-16 18:21:41.151274,1155,75,long
2023-11-16 18:21:41.475928,1143,429,long
2023-11-16 18:21:41.696293,1068,401,long
2023-11-16 18:21:41.767901,1036,619,long
2023-11-16 18:21:42.028339,1032,447,long
2023-11-16 18:21:42.068940,4077,42,long
2023-11-16 18:21:42.363385,1015,399,long
2023-11-16 18:21:42.478437,1312,175,long
2023-11-16 18:21:42.574409,685,120,long
2023-11-16 18:21:42.723988,398,98,medium
2023-11-16 18:21:43.390701,1173,385,long
2023-11-16 18:21:43.604831,1073,454,long
2023-11-16 18:21:43.672509,2042,56,long
2023-11-16 18:21:43.717155,1061,408,long
2023-11-16 18:21:44.042281,17,120,short
2023-11-16 18:21:44.774824,1316,170,long
2023-11-16 18:21:44.788666,439,98,medium
2023-11-16 18:21:44.964435,390,155,medium
2023-11-16 18:21:45.122559,1023,406,long
2023-11-16 18:21:45.175528,1029,519,long
2023-11-16 18:21:45.225925,404,144,medium
2023-11-16 18:21:45.852236,1124,408,long
2023-11-16 18:21:46.410935,1044,413,long
2023-11-16 18:21:46.475779,1022,390,long
2023-11-16 18:21:46.712526,393,113,medium
2023-11-16 18:21:46.730642,406,82,medium
2023-11-16 18:21:46.817706,1102,408,long
2023-11-16 18:21:46.831119,238,14,medium
2023-11-16 18:21:47.260982,1146,396,long
2023-11-16 18:21:47.324097,4090,61,long
2023-11-16 18:21:47.641872,1048,396,long
2023-11-16 18:21:47.664978,1040,414,long
2023-11-16 18:21:47.742783,4076,48,long
2023-11-16 18:21:47.985100,750,44,long
2023-11-16 18:21:48.068500,2279,85,long
2023-11-16 18:21:48.424790,1037,373,long
2023-11-16 18:21:48.514400,1156,390,long
2023-11-16 18:21:48.639563,4721,59,long
2023-11-16 18:21:48.898480,1034,479,long
2023-11-16 18:21:49.115407,430,90,medium
2023-11-16 18:21:49.515030,1044,35,long
2023-11-16 18:21:49.724704,1009,415,long
2023-11-16 18:21:49.880470,1026,400,long
2023-11-16 18:21:49.918668,1089,465,long
2023-11-16 18:21:50.712984,62,152,short
2023-11-16 18:21:51.024242,382,53,medium
2023-11-16 18:21:51.047549,998,373,long
2023-11-16 18:21:51.982163,936,431,long
2023-11-16 18:21:52.474875,2374,116,long
2023-11-16 18:21:53.140403,1150,404,long
2023-11-16 18:21:53.275126,1099,410,long
2023-11-16 18:21:53.699087,7,136,short
2023-11-16 18:21:53.759141,4078,42,long
2023-11-16 18:21:53.769293,1033,411,long
2023-11-16 18:21:53.824488,1071,415,long
2023-11-16 18:21:54.024469,1099,414,long
2023-11-16 18:21:54.179279,238,14,medium
2023-11-16 18:21:54.414918,685,137,long
2023-11-16 18:21:54.514439,1020,502,long
2023-11-16 18:21:54.620905,1315,144,long
2023-11-16 18:21:55.043396,4083,42,long
2023-11-16 18:21:55.599360,9,166,short
2023-11-16 18:21:55.724155,421,93,medium
2023-11-16 18:21:55.854399,1200,526,long
2023-11-16 18:21:55.915501,2584,113,long
2023-11-16 18:21:56.087092,394,91,medium
2023-11-16 18:21:56.664054,1628,48,long
2023-11-16 18:21:56.716698,1046,442,long
2023-11-16 18:21:56.718721,383,84,medium
2023-11-16 18:21:56.853540,376,65,medium
2023-11-16 18:21:56.911914,4132,60,long
2023-11-16 18:21:56.947023,379,87,medium
2023-11-16 18:21:57.082848,1046,395,long
2023-11-16 18:21:57.257569,1173,420,long
2023-11-16 18:21:57.330811,1351,186,long
2023-11-16 18:21:57.498360,243,14,medium
2023-11-16 18:21:57.721654,410,100,medium
2023-11-16 18:21:58.732952,387,52,medium
2023-11-16 18:21:58.959368,1034,429,long
2023-11-16 18:21:59.811095,1162,411,long
2023-11-16 18:22:00.149924,1121,506,long
2023-11-16 18:22:01.224716,331,18,medium
2023-11-16 18:22:01.307852,1081,388,long
2023-11-16 18:22:01.401685,4093,68,long
2023-11-16 18:22:01.478708,30,182,short
2023-11-16 18:22:01.494622,2525,81,long
2023-11-16 18:22:01.919248,4484,64,long
2023-11-16 18:22:02.367737,1073,408,long
2023-11-16 18:22:02.960822,1191,407,long
2023-11-16 18:22:03.022516,1094,362,long
2023-11-16 18:22:03.381335,459,562,medium
2023-11-16 18:22:03.432199,985,426,long
2023-11-16 18:22:03.481919,6445,51,long
2023-11-16 18:22:03.578512,395,87,medium
2023-11-16 18:22:03.773143,1070,392,long
2023-11-16 18:22:04.006648,1786,50,long
2023-11-16 18:22:04.043112,1081,414,long
2023-11-16 18:22:04.206129,1130,459,long
2023-11-16 18:22:04.680269,1320,192,long
2023-11-16 18:22:04.761986,1023,377,long
2023-11-16 18:22:04.848511,2374,120,long
2023-11-16 18:22:04.896489,4086,47,long
2023-11-16 18:22:05.153142,238,14,medium
2023-11-16 18:22:05.587440,1314,137,long
2023-11-16 18:22:05.671326,1072,398,long
2023-11-16 18:22:05.778496,394,89,medium
2023-11-16 18:22:06.210963,373,60,medium
2023-11-16 18:22:06.466383,375,66,medium
2023-11-16 18:22:06.666090,1142,491,long
2023-11-16 18:22:06.713129,395,116,medium
2023-11-16 18:22:06.928325,1044,394,long
2023-11-16 18:22:07.243153,1021,398,long
2023-11-16 18:22:07.244049,406,91,medium
2023-11-16 18:22:07.340803,996,446,long
2023-11-16 18:22:07.606482,1010,635,long
2023-11-16 18:22:07.818454,1156,424,long
2023-11-16 18:22:08.228404,1115,413,long
2023-11-16 18:22:08.272852,1116,401,long
2023-11-16 18:22:08.285412,1045,390,long
2023-11-16 18:22:08.483157,1529,56,long
2023-11-16 18:22:08.643405,1163,386,long
2023-11-16 18:22:09.320957,440,117,medium
2023-11-16 18:22:09.472580,457,98,medium
2023-11-16 18:22:09.474781,4083,53,long
2023-11-16 18:22:09.521203,1313,135,long
2023-11-16 18:22:09.565369,1044,368,long
2023-11-16 18:22:10.372508,1170,939,long
2023-11-16 18:22:10.409661,1038,396,long
2023-11-16 18:22:10.490727,2001,74,long
2023-11-16 18:22:10.728188,392,103,medium
2023-11-16 18:22:11.036837,966,403,long
2023-11-16 18:22:11.631955,120,12,short
2023-11-16 18:22:12.162663,1201,402,long
2023-11-16 18:22:12.206100,1152,400,long
2023-11-16 18:22:12.709791,238,14,medium
2023-11-16 18:22:13.375590,997,393,long
2023-11-16 18:22:13.407306,1025,394,long
2023-11-16 18:22:13.521161,1121,440,long
2023-11-16 18:22:13.680988,1312,141,long
2023-11-16 18:22:13.755805,403,113,medium
2023-11-16 18:22:14.155160,1036,388,long
2023-11-16 18:22:14.539858,385,80,medium
2023-11-16 18:22:14.672603,444,101,medium
2023-11-16 18:22:14.720308,1012,461,long
2023-11-16 18:22:14.777722,1036,590,long
2023-11-16 18:22:14.813919,1036,375,long
2023-11-16 18:22:15.190474,380,61,medium
2023-11-16 18:22:15.338839,378,56,medium
2023-11-16 18:22:15.637896,1052,378,long
2023-11-16 18:22:15.685492,1039,417,long
2023-11-16 18:22:15.757790,1097,409,long
2023-11-16 18:22:15.915898,1052,373,long
2023-11-16 18:22:16.175006,1036,397,long
2023-11-16 18:22:16.275522,376,74,medium
2023-11-16 18:22:16.620976,1043,397,long
2023-11-16 18:22:16.716727,1020,445,long
2023-11-16 18:22:16.793959,1105,429,long
2023-11-16 18:22:16.975346,1095,420,long
2023-11-16 18:22:17.248924,1033,403,long
2023-11-16 18:22:17.414969,1063,93,long
2023-11-16 18:22:17.739109,981,402,long
2023-11-16 18:22:17.772505,999,411,long
2023-11-16 18:22:17.869737,1010,401,long
2023-11-16 18:22:18.087656,1018,396,long
2023-11-16 18:22:18.687749,1145,374,long
2023-11-16 18:22:18.720671,1059,477,long
2023-11-16 18:22:18.818682,1080,395,long
2023-11-16 18:22:19.357352,4072,56,long
2023-11-16 18:22:19.445186,1321,182,long
2023-11-16 18:22:19.497764,1035,400,long
2023-11-16 18:22:19.498121,1004,394,long
2023-11-16 18:22:20.209973,1165,421,long
2023-11-16 18:22:20.292755,2637,140,long
2023-11-16 18:22:20.323305,1108,459,long
2023-11-16 18:22:21.011126,978,391,long
2023-11-16 18:22:21.012591,414,137,medium
2023-11-16 18:22:21.151548,400,103,medium
2023-11-16 18:22:21.214557,998,396,long
2023-11-16 18:22:21.304572,1045,393,long
2023-11-16 18:22:21.805345,4086,41,long
2023-11-16 18:22:22.051439,1002,407,long
2023-11-16 18:22:22.052203,874,150,long
2023-11-16 18:22:22.128659,1060,415,long
2023-11-16 18:22:22.347474,399,92,medium
2023-11-16 18:22:22.361180,2584,161,long
2023-11-16 18:22:22.389892,4088,37,long
2023-11-16 18:22:22.454116,1219,429,long
2023-11-16 18:22:22.615483,4090,83,long
2023-11-16 18:22:22.690094,1100,371,long
2023-11-16 18:22:23.070133,1064,418,long
2023-11-16 18:22:23.277972,1064,414,long
2023-11-16 18:22:23.535234,4085,41,long
2023-11-16 18:22:24.061961,1003,418,long
2023-11-16 18:22:24.500323,1204,437,long
2023-11-16 18:22:24.552859,1656,82,long
2023-11-16 18:22:24.573348,1179,445,long
2023-11-16 18:22:24.682500,1146,440,long
2023-11-16 18:22:24.724250,420,80,medium
2023-11-16 18:22:24.918097,1136,518,long
2023-11-16 18:22:25.689852,402,95,medium
2023-11-16 18:22:25.892623,18,128,short
2023-11-16 18:22:25.996047,2637,102,long
2023-11-16 18:22:26.285614,12,231,short
2023-11-16 18:22:26.287212,1271,423,long
2023-11-16 18:22:26.524065,434,77,medium
2023-11-16 18:22:26.778187,1050,362,long
2023-11-16 18:22:26.902118,1069,410,long
2023-11-16 18:22:27.161648,242,14,medium
2023-11-16 18:22:27.280008,2584,154,long
2023-11-16 18:22:27.299448,1116,451,long
2023-11-16 18:22:27.441644,998,411,long
2023-11-16 18:22:27.656795,1103,393,long
2023-11-16 18:22:27.752106,4074,83,long
2023-11-16 18:22:28.267085,1163,418,long
2023-11-16 18:22:28.519958,1065,474,long
2023-11-16 18:22:28.758297,1063,93,long
2023-11-16 18:22:29.119832,398,95,medium
2023-11-16 18:22:29.280838,874,169,long
2023-11-16 18:22:29.355972,1056,417,long
2023-11-16 18:22:29.466329,1116,79,long
2023-11-16 18:22:29.606837,1044,396,long
2023-11-16 18:22:29.751407,2221,212,long
2023-11-16 18:22:29.826338,1075,466,long
2023-11-16 18:22:29.877092,4086,35,long
2023-11-16 18:22:30.184555,401,89,medium
2023-11-16 18:22:30.550532,1044,524,long
2023-11-16 18:22:30.680570,1312,157,long
2023-11-16 18:22:31.482676,1039,398,long
2023-11-16 18:22:31.998672,1027,390,long
2023-11-16 18:22:32.085726,395,93,medium
2023-11-16 18:22:32.145071,1133,423,long
2023-11-16 18:22:32.339803,1156,565,long
2023-11-16 18:22:32.458632,1082,522,long
2023-11-16 18:22:32.829518,1126,375,long
2023-11-16 18:22:32.926153,1314,210,long
2023-11-16 18:22:32.958076,1062,373,long
2023-11-16 18:22:32.985947,238,14,medium
2023-11-16 18:22:33.316661,1313,181,long
2023-11-16 18:22:33.442316,1200,406,long
2023-11-16 18:22:33.446841,4086,63,long
2023-11-16 18:22:33.636943,413,137,medium
2023-11-16 18:22:33.843434,1054,374,long
2023-11-16 18:22:34.107509,1059,622,long
2023-11-16 18:22:34.158760,1050,411,long
2023-11-16 18:22:34.428924,1069,419,long
2023-11-16 18:22:34.554433,1085,426,long
2023-11-16 18:22:34.692600,1012,434,long
2023-11-16 18:22:34.852400,1537,51,long
2023-11-16 18:22:35.343349,401,80,medium
2023-11-16 18:22:35.354918,1158,589,long
2023-11-16 18:22:35.595051,1028,396,long
2023-11-16 18:22:35.606292,369,57,medium
2023-11-16 18:22:35.766945,1133,507,long
2023-11-16 18:22:36.080914,1010,485,long
2023-11-16 18:22:37.095065,4091,44,long
2023-11-16 18:22:37.208009,1066,465,long
2023-11-16 18:22:37.274722,1036,422,long
2023-11-16 18:22:37.512410,977,407,long
2023-11-16 18:22:37.645458,1097,411,long
2023-11-16 18:22:37.665738,396,88,medium
2023-11-16 18:22:38.454777,1096,514,long
2023-11-16 18:22:39.071138,2006,77,long
2023-11-16 18:22:39.455031,4091,78,long
2023-11-16 18:22:40.002054,1052,667,long
2023-11-16 18:22:40.088612,1082,428,long
2023-11-16 18:22:40.499955,1073,378,long
2023-11-16 18:22:40.508142,11,141,short
2023-11-16 18:22:40.632558,4091,46,long
2023-11-16 18:22:40.652204,1093,396,long
2023-11-16 18:22:40.684023,1014,392,long
2023-11-16 18:22:40.729364,1085,375,long
2023-11-16 18:22:40.858412,4076,27,long
2023-11-16 18:22:41.031588,1174,411,long
2023-11-16 18:22:41.426797,1094,378,long
2023-11-16 18:22:41.682794,1086,410,long
2023-11-16 18:22:41.924959,987,413,long
2023-11-16 18:22:42.778598,1088,363,long
2023-11-16 18:22:43.378401,1102,523,long
2023-11-16 18:22:43.456957,1029,401,long
2023-11-16 18:22:43.814340,981,381,long
2023-11-16 18:22:43.914721,1029,405,long
2023-11-16 18:22:44.001328,374,91,medium
2023-11-16 18:22:44.007250,2675,97,long
2023-11-16 18:22:44.172280,1023,415,long
2023-11-16 18:22:44.408915,956,59,long
2023-11-16 18:22:44.696559,1057,388,long
2023-11-16 18:22:44.766984,1053,385,long
2023-11-16 18:22:45.427105,1041,395,long
2023-11-16 18:22:45.754209,4106,99,long
2023-11-16 18:22:46.309618,1146,401,long
2023-11-16 18:22:46.471699,1038,401,long
2023-11-16 18:22:46.605075,1051,440,long
2023-11-16 18:22:46.699500,15,134,short
2023-11-16 18:22:46.881283,1006,394,long
2023-11-16 18:22:47.219794,424,102,medium
2023-11-16 18:22:47.443318,1029,415,long
2023-11-16 18:22:47.483771,1006,488,long
2023-11-16 18:22:47.994308,1005,386,long
2023-11-16 18:22:48.459206,404,96,medium
2023-11-16 18:22:48.760732,1147,509,long
2023-11-16 18:22:48.853354,1314,138,long
2023-11-16 18:22:49.065657,1008,408,long
2023-11-16 18:22:49.527317,397,93,medium
2023-11-16 18:22:49.668544,1027,450,long
2023-11-16 18:22:49.864786,2312,107,long
2023-11-16 18:22:50.940047,424,96,medium
2023-11-16 18:22:51.285336,2739,97,long
2023-11-16 18:22:51.346342,1042,424,long
2023-11-16 18:22:51.631305,2675,84,long
2023-11-16 18:22:51.886591,1094,385,long
2023-11-16 18:22:52.179835,415,93,medium
2023-11-16 18:22:52.239735,1096,411,long
2023-11-16 18:22:52.439745,398,127,medium
2023-11-16 18:22:52.621699,1052,564,long
2023-11-16 18:22:52.806590,1089,394,long
2023-11-16 18:22:52.913758,1160,443,long
2023-11-16 18:22:53.119558,1786,50,long
2023-11-16 18:22:53.420850,1090,558,long
2023-11-16 18:22:53.625998,1317,180,long
2023-11-16 18:22:53.972757,1179,511,long
2023-11-16 18:22:54.253457,1116,368,long
2023-11-16 18:22:54.331992,388,55,medium
2023-11-16 18:22:54.911597,4081,53,long
2023-11-16 18:22:54.925304,887,112,long
2023-11-16 18:22:54.951478,1020,385,long
2023-11-16 18:22:55.396428,1313,135,long
2023-11-16 18:22:55.461621,1055,395,long
2023-11-16 18:22:55.507225,1130,391,long
2023-11-16 18:22:56.041050,1062,398,long
2023-11-16 18:22:56.410775,1070,411,long
2023-11-16 18:22:56.529526,238,14,medium
2023-11-16 18:22:56.606903,1060,468,long
2023-11-16 18:22:56.994801,1026,379,long
2023-11-16 18:22:57.065160,1073,385,long
2023-11-16 18:22:57.066585,1325,198,long
2023-11-16 18:22:57.147702,387,58,medium
2023-11-16 18:22:57.189786,438,93,medium
2023-11-16 18:22:57.314507,406,86,medium
2023-11-16 18:22:57.545894,388,93,medium
2023-11-16 18:22:58.414624,398,107,medium
2023-11-16 18:22:58.985184,22,131,short
2023-11-16 18:22:59.307802,417,110,medium
2023-11-16 18:22:59.425090,1052,400,long
2023-11-16 18:22:59.481429,1069,388,long
2023-11-16 18:22:59.607595,1019,427,long
2023-11-16 18:22:59.641274,1222,396,long
2023-11-16 18:22:59.651946,902,29,long
2023-11-16 18:23:00.034779,1051,440,long
2023-11-16 18:23:00.059788,2006,175,long
2023-11-16 18:23:00.089668,1135,388,long
2023-11-16 18:23:00.521954,1349,172,long
2023-11-16 18:23:01.139405,1147,525,long
2023-11-16 18:23:01.350744,1095,387,long
2023-11-16 18:23:01.697513,1158,383,long
2023-11-16 18:23:02.233630,1090,414,long
2023-11-16 18:23:02.556848,396,99,medium
2023-11-16 18:23:02.949388,1091,397,long
2023-11-16 18:23:03.239731,1083,430,long
2023-11-16 18:23:04.371938,2312,107,long
2023-11-16 18:23:04.398365,1136,396,long
2023-11-16 18:23:04.544788,1001,375,long
2023-11-16 18:23:04.703853,50,154,short
2023-11-16 18:23:04.749686,1056,499,long
2023-11-16 18:23:04.924251,1084,534,long
2023-11-16 18:23:05.337221,1062,416,long
2023-11-16 18:23:05.363998,773,41,long
2023-11-16 18:23:05.516164,1070,373,long
2023-11-16 18:23:05.724653,1085,407,long
2023-11-16 18:23:05.963010,388,75,medium
2023-11-16 18:23:06.354625,383,80,medium
2023-11-16 18:23:06.462641,1027,660,long
2023-11-16 18:23:06.548662,414,102,medium
2023-11-16 18:23:06.786133,1164,444,long
2023-11-16 18:23:07.015851,1069,430,long
2023-11-16 18:23:07.206310,1136,396,long
2023-11-16 18:23:07.580688,1951,67,long
2023-11-16 18:23:07.674929,2739,111,long
2023-11-16 18:23:07.778274,1044,527,long
2023-11-16 18:23:07.880220,1094,575,long
2023-11-16 18:23:07.915819,1086,446,long
2023-11-16 18:23:08.765710,991,394,long
2023-11-16 18:23:09.279407,383,59,medium
2023-11-16 18:23:10.094171,976,388,long
2023-11-16 18:23:10.368030,1158,400,long
2023-11-16 18:23:10.450491,2584,148,long
2023-11-16 18:23:10.489460,1089,1000,long
2023-11-16 18:23:10.495307,1031,388,long
2023-11-16 18:23:11.118808,1134,394,long
2023-11-16 18:23:11.199093,1314,227,long
2023-11-16 18:23:11.267841,400,90,medium
2023-11-16 18:23:11.420727,1025,604,long
2023-11-16 18:23:11.516574,1052,415,long
2023-11-16 18:23:11.892411,1020,420,long
2023-11-16 18:23:11.899439,410,99,medium
2023-11-16 18:23:12.040501,998,385,long
2023-11-16 18:23:12.153589,1120,419,long
2023-11-16 18:23:12.282783,1112,394,long
2023-11-16 18:23:12.338862,973,565,long
2023-11-16 18:23:12.370789,1351,148,long
2023-11-16 18:23:12.477040,2596,50,long
2023-11-16 18:23:12.722960,16,163,short
2023-11-16 18:23:12.723397,1069,396,long
2023-11-16 18:23:12.928987,1316,193,long
2023-11-16 18:23:13.012122,1025,514,long
2023-11-16 18:23:13.049402,2006,77,long
2023-11-16 18:23:13.798878,378,51,medium
2023-11-16 18:23:13.946746,1036,398,long
2023-11-16 18:23:13.952592,1042,558,long
2023-11-16 18:23:14.255710,1089,372,long
2023-11-16 18:23:14.556371,1146,395,long
2023-11-16 18:23:14.619264,1011,411,long
2023-11-16 18:23:15.296121,981,382,long
2023-11-16 18:23:15.756835,1138,414,long
2023-11-16 18:23:15.995862,1163,418,long
2023-11-16 18:23:15.996544,1087,417,long
2023-11-16 18:23:16.198466,1138,517,long
2023-11-16 18:23:16.263758,1160,468,long
2023-11-16 18:23:16.330988,21,165,short
2023-11-16 18:23:16.357216,4084,81,long
2023-11-16 18:23:16.440838,1091,378,long
2023-11-16 18:23:16.515542,1149,407,long
2023-11-16 18:23:16.539925,4077,56,long
2023-11-16 18:23:16.717902,1378,85,long
2023-11-16 18:23:16.812195,1013,397,long
2023-11-16 18:23:16.916453,1053,408,long
2023-11-16 18:23:17.048469,1049,398,long
2023-11-16 18:23:17.172992,1474,94,long
2023-11-16 18:23:17.176967,243,14,medium
2023-11-16 18:23:17.177614,401,95,medium
2023-11-16 18:23:17.280764,430,106,medium
2023-11-16 18:23:17.499504,2445,84,long
2023-11-16 18:23:17.633491,1044,415,long
2023-11-16 18:23:18.003750,1179,398,long
2023-11-16 18:23:18.087512,1175,401,long
2023-11-16 18:23:18.648885,1034,395,long
2023-11-16 18:23:18.706242,1951,46,long
2023-11-16 18:23:18.923030,1134,394,long
2023-11-16 18:23:18.976233,415,101,medium
2023-11-16 18:23:19.044538,1157,416,long
2023-11-16 18:23:19.340042,983,151,long
2023-11-16 18:23:19.422207,1059,448,long
2023-11-16 18:23:19.499491,969,375,long
2023-11-16 18:23:19.924466,243,14,medium
2023-11-16 18:23:19.935971,1011,373,long
2023-11-16 18:23:20.044425,1040,385,long
2023-11-16 18:23:20.428652,1047,419,long
2023-11-16 18:23:20.587555,1135,396,long
2023-11-16 18:23:20.794669,1162,401,long
2023-11-16 18:23:20.794898,1150,395,long
2023-11-16 18:23:21.219419,20,177,short
2023-11-16 18:23:21.373203,379,70,medium
2023-11-16 18:23:21.516457,1106,396,long
2023-11-16 18:23:21.956688,414,95,medium
2023-11-16 18:23:22.061434,1072,415,long
2023-11-16 18:23:22.717256,238,14,medium
2023-11-16 18:23:22.781809,385,87,medium
2023-11-16 18:23:23.178025,322,18,medium
2023-11-16 18:23:23.225218,1026,396,long
2023-11-16 18:23:23.593191,970,403,long
2023-11-16 18:23:23.775020,1378,85,long
2023-11-16 18:23:23.991758,13,172,short
2023-11-16 18:23:24.035819,1004,388,long
2023-11-16 18:23:24.125861,980,372,long
2023-11-16 18:23:24.954428,1102,530,long
2023-11-16 18:23:25.053009,1005,394,long
2023-11-16 18:23:25.224136,403,94,medium
2023-11-16 18:23:25.516030,1169,451,long
2023-11-16 18:23:25.562467,1140,397,long
2023-11-16 18:23:25.630292,1083,395,long
2023-11-16 18:23:25.813001,4079,32,long
2023-11-16 18:23:25.845923,1034,398,long
2023-11-16 18:23:26.142961,404,131,medium
2023-11-16 18:23:26.216645,1073,422,long
2023-11-16 18:23:26.258924,243,14,medium
2023-11-16 18:23:26.397505,4125,55,long
2023-11-16 18:23:26.561486,1146,389,long
2023-11-16 18:23:26.728795,1017,394,long
2023-11-16 18:23:27.094694,1164,395,long
2023-11-16 18:23:27.166000,1312,156,long
2023-11-16 18:23:27.409781,2342,81,long
2023-11-16 18:23:27.577933,1096,396,long
2023-11-16 18:23:27.844814,983,151,long
2023-11-16 18:23:28.179163,1050,412,long
2023-11-16 18:23:28.331128,399,87,medium
2023-11-16 18:23:28.401458,404,118,medium
2023-11-16 18:23:28.783630,1992,91,long
2023-11-16 18:23:28.864596,1163,409,long
2023-11-16 18:23:28.998596,1103,577,long
2023-11-16 18:23:29.475289,1123,651,long
2023-11-16 18:23:29.483341,1032,396,long
2023-11-16 18:23:29.536290,315,18,medium
2023-11-16 18:23:29.554554,1316,151,long
2023-11-16 18:23:29.648253,1014,398,long
2023-11-16 18:23:29.948317,1071,426,long
2023-11-16 18:23:29.965085,1069,523,long
2023-11-16 18:23:30.220973,421,93,medium
2023-11-16 18:23:30.559049,1474,109,long
2023-11-16 18:23:30.994718,1097,393,long
2023-11-16 18:23:31.242654,1086,419,long
2023-11-16 18:23:31.967878,238,14,medium
2023-11-16 18:23:31.971580,1088,382,long
2023-11-16 18:23:32.087536,1088,417,long
2023-11-16 18:23:32.161985,724,40,long
2023-11-16 18:23:32.654137,1151,404,long
2023-11-16 18:23:32.749830,1101,385,long
2023-11-16 18:23:32.969853,1090,558,long
2023-11-16 18:23:33.452347,960,413,long
2023-11-16 18:23:33.856358,1094,411,long
2023-11-16 18:23:34.350202,1111,396,long
2023-11-16 18:23:34.395599,1316,140,long
2023-11-16 18:23:35.170442,2611,55,long
2023-11-16 18:23:35.219298,1094,377,long
2023-11-16 18:23:35.539629,403,86,medium
2023-11-16 18:23:36.099377,1316,149,long
2023-11-16 18:23:36.183248,4091,50,long
2023-11-16 18:23:37.559777,1114,442,long
2023-11-16 18:23:37.949484,1323,213,long
2023-11-16 18:23:37.956763,4086,71,long
2023-11-16 18:23:38.078350,397,181,medium
2023-11-16 18:23:38.215317,1069,419,long
2023-11-16 18:23:39.104314,1316,207,long
2023-11-16 18:23:39.150844,374,76,medium
2023-11-16 18:23:39.825005,994,396,long
2023-11-16 18:23:39.861418,1961,96,long
2023-11-16 18:23:40.251605,961,388,long
2023-11-16 18:23:40.261464,397,94,medium
2023-11-16 18:23:40.278221,1053,380,long
2023-11-16 18:23:40.445374,1314,111,long
2023-11-16 18:23:40.681175,1131,432,long
2023-11-16 18:23:41.099338,1198,394,long
2023-11-16 18:23:41.595304,1074,377,long
2023-11-16 18:23:41.704651,44,121,short
2023-11-16 18:23:41.767271,738,10,long
2023-11-16 18:23:41.813242,738,10,long
2023-11-16 18:23:42.568667,738,20,long
2023-11-16 18:23:42.779000,1026,418,long
2023-11-16 18:23:42.892236,1040,399,long
2023-11-16 18:23:43.442056,1133,414,long
2023-11-16 18:23:43.640725,808,43,long
2023-11-16 18:23:43.659614,373,78,medium
2023-11-16 18:23:43.814571,1138,80,long
2023-11-16 18:23:43.877592,1133,379,long
2023-11-16 18:23:44.089183,120,12,short
2023-11-16 18:23:44.288817,1073,419,long
2023-11-16 18:23:44.839803,1128,428,long
2023-11-16 18:23:45.033331,1020,74,long
2023-11-16 18:23:45.214144,1124,411,long
2023-11-16 18:23:45.235199,1048,396,long
2023-11-16 18:23:45.235814,1013,394,long
2023-11-16 18:23:45.692346,4080,59,long
2023-11-16 18:23:45.901509,2700,74,long
2023-11-16 18:23:46.187134,376,69,medium
2023-11-16 18:23:46.451858,1148,393,long
2023-11-16 18:23:46.782804,1018,391,long
2023-11-16 18:23:46.888916,1337,79,long
2023-11-16 18:23:47.046017,1099,57,long
2023-11-16 18:23:47.130560,1051,396,long
2023-11-16 18:23:47.136286,1138,398,long
2023-11-16 18:23:47.389997,1148,375,long
2023-11-16 18:23:47.650681,4088,363,long
2023-11-16 18:23:47.764498,424,114,medium
2023-11-16 18:23:47.860189,388,80,medium
2023-11-16 18:23:47.896073,1091,397,long
2023-11-16 18:23:47.954445,1484,88,long
2023-11-16 18:23:48.735018,4090,65,long
2023-11-16 18:23:48.754829,1312,181,long
2023-11-16 18:23:48.831266,1031,403,long
2023-11-16 18:23:48.969838,2744,60,long
2023-11-16 18:23:49.143030,1089,402,long
2023-11-16 18:23:50.132376,1135,390,long
2023-11-16 18:23:50.178447,391,87,medium
2023-11-16 18:23:50.290348,974,406,long
2023-11-16 18:23:50.429017,1013,396,long
2023-11-16 18:23:50.757871,1316,150,long
2023-11-16 18:23:50.867218,1084,429,long
2023-11-16 18:23:50.938460,1162,390,long
2023-11-16 18:23:51.140890,1061,117,long
2023-11-16 18:23:51.165683,1046,427,long
2023-11-16 18:23:51.669670,1183,501,long
2023-11-16 18:23:51.742799,1182,372,long
2023-11-16 18:23:51.819287,1167,398,long
2023-11-16 18:23:51.845606,381,76,medium
2023-11-16 18:23:51.911619,4085,28,long
2023-11-16 18:23:51.985552,1198,405,long
2023-11-16 18:23:52.003669,1006,397,long
2023-11-16 18:23:52.261772,1026,385,long
2023-11-16 18:23:52.299285,1022,413,long
2023-11-16 18:23:52.406974,900,102,long
2023-11-16 18:23:52.787140,2584,139,long
2023-11-16 18:23:53.118613,2221,200,long
2023-11-16 18:23:53.152169,911,97,long
2023-11-16 18:23:53.355743,1096,398,long
2023-11-16 18:23:53.470401,389,87,medium
2023-11-16 18:23:53.646400,1102,420,long
2023-11-16 18:23:53.809814,1010,391,long
2023-11-16 18:23:53.913061,1148,398,long
2023-11-16 18:23:53.975243,1024,396,long
2023-11-16 18:23:54.108703,1023,394,long
2023-11-16 18:23:54.124284,242,14,medium
2023-11-16 18:23:54.191810,1144,396,long
2023-11-16 18:23:54.593102,995,449,long
2023-11-16 18:23:54.653410,1082,411,long
2023-11-16 18:23:54.736862,1020,74,long
2023-11-16 18:23:54.926537,989,392,long
2023-11-16 18:23:55.340667,1717,28,long
2023-11-16 18:23:55.603435,1013,373,long
2023-11-16 18:23:55.700653,1051,427,long
2023-11-16 18:23:55.920432,382,64,medium
2023-11-16 18:23:56.118572,1313,204,long
2023-11-16 18:23:56.536792,4081,45,long
2023-11-16 18:23:56.582587,381,88,medium
2023-11-16 18:23:56.609207,1051,538,long
2023-11-16 18:23:56.702287,243,14,medium
2023-11-16 18:23:56.749777,1337,79,long
2023-11-16 18:23:56.934693,401,164,medium
2023-11-16 18:23:57.172372,120,12,short
2023-11-16 18:23:57.190630,1130,398,long
2023-11-16 18:23:57.191088,1134,393,long
2023-11-16 18:23:57.212369,1053,385,long
2023-11-16 18:23:57.331393,1015,393,long
2023-11-16 18:23:57.407208,25,165,short
2023-11-16 18:23:57.511815,1168,453,long
2023-11-16 18:23:57.735525,1023,396,long
2023-11-16 18:23:58.048285,964,476,long
2023-11-16 18:23:58.088059,1360,90,long
2023-11-16 18:23:58.124609,1048,397,long
2023-11-16 18:23:58.279007,996,441,long
2023-11-16 18:23:58.318958,890,89,long
2023-11-16 18:23:58.321576,1135,415,long
2023-11-16 18:23:58.361553,4077,41,long
2023-11-16 18:23:58.389845,408,100,medium
2023-11-16 18:23:58.432777,1266,397,long
2023-11-16 18:23:58.744626,403,89,medium
2023-11-16 18:23:58.898130,1127,398,long
2023-11-16 18:23:58.971664,390,79,medium
2023-11-16 18:23:59.742707,1084,390,long
2023-11-16 18:24:00.110102,963,399,long
2023-11-16 18:24:00.378165,404,128,medium
2023-11-16 18:24:00.469293,1201,396,long
2023-11-16 18:24:00.576852,1115,418,long
2023-11-16 18:24:00.912917,1025,397,long
2023-11-16 18:24:01.775817,418,113,medium
2023-11-16 18:24:01.798796,984,409,long
2023-11-16 18:24:01.958370,1150,394,long
2023-11-16 18:24:02.181565,1011,384,long
2023-11-16 18:24:02.596441,1149,383,long
2023-11-16 18:24:02.641374,408,103,medium
2023-11-16 18:24:02.749722,386,67,medium
2023-11-16 18:24:03.283777,1196,410,long
2023-11-16 18:24:03.474439,1008,414,long
2023-11-16 18:24:03.616845,985,421,long
2023-11-16 18:24:03.695803,988,432,long
2023-11-16 18:24:03.774922,1027,414,long
2023-11-16 18:24:03.775226,1042,394,long
2023-11-16 18:24:03.842861,1071,384,long
2023-11-16 18:24:03.865431,1093,401,long
2023-11-16 18:24:04.041273,1171,523,long
2023-11-16 18:24:04.240628,1048,433,long
2023-11-16 18:24:04.260323,1821,84,long
2023-11-16 18:24:04.477519,388,98,medium
2023-11-16 18:24:04.489520,1047,99,long
2023-11-16 18:24:05.021719,21,138,short
2023-11-16 18:24:05.516981,971,444,long
2023-11-16 18:24:05.626514,1185,434,long
2023-11-16 18:24:05.713195,4089,26,long
2023-11-16 18:24:06.159551,3476,125,long
2023-11-16 18:24:06.279292,1231,396,long
2023-11-16 18:24:06.459506,413,113,medium
2023-11-16 18:24:06.831913,1255,414,long
2023-11-16 18:24:07.162034,922,104,long
2023-11-16 18:24:07.258853,1080,375,long
2023-11-16 18:24:07.380391,4124,73,long
2023-11-16 18:24:07.397936,383,48,medium
2023-11-16 18:24:07.819019,120,12,short
2023-11-16 18:24:07.846380,376,84,medium
2023-11-16 18:24:07.896548,2592,72,long
2023-11-16 18:24:07.899839,1315,199,long
2023-11-16 18:24:07.927852,36,130,short
2023-11-16 18:24:08.276324,422,67,medium
2023-11-16 18:24:08.345468,374,44,medium
2023-11-16 18:24:08.531708,1360,94,long
2023-11-16 18:24:08.704794,1076,396,long
2023-11-16 18:24:08.724012,1313,137,long
2023-11-16 18:24:08.967580,890,89,long
2023-11-16 18:24:09.009703,1161,395,long
2023-11-16 18:24:09.431372,382,86,medium
2023-11-16 18:24:09.648674,397,86,medium
2023-11-16 18:24:09.725706,420,88,medium
2023-11-16 18:24:09.844071,1062,397,long
2023-11-16 18:24:10.021385,1122,377,long
2023-11-16 18:24:10.045804,4076,72,long
2023-11-16 18:24:10.319118,1099,420,long
2023-11-16 18:24:11.164664,1048,379,long
2023-11-16 18:24:11.615513,1055,413,long
2023-11-16 18:24:12.230481,3476,118,long
2023-11-16 18:24:12.422971,1006,44,long
2023-11-16 18:24:12.541503,1670,117,long
2023-11-16 18:24:12.602582,411,81,medium
2023-11-16 18:24:13.053309,1757,45,long
2023-11-16 18:24:13.063980,999,419,long
2023-11-16 18:24:13.172852,247,14,medium
2023-11-16 18:24:13.285697,1020,388,long
2023-11-16 18:24:13.379017,442,99,medium
2023-11-16 18:24:13.509404,324,18,medium
2023-11-16 18:24:13.627916,1009,410,long
2023-11-16 18:24:13.653068,391,104,medium
2023-11-16 18:24:14.547240,1313,157,long
2023-11-16 18:24:14.773700,2236,128,long
2023-11-16 18:24:15.111240,1317,198,long
2023-11-16 18:24:15.115758,386,99,medium
2023-11-16 18:24:15.175217,1043,401,long
2023-11-16 18:24:15.373371,1165,45,long
2023-11-16 18:24:15.482185,1028,414,long
2023-11-16 18:24:15.841507,1821,143,long
2023-11-16 18:24:16.336662,4078,54,long
2023-11-16 18:24:16.495995,237,14,medium
2023-11-16 18:24:16.675085,1151,434,long
2023-11-16 18:24:17.436471,1484,159,long
2023-11-16 18:24:17.636725,427,93,medium
2023-11-16 18:24:17.756151,1207,400,long
2023-11-16 18:24:17.816978,4071,56,long
2023-11-16 18:24:17.834433,1001,407,long
2023-11-16 18:24:17.991496,50,168,short
2023-11-16 18:24:18.079497,1381,40,long
2023-11-16 18:24:18.448236,396,93,medium
2023-11-16 18:24:18.626641,4096,51,long
2023-11-16 18:24:18.927990,1040,396,long
2023-11-16 18:24:18.966025,394,88,medium
2023-11-16 18:24:19.096981,378,48,medium
2023-11-16 18:24:19.185762,4162,78,long
2023-11-16 18:24:19.681351,1307,501,long
2023-11-16 18:24:19.945211,974,402,long
2023-11-16 18:24:19.958349,1129,467,long
2023-11-16 18:24:20.129105,1040,388,long
2023-11-16 18:24:20.299781,1159,405,long
2023-11-16 18:24:20.388277,946,398,long
2023-11-16 18:24:20.641351,967,419,long
2023-11-16 18:24:21.282789,1109,383,long
2023-11-16 18:24:21.453276,1171,526,long
2023-11-16 18:24:21.461026,1670,65,long
2023-11-16 18:24:22.084145,4164,63,long
2023-11-16 18:24:22.215355,1039,399,long
2023-11-16 18:24:22.460029,2169,150,long
2023-11-16 18:24:22.501838,1184,405,long
2023-11-16 18:24:22.536484,2910,88,long
2023-11-16 18:24:22.582854,421,99,medium
2023-11-16 18:24:22.598468,1046,398,long
2023-11-16 18:24:22.708205,1034,428,long
2023-11-16 18:24:22.812928,373,93,medium
2023-11-16 18:24:23.010643,890,115,long
2023-11-16 18:24:23.248948,377,51,medium
2023-11-16 18:24:23.424606,426,126,medium
2023-11-16 18:24:23.435009,1508,76,long
2023-11-16 18:24:23.752409,1059,410,long
2023-11-16 18:24:24.473275,1196,410,long
2023-11-16 18:24:24.861038,1072,419,long
2023-11-16 18:24:25.009604,1020,394,long
2023-11-16 18:24:25.084393,26,150,short
2023-11-16 18:24:25.115316,1045,378,long
2023-11-16 18:24:25.263496,4098,102,long
2023-11-16 18:24:25.264917,2236,101,long
2023-11-16 18:24:25.358408,1116,446,long
2023-11-16 18:24:25.570176,1084,418,long
2023-11-16 18:24:25.573854,1338,195,long
2023-11-16 18:24:25.658379,1137,509,long
2023-11-16 18:24:26.022146,1130,468,long
2023-11-16 18:24:26.193021,387,82,medium
2023-11-16 18:24:26.462619,1087,402,long
2023-11-16 18:24:27.126956,4077,61,long
2023-11-16 18:24:27.150852,1075,395,long
2023-11-16 18:24:27.241976,1131,396,long
2023-11-16 18:24:27.636204,4152,165,long
2023-11-16 18:24:27.851566,4089,56,long
2023-11-16 18:24:28.045364,1353,144,long
2023-11-16 18:24:28.178898,1484,159,long
2023-11-16 18:24:29.003246,1183,384,long
2023-11-16 18:24:29.112469,1318,148,long
2023-11-16 18:24:29.839222,4076,39,long
2023-11-16 18:24:30.195922,1907,90,long
2023-11-16 18:24:30.599888,401,82,medium
2023-11-16 18:24:30.711123,2765,99,long
2023-11-16 18:24:31.035698,1961,95,long
2023-11-16 18:24:31.052866,403,135,medium
2023-11-16 18:24:31.054072,389,100,medium
2023-11-16 18:24:31.064248,399,101,medium
2023-11-16 18:24:31.106709,953,375,long
2023-11-16 18:24:31.233882,1066,431,long
2023-11-16 18:24:31.282892,298,18,medium
2023-11-16 18:24:31.303669,1146,413,long
2023-11-16 18:24:31.615182,1178,607,long
2023-11-16 18:24:31.860485,1066,388,long
2023-11-16 18:24:31.860491,1248,378,long
2023-11-16 18:24:31.886015,387,68,medium
2023-11-16 18:24:32.022434,1027,392,long
2023-11-16 18:24:32.116051,858,107,long
2023-11-16 18:24:32.280157,1052,413,long
2023-11-16 18:24:32.312603,2202,41,long
2023-11-16 18:24:32.443039,1034,417,long
2023-11-16 18:24:32.502485,1038,394,long
2023-11-16 18:24:32.748941,120,12,short
2023-11-16 18:24:32.786715,435,117,medium
2023-11-16 18:24:33.061317,4085,56,long
2023-11-16 18:24:33.883403,1190,403,long
2023-11-16 18:24:33.948301,3030,46,long
2023-11-16 18:24:33.974362,955,68,long
2023-11-16 18:24:34.020182,1248,423,long
2023-11-16 18:24:34.412948,406,96,medium
2023-11-16 18:24:34.440693,1093,411,long
2023-11-16 18:24:34.624392,434,82,medium
2023-11-16 18:24:35.263148,368,72,medium
2023-11-16 18:24:35.501436,988,375,long
2023-11-16 18:24:35.613162,418,95,medium
2023-11-16 18:24:35.654754,1531,70,long
2023-11-16 18:24:35.704535,1135,410,long
2023-11-16 18:24:36.267176,1142,79,long
2023-11-16 18:24:36.416579,1189,378,long
2023-11-16 18:24:37.088765,394,97,medium
2023-11-16 18:24:37.156957,1147,498,long
2023-11-16 18:24:37.204088,4087,44,long
2023-11-16 18:24:37.267798,985,427,long
2023-11-16 18:24:37.371577,1047,99,long
2023-11-16 18:24:37.402244,1128,410,long
2023-11-16 18:24:37.402698,647,74,long
2023-11-16 18:24:37.555250,972,388,long
2023-11-16 18:24:37.665254,242,14,medium
2023-11-16 18:24:37.788158,1048,412,long
2023-11-16 18:24:37.899137,1062,394,long
2023-11-16 18:24:37.964536,396,97,medium
2023-11-16 18:24:37.966432,431,99,medium
2023-11-16 18:24:38.095143,4107,57,long
2023-11-16 18:24:38.360378,405,92,medium
2023-11-16 18:24:38.483883,959,384,long
2023-11-16 18:24:38.934822,387,68,medium
2023-11-16 18:24:39.019118,1254,419,long
2023-11-16 18:24:39.245370,396,75,medium
2023-11-16 18:24:39.881253,1100,424,long
2023-11-16 18:24:40.306916,1028,408,long
2023-11-16 18:24:40.624419,955,394,long
2023-11-16 18:24:40.747871,19,178,short
2023-11-16 18:24:40.912486,373,60,medium
2023-11-16 18:24:41.032649,1023,396,long
2023-11-16 18:24:41.034255,1105,407,long
2023-11-16 18:24:41.063985,1028,379,long
2023-11-16 18:24:41.196268,4070,37,long
2023-11-16 18:24:41.515442,1907,84,long
2023-11-16 18:24:41.545734,1028,396,long
2023-11-16 18:24:41.557064,1364,480,long
2023-11-16 18:24:41.617596,1034,417,long
2023-11-16 18:24:41.857732,2744,60,long
2023-11-16 18:24:41.877779,1084,414,long
2023-11-16 18:24:42.002062,378,45,medium
2023-11-16 18:24:42.218232,1028,55,long
2023-11-16 18:24:42.335996,1103,396,long
2023-11-16 18:24:42.546352,1314,156,long
2023-11-16 18:24:42.575589,404,91,medium
2023-11-16 18:24:42.716818,1002,388,long
2023-11-16 18:24:42.911967,1128,502,long
2023-11-16 18:24:43.215396,4084,61,long
2023-11-16 18:24:43.480851,1018,395,long
2023-11-16 18:24:43.506505,3030,46,long
2023-11-16 18:24:43.607632,840,45,long
2023-11-16 18:24:44.196466,449,119,medium
2023-11-16 18:24:44.405928,376,145,medium
2023-11-16 18:24:44.459448,2169,134,long
2023-11-16 18:24:44.513965,1030,393,long
2023-11-16 18:24:44.526541,374,79,medium
2023-11-16 18:24:44.599714,1992,66,long
2023-11-16 18:24:45.047016,957,388,long
2023-11-16 18:24:45.070452,1043,377,long
2023-11-16 18:24:45.255716,4191,51,long
2023-11-16 18:24:45.278484,864,129,long
2023-11-16 18:24:45.369032,2059,94,long
2023-11-16 18:24:46.068764,1150,395,long
2023-11-16 18:24:46.439623,386,69,medium
2023-11-16 18:24:46.505105,325,18,medium
2023-11-16 18:24:46.766741,1114,429,long
2023-11-16 18:24:46.898824,4093,52,long
2023-11-16 18:24:46.957935,1093,398,long
2023-11-16 18:24:47.007732,1052,373,long
2023-11-16 18:24:47.238122,1122,377,long
2023-11-16 18:24:47.453277,1002,373,long
2023-11-16 18:24:48.098164,4086,32,long
2023-11-16 18:24:48.228564,4079,79,long
2023-11-16 18:24:48.514410,1071,405,long
2023-11-16 18:24:48.539568,1369,44,long
2023-11-16 18:24:48.634864,1160,468,long
2023-11-16 18:24:48.701016,1868,82,long
2023-11-16 18:24:49.087998,1571,89,long
2023-11-16 18:24:49.600727,719,113,long
2023-11-16 18:24:49.751522,413,102,medium
2023-11-16 18:24:50.119377,1066,431,long
2023-11-16 18:24:50.337937,1058,419,long
2023-11-16 18:24:50.359571,1000,375,long
2023-11-16 18:24:50.374454,4101,52,long
2023-11-16 18:24:50.422459,404,68,medium
2023-11-16 18:24:50.716665,1484,159,long
2023-11-16 18:24:51.156276,400,98,medium
2023-11-16 18:24:51.231885,429,84,medium
2023-11-16 18:24:51.835395,1054,414,long
2023-11-16 18:24:51.837540,691,51,long
2023-11-16 18:24:51.863778,396,90,medium
2023-11-16 18:24:52.019509,4079,163,long
2023-11-16 18:24:52.163467,387,97,medium
2023-11-16 18:24:53.268501,1185,384,long
2023-11-16 18:24:53.379121,2765,136,long
2023-11-16 18:24:53.562187,1130,609,long
2023-11-16 18:24:53.817671,3607,73,long
2023-11-16 18:24:54.341793,2332,81,long
2023-11-16 18:24:54.506854,1313,145,long
2023-11-16 18:24:54.691349,398,123,medium
2023-11-16 18:24:54.714513,1121,423,long
2023-11-16 18:24:54.757750,428,101,medium
2023-11-16 18:24:54.791170,1077,391,long
2023-11-16 18:24:54.994161,1341,50,long
2023-11-16 18:24:55.018811,4076,46,long
2023-11-16 18:24:55.717628,4075,51,long
2023-11-16 18:24:56.454368,384,69,medium
2023-11-16 18:24:56.478460,1085,363,long
2023-11-16 18:24:56.479898,2058,91,long
2023-11-16 18:24:56.872332,404,93,medium
2023-11-16 18:24:56.905551,1386,125,long
2023-11-16 18:24:56.937011,382,57,medium
2023-11-16 18:24:57.068759,396,104,medium
2023-11-16 18:24:57.090001,410,152,medium
2023-11-16 18:24:57.099397,4085,58,long
2023-11-16 18:24:57.165054,993,40,long
2023-11-16 18:24:57.236464,2059,94,long
2023-11-16 18:24:57.554204,391,57,medium
2023-11-16 18:24:57.754259,1190,375,long
2023-11-16 18:24:58.190453,1912,72,long
2023-11-16 18:24:58.198654,1101,430,long
2023-11-16 18:24:58.251710,2935,63,long
2023-11-16 18:24:58.313268,719,113,long
2023-11-16 18:24:58.506380,1314,144,long
2023-11-16 18:24:58.598808,1024,395,long
2023-11-16 18:24:58.909743,2221,194,long
2023-11-16 18:24:59.050538,1126,397,long
2023-11-16 18:24:59.144792,976,599,long
2023-11-16 18:24:59.393229,4138,73,long
2023-11-16 18:24:59.576565,1110,427,long
2023-11-16 18:24:59.739110,1091,401,long
2023-11-16 18:24:59.852539,4069,46,long
2023-11-16 18:24:59.865206,1093,396,long
2023-11-16 18:24:59.910609,983,400,long
2023-11-16 18:25:00.011944,1314,152,long
2023-11-16 18:25:00.314430,1015,458,long
2023-11-16 18:25:00.380032,1152,395,long
2023-11-16 18:25:00.389510,12,113,short
2023-11-16 18:25:00.466344,1125,468,long
2023-11-16 18:25:00.617206,1024,410,long
2023-11-16 18:25:00.666977,1571,89,long
2023-11-16 18:25:00.698966,376,91,medium
2023-11-16 18:25:01.076085,1049,411,long
2023-11-16 18:25:01.381840,1139,50,long
2023-11-16 18:25:02.589806,2464,78,long
2023-11-16 18:25:02.747611,977,411,long
2023-11-16 18:25:03.242258,1076,375,long
2023-11-16 18:25:03.517057,1131,413,long
2023-11-16 18:25:03.891122,1008,446,long
2023-11-16 18:25:03.897778,1353,182,long
2023-11-16 18:25:04.363370,730,42,long
2023-11-16 18:25:04.393000,1240,398,long
2023-11-16 18:25:04.685951,398,105,medium
2023-11-16 18:25:05.274797,1386,125,long
2023-11-16 18:25:05.277732,1182,411,long
2023-11-16 18:25:05.535419,400,92,medium
2023-11-16 18:25:05.544941,1316,256,long
2023-11-16 18:25:05.573619,398,97,medium
2023-11-16 18:25:05.764874,650,54,long
2023-11-16 18:25:05.767098,1160,414,long
2023-11-16 18:25:06.237781,1187,84,long
2023-11-16 18:25:06.508156,1094,406,long
2023-11-16 18:25:06.719500,1098,449,long
2023-11-16 18:25:07.048288,398,80,medium
2023-11-16 18:25:07.072990,954,54,long
2023-11-16 18:25:07.609616,419,99,medium
2023-11-16 18:25:07.796854,4089,85,long
2023-11-16 18:25:07.918934,400,97,medium
2023-11-16 18:25:08.132826,1146,375,long
2023-11-16 18:25:08.225097,1210,385,long
2023-11-16 18:25:08.230013,396,90,medium
2023-11-16 18:25:08.238365,435,64,medium
2023-11-16 18:25:08.616952,375,96,medium
2023-11-16 18:25:08.779056,381,81,medium
2023-11-16 18:25:09.766367,384,99,medium
2023-11-16 18:25:10.883801,1912,72,long
2023-11-16 18:25:10.954271,1095,423,long
2023-11-16 18:25:11.003897,1201,426,long
2023-11-16 18:25:11.046885,1092,502,long
2023-11-16 18:25:11.208171,1109,91,long
2023-11-16 18:25:11.504683,366,80,medium
2023-11-16 18:25:11.551609,1730,104,long
2023-11-16 18:25:12.142721,1357,200,long
2023-11-16 18:25:12.384823,372,79,medium
2023-11-16 18:25:12.497235,1025,414,long
2023-11-16 18:25:12.625421,1171,396,long
2023-11-16 18:25:12.920935,4095,87,long
2023-11-16 18:25:13.187657,371,62,medium
2023-11-16 18:25:13.299662,881,141,long
2023-11-16 18:25:13.348377,413,106,medium
2023-11-16 18:25:13.529930,120,12,short
2023-11-16 18:25:14.253690,2106,114,long
2023-11-16 18:25:14.554867,2935,63,long
2023-11-16 18:25:14.691570,1087,394,long
2023-11-16 18:25:14.912421,1136,396,long
2023-11-16 18:25:14.994065,376,56,medium
2023-11-16 18:25:15.133271,1244,396,long
2023-11-16 18:25:15.152719,1184,424,long
2023-11-16 18:25:15.456319,1047,87,long
2023-11-16 18:25:15.570848,1999,97,long
2023-11-16 18:25:15.598145,4101,25,long
2023-11-16 18:25:15.648243,1085,375,long
2023-11-16 18:25:15.671914,1002,398,long
2023-11-16 18:25:15.778407,1063,385,long
2023-11-16 18:25:15.858938,1315,163,long
2023-11-16 18:25:15.886961,1150,411,long
2023-11-16 18:25:16.063880,1098,88,long
2023-11-16 18:25:16.104683,4074,200,long
2023-11-16 18:25:16.224197,1158,427,long
2023-11-16 18:25:16.286287,1069,388,long
2023-11-16 18:25:16.387506,429,100,medium
2023-11-16 18:25:16.800206,4085,41,long
2023-11-16 18:25:16.961451,1076,404,long
2023-11-16 18:25:17.061041,385,87,medium
2023-11-16 18:25:17.064624,4076,50,long
2023-11-16 18:25:17.139205,398,146,medium
2023-11-16 18:25:17.190618,1035,373,long
2023-11-16 18:25:17.560338,2697,100,long
2023-11-16 18:25:17.598873,1089,395,long
2023-11-16 18:25:17.626259,1316,203,long
2023-11-16 18:25:17.744125,870,81,long
2023-11-16 18:25:17.766785,1170,502,long
2023-11-16 18:25:17.917242,1190,375,long
2023-11-16 18:25:18.165556,1027,390,long
2023-11-16 18:25:18.782508,1145,478,long
2023-11-16 18:25:19.073984,982,442,long
2023-11-16 18:25:19.083366,1103,411,long
2023-11-16 18:25:19.219650,306,18,medium
2023-11-16 18:25:19.644544,1254,419,long
2023-11-16 18:25:19.799775,957,74,long
2023-11-16 18:25:19.979858,1067,395,long
2023-11-16 18:25:20.126509,1176,500,long
2023-11-16 18:25:20.194994,1160,398,long
2023-11-16 18:25:20.283413,1086,405,long
2023-11-16 18:25:20.411559,1113,417,long
2023-11-16 18:25:20.444025,4090,41,long
2023-11-16 18:25:20.818201,1010,82,long
2023-11-16 18:25:20.837852,7,143,short
2023-11-16 18:25:20.894729,4105,38,long
2023-11-16 18:25:21.386934,2123,94,long
2023-11-16 18:25:21.490283,4074,42,long
2023-11-16 18:25:21.505695,2468,87,long
2023-11-16 18:25:21.519689,406,80,medium
2023-11-16 18:25:21.653714,4088,37,long
2023-11-16 18:25:21.703664,1109,84,long
2023-11-16 18:25:21.839537,430,102,medium
2023-11-16 18:25:22.053908,393,59,medium
2023-11-16 18:25:22.308377,309,18,medium
2023-11-16 18:25:22.869089,396,84,medium
2023-11-16 18:25:23.074238,952,427,long
2023-11-16 18:25:23.271281,2106,108,long
2023-11-16 18:25:23.311280,1042,403,long
2023-11-16 18:25:23.386279,1074,378,long
2023-11-16 18:25:23.606086,4088,61,long
2023-11-16 18:25:23.632204,1044,386,long
2023-11-16 18:25:24.167318,368,45,medium
2023-11-16 18:25:24.234855,1236,376,long
2023-11-16 18:25:24.522287,772,136,long
2023-11-16 18:25:25.357541,1185,401,long
2023-11-16 18:25:25.419907,1034,417,long
2023-11-16 18:25:25.637305,383,94,medium
2023-11-16 18:25:25.685933,1022,494,long
2023-11-16 18:25:25.721498,972,396,long
2023-11-16 18:25:25.770593,4075,62,long
2023-11-16 18:25:26.219415,402,135,medium
2023-11-16 18:25:26.725593,1183,501,long
2023-11-16 18:25:26.811130,1025,916,long
2023-11-16 18:25:27.094719,373,88,medium
2023-11-16 18:25:27.314316,387,67,medium
2023-11-16 18:25:27.415786,1315,188,long
2023-11-16 18:25:27.629147,1315,154,long
2023-11-16 18:25:27.704741,58,111,short
2023-11-16 18:25:28.074750,4123,76,long
2023-11-16 18:25:28.129220,957,74,long
2023-11-16 18:25:28.281879,647,46,long
2023-11-16 18:25:28.315384,1022,426,long
2023-11-16 18:25:28.492583,382,54,medium
2023-11-16 18:25:28.499467,392,104,medium
2023-11-16 18:25:28.527227,1155,403,long
2023-11-16 18:25:28.670290,1057,398,long
2023-11-16 18:25:28.921937,1129,416,long
2023-11-16 18:25:29.455535,1358,51,long
2023-11-16 18:25:29.965115,1004,413,long
2023-11-16 18:25:30.620243,391,97,medium
2023-11-16 18:25:30.991617,1004,399,long
2023-11-16 18:25:31.049664,989,426,long
2023-11-16 18:25:31.165193,459,90,medium
2023-11-16 18:25:31.346427,373,80,medium
2023-11-16 18:25:31.474982,1147,448,long
2023-11-16 18:25:31.529130,1280,91,long
2023-11-16 18:25:31.532630,1037,410,long
2023-11-16 18:25:31.682961,869,47,long
2023-11-16 18:25:32.244706,371,69,medium
2023-11-16 18:25:32.430886,1094,411,long
2023-11-16 18:25:32.528274,1108,442,long
2023-11-16 18:25:32.535404,394,79,medium
2023-11-16 18:25:32.802973,849,100,long
2023-11-16 18:25:33.131478,403,86,medium
2023-11-16 18:25:33.255025,1314,152,long
2023-11-16 18:25:33.750020,1063,374,long
2023-11-16 18:25:34.067632,851,85,long
2023-11-16 18:25:34.072319,902,75,long
2023-11-16 18:25:34.626691,385,78,medium
2023-11-16 18:25:34.658098,4185,31,long
2023-11-16 18:25:34.898467,2388,52,long
2023-11-16 18:25:35.601831,1039,410,long
2023-11-16 18:25:35.733714,1094,411,long
2023-11-16 18:25:35.785157,981,409,long
2023-11-16 18:25:35.804241,4100,180,long
2023-11-16 18:25:35.947261,1999,97,long
2023-11-16 18:25:36.287125,386,79,medium
2023-11-16 18:25:36.331658,1315,144,long
2023-11-16 18:25:36.821058,2738,113,long
2023-11-16 18:25:37.193054,371,100,medium
2023-11-16 18:25:37.353920,405,93,medium
2023-11-16 18:25:37.381599,4623,59,long
2023-11-16 18:25:37.511132,783,45,long
2023-11-16 18:25:37.744482,1054,397,long
2023-11-16 18:25:37.934747,1200,518,long
2023-11-16 18:25:38.168283,430,86,medium
2023-11-16 18:25:38.507333,4100,52,long
2023-11-16 18:25:38.690827,1039,404,long
2023-11-16 18:25:39.487310,1093,411,long
2023-11-16 18:25:39.538656,1014,659,long
2023-11-16 18:25:39.788577,1069,383,long
2023-11-16 18:25:39.831291,4094,105,long
2023-11-16 18:25:39.976244,1056,430,long
2023-11-16 18:25:40.660459,402,92,medium
2023-11-16 18:25:41.129920,1730,107,long
2023-11-16 18:25:41.146754,31,234,short
2023-11-16 18:25:41.284365,386,90,medium
2023-11-16 18:25:41.482390,421,92,medium
2023-11-16 18:25:41.601002,1351,139,long
2023-11-16 18:25:42.077772,1072,401,long
2023-11-16 18:25:42.120947,1144,550,long
2023-11-16 18:25:42.204746,1045,411,long
2023-11-16 18:25:42.290033,1054,443,long
2023-11-16 18:25:42.446448,4114,47,long
2023-11-16 18:25:42.481355,983,377,long
2023-11-16 18:25:42.800929,1162,594,long
2023-11-16 18:25:43.314239,2042,45,long
2023-11-16 18:25:43.511579,1026,408,long
2023-11-16 18:25:43.598975,1041,463,long
2023-11-16 18:25:43.965879,1069,414,long
2023-11-16 18:25:43.998526,1190,375,long
2023-11-16 18:25:44.001363,2425,51,long
2023-11-16 18:25:44.061054,1280,92,long
2023-11-16 18:25:44.144527,1107,453,long
2023-11-16 18:25:44.346829,1162,449,long
2023-11-16 18:25:44.537783,390,104,medium
2023-11-16 18:25:44.741542,2374,110,long
2023-11-16 18:25:44.844297,1003,381,long
2023-11-16 18:25:45.095232,1074,434,long
2023-11-16 18:25:45.168178,1737,89,long
2023-11-16 18:25:45.231322,1143,426,long
2023-11-16 18:25:45.645853,1079,396,long
2023-11-16 18:25:45.807855,849,100,long
2023-11-16 18:25:45.845535,4078,42,long
2023-11-16 18:25:45.949621,2388,52,long
2023-11-16 18:25:46.281272,1045,397,long
2023-11-16 18:25:46.295279,385,89,medium
2023-11-16 18:25:46.433105,407,122,medium
2023-11-16 18:25:46.651926,1143,396,long
2023-11-16 18:25:46.878226,958,89,long
2023-11-16 18:25:47.195912,1031,74,long
2023-11-16 18:25:47.285712,1127,639,long
2023-11-16 18:25:47.364207,1101,478,long
2023-11-16 18:25:47.772194,409,78,medium
2023-11-16 18:25:47.992296,4095,36,long
2023-11-16 18:25:48.146771,1054,454,long
2023-11-16 18:25:48.354777,400,82,medium
2023-11-16 18:25:48.709153,421,80,medium
2023-11-16 18:25:48.777709,1077,468,long
2023-11-16 18:25:48.880303,1023,397,long
2023-11-16 18:25:49.125788,1044,386,long
2023-11-16 18:25:49.684736,403,135,medium
2023-11-16 18:25:50.426253,397,66,medium
2023-11-16 18:25:50.760398,1117,442,long
2023-11-16 18:25:50.907766,61,136,short
2023-11-16 18:25:51.271450,27,192,short
2023-11-16 18:25:51.276741,1035,388,long
2023-11-16 18:25:51.433577,1129,396,long
2023-11-16 18:25:51.691858,1056,451,long
2023-11-16 18:25:51.785066,1315,166,long
2023-11-16 18:25:51.967148,406,104,medium
2023-11-16 18:25:52.110586,12,149,short
2023-11-16 18:25:52.111308,444,99,medium
2023-11-16 18:25:52.378520,393,102,medium
2023-11-16 18:25:52.719031,4074,68,long
2023-11-16 18:25:53.224093,375,64,medium
2023-11-16 18:25:53.232923,1313,143,long
2023-11-16 18:25:53.437301,402,98,medium
2023-11-16 18:25:53.478352,1180,597,long
2023-11-16 18:25:53.648183,1147,394,long
2023-11-16 18:25:53.692526,1117,387,long
2023-11-16 18:25:53.940746,404,145,medium
2023-11-16 18:25:54.238642,1091,375,long
2023-11-16 18:25:54.403842,1061,418,long
2023-11-16 18:25:54.958795,1038,387,long
2023-11-16 18:25:55.026144,4093,61,long
2023-11-16 18:25:55.111044,1052,409,long
2023-11-16 18:25:55.354995,391,155,medium
2023-11-16 18:25:55.496392,1313,169,long
2023-11-16 18:25:55.857448,1038,394,long
2023-11-16 18:25:55.901767,1737,92,long
2023-11-16 18:25:55.951534,1001,403,long
2023-11-16 18:25:56.038194,1100,426,long
2023-11-16 18:25:56.319307,400,95,medium
2023-11-16 18:25:56.396732,395,78,medium
2023-11-16 18:25:56.510601,1066,432,long
2023-11-16 18:25:56.598749,1639,91,long
2023-11-16 18:25:57.346355,1013,375,long
2023-11-16 18:25:57.604887,1104,399,long
2023-11-16 18:25:57.638100,4089,41,long
2023-11-16 18:25:57.680332,1027,429,long
2023-11-16 18:25:57.707757,1116,426,long
2023-11-16 18:25:57.931877,944,393,long
2023-11-16 18:25:58.571545,3340,60,long
2023-11-16 18:25:58.608269,453,85,medium
2023-11-16 18:25:58.630692,371,79,medium
2023-11-16 18:25:58.670072,1039,717,long
2023-11-16 18:25:58.670742,1072,446,long
2023-11-16 18:25:59.193971,404,104,medium
2023-11-16 18:25:59.236880,1101,432,long
2023-11-16 18:25:59.318502,2091,88,long
2023-11-16 18:25:59.328728,921,45,long
2023-11-16 18:25:59.335486,4090,57,long
2023-11-16 18:25:59.636895,1017,520,long
2023-11-16 18:26:00.061148,1182,428,long
2023-11-16 18:26:00.324611,1042,424,long
2023-11-16 18:26:01.181954,1048,405,long
2023-11-16 18:26:01.899439,405,92,medium
2023-11-16 18:26:02.182277,4109,47,long
2023-11-16 18:26:02.212874,1023,520,long
2023-11-16 18:26:02.507556,10,173,short
2023-11-16 18:26:02.678121,1412,94,long
2023-11-16 18:26:02.682425,1314,136,long
2023-11-16 18:26:02.862522,1143,396,long
2023-11-16 18:26:02.871407,2069,95,long
2023-11-16 18:26:02.987944,1417,55,long
2023-11-16 18:26:03.414181,415,119,medium
2023-11-16 18:26:03.576281,4152,83,long
2023-11-16 18:26:03.598912,372,62,medium
2023-11-16 18:26:03.902821,3340,58,long
2023-11-16 18:26:03.962714,398,100,medium
2023-11-16 18:26:04.413518,398,76,medium
2023-11-16 18:26:04.428053,1047,388,long
2023-11-16 18:26:04.570577,844,78,long
2023-11-16 18:26:04.577603,1096,429,long
2023-11-16 18:26:05.054778,1353,156,long
2023-11-16 18:26:05.580251,1084,429,long
2023-11-16 18:26:05.895319,1064,398,long
2023-11-16 18:26:05.995549,393,82,medium
2023-11-16 18:26:06.233711,624,50,long
2023-11-16 18:26:06.467638,1038,379,long
2023-11-16 18:26:06.703444,391,67,medium
2023-11-16 18:26:06.784458,1312,39,long
2023-11-16 18:26:06.983951,1639,87,long
2023-11-16 18:26:07.313326,2238,147,long
2023-11-16 18:26:07.325413,1039,417,long
2023-11-16 18:26:07.352051,1035,605,long
2023-11-16 18:26:07.536653,1082,419,long
2023-11-16 18:26:07.692661,1156,378,long
2023-11-16 18:26:07.802904,4083,58,long
2023-11-16 18:26:08.121958,1234,393,long
2023-11-16 18:26:08.604349,1012,394,long
2023-11-16 18:26:08.777334,386,84,medium
2023-11-16 18:26:09.377550,1089,396,long
2023-11-16 18:26:09.378248,391,107,medium
2023-11-16 18:26:09.993764,1037,425,long
2023-11-16 18:26:10.223378,1412,94,long
2023-11-16 18:26:10.318248,635,66,long
2023-11-16 18:26:10.612134,4092,70,long
2023-11-16 18:26:10.833936,593,56,long
2023-11-16 18:26:10.975192,919,100,long
2023-11-16 18:26:11.280373,4072,35,long
2023-11-16 18:26:11.614807,422,110,medium
2023-11-16 18:26:11.815482,395,100,medium
2023-11-16 18:26:12.433222,1175,521,long
2023-11-16 18:26:12.611655,973,393,long
2023-11-16 18:26:12.936335,1333,86,long
2023-11-16 18:26:13.744137,1021,393,long
2023-11-16 18:26:13.918251,1143,414,long
2023-11-16 18:26:14.110095,1061,427,long
2023-11-16 18:26:14.283666,387,52,medium
2023-11-16 18:26:14.312572,4073,371,long
2023-11-16 18:26:14.407967,401,107,medium
2023-11-16 18:26:14.498601,4093,67,long
2023-11-16 18:26:14.670978,1045,397,long
2023-11-16 18:26:14.680156,1030,631,long
2023-11-16 18:26:14.683625,1065,86,long
2023-11-16 18:26:15.126301,1117,426,long
2023-11-16 18:26:15.149794,393,93,medium
2023-11-16 18:26:15.232759,1109,378,long
2023-11-16 18:26:15.239819,696,43,long
2023-11-16 18:26:15.383988,181,105,medium
2023-11-16 18:26:16.092233,1212,406,long
2023-11-16 18:26:16.334843,1070,415,long
2023-11-16 18:26:16.738896,1314,191,long
2023-11-16 18:26:17.151955,1126,403,long
2023-11-16 18:26:17.223986,407,53,medium
2023-11-16 18:26:17.236799,1030,429,long
2023-11-16 18:26:17.450249,4106,93,long
2023-11-16 18:26:17.478782,2468,92,long
2023-11-16 18:26:17.629988,1999,94,long
2023-11-16 18:26:17.891870,4077,43,long
2023-11-16 18:26:18.002789,2062,132,long
2023-11-16 18:26:18.096538,1057,374,long
2023-11-16 18:26:18.408717,404,130,medium
2023-11-16 18:26:18.586281,1001,403,long
2023-11-16 18:26:18.967843,1131,426,long
2023-11-16 18:26:19.125258,4094,40,long
2023-11-16 18:26:19.392431,1722,92,long
2023-11-16 18:26:19.582009,411,101,medium
2023-11-16 18:26:19.789985,1349,126,long
2023-11-16 18:26:19.859148,449,117,medium
2023-11-16 18:26:20.198580,2136,139,long
2023-11-16 18:26:20.752223,427,102,medium
2023-11-16 18:26:20.759751,1333,86,long
2023-11-16 18:26:20.814264,2063,51,long
2023-11-16 18:26:20.869231,1131,433,long
2023-11-16 18:26:21.241907,463,164,medium
2023-11-16 18:26:21.346296,1317,207,long
2023-11-16 18:26:21.731256,979,388,long
2023-11-16 18:26:21.791163,391,86,medium
2023-11-16 18:26:22.000944,381,71,medium
2023-11-16 18:26:22.013362,2000,71,long
2023-11-16 18:26:22.094033,1443,76,long
2023-11-16 18:26:22.500895,1171,396,long
2023-11-16 18:26:22.507474,2221,196,long
2023-11-16 18:26:22.682832,2627,158,long
2023-11-16 18:26:22.701983,1103,405,long
2023-11-16 18:26:22.907219,4089,100,long
2023-11-16 18:26:23.376398,2199,72,long
2023-11-16 18:26:23.762321,4090,40,long
2023-11-16 18:26:23.790653,4077,33,long
2023-11-16 18:26:23.852610,1034,402,long
2023-11-16 18:26:24.064151,928,88,long
2023-11-16 18:26:24.421989,973,405,long
2023-11-16 18:26:24.468759,1162,527,long
2023-11-16 18:26:24.478749,1730,107,long
2023-11-16 18:26:24.872396,855,47,long
2023-11-16 18:26:24.954330,401,98,medium
2023-11-16 18:26:25.046445,1107,588,long
2023-11-16 18:26:25.276130,1139,420,long
2023-11-16 18:26:25.585098,1082,607,long
2023-11-16 18:26:25.702057,390,75,medium
2023-11-16 18:26:25.737847,4084,40,long
2023-11-16 18:26:25.961148,1115,477,long
2023-11-16 18:26:26.051202,1140,403,long
2023-11-16 18:26:26.292284,1316,288,long
2023-11-16 18:26:26.357580,2468,92,long
2023-11-16 18:26:26.447753,1078,615,long
2023-11-16 18:26:26.817645,1078,459,long
2023-11-16 18:26:27.046777,2062,104,long
2023-11-16 18:26:27.253566,1050,501,long
2023-11-16 18:26:27.471328,978,550,long
2023-11-16 18:26:27.563680,4081,32,long
2023-11-16 18:26:27.858142,1136,411,long
2023-11-16 18:26:27.869469,4107,46,long
2023-11-16 18:26:28.297756,1144,385,long
2023-11-16 18:26:28.580792,1147,669,long
2023-11-16 18:26:28.850551,393,122,medium
2023-11-16 18:26:28.913561,1045,479,long
2023-11-16 18:26:28.914931,2238,157,long
2023-11-16 18:26:29.131765,1324,200,long
2023-11-16 18:26:29.249866,4085,58,long
2023-11-16 18:26:29.270341,1057,89,long
2023-11-16 18:26:29.295833,374,64,medium
2023-11-16 18:26:29.619872,2216,79,long
2023-11-16 18:26:29.768974,1086,451,long
2023-11-16 18:26:29.879047,1031,375,long
2023-11-16 18:26:30.124504,4085,26,long
2023-11-16 18:26:30.269286,1111,401,long
2023-11-16 18:26:30.619761,392,97,medium
2023-11-16 18:26:31.293502,1443,76,long
2023-11-16 18:26:31.726086,1000,414,long
2023-11-16 18:26:31.942284,1722,100,long
2023-11-16 18:26:32.124614,4086,48,long
2023-11-16 18:26:32.212762,1186,380,long
2023-11-16 18:26:32.264661,181,57,medium
2023-11-16 18:26:32.411031,2136,129,long
2023-11-16 18:26:32.626049,404,102,medium
2023-11-16 18:26:32.892188,1089,402,long
2023-11-16 18:26:33.158093,996,400,long
2023-11-16 18:26:33.158524,1104,405,long
2023-11-16 18:26:33.260388,409,95,medium
2023-11-16 18:26:33.287842,1030,624,long
2023-11-16 18:26:33.585405,370,107,medium
2023-11-16 18:26:33.743758,1139,393,long
2023-11-16 18:26:34.465048,1103,408,long
2023-11-16 18:26:34.521924,1076,446,long
2023-11-16 18:26:34.544491,1074,396,long
2023-11-16 18:26:34.727264,1149,380,long
2023-11-16 18:26:34.761410,1503,69,long
2023-11-16 18:26:34.785859,1023,432,long
2023-11-16 18:26:35.396190,1109,415,long
2023-11-16 18:26:35.490874,1039,396,long
2023-11-16 18:26:35.946923,1135,417,long
2023-11-16 18:26:36.256736,1009,402,long
2023-11-16 18:26:36.270443,387,100,medium
2023-11-16 18:26:36.455559,1076,404,long
2023-11-16 18:26:36.797450,1082,607,long
2023-11-16 18:26:36.855012,1038,394,long
2023-11-16 18:26:37.185199,1131,377,long
2023-11-16 18:26:37.297160,410,142,medium
2023-11-16 18:26:37.882517,1086,437,long
2023-11-16 18:26:37.905389,1104,448,long
2023-11-16 18:26:38.088060,181,267,medium
2023-11-16 18:26:38.114552,1176,500,long
2023-11-16 18:26:38.173741,1101,629,long
2023-11-16 18:26:38.538905,422,82,medium
2023-11-16 18:26:39.204322,181,202,medium
2023-11-16 18:26:39.410485,1112,410,long
2023-11-16 18:26:39.484486,3089,46,long
2023-11-16 18:26:39.731489,392,147,medium
2023-11-16 18:26:39.811315,373,91,medium
2023-11-16 18:26:39.930685,1078,956,long
2023-11-16 18:26:39.964043,381,60,medium
2023-11-16 18:26:39.964781,313,18,medium
2023-11-16 18:26:40.091163,966,414,long
2023-11-16 18:26:40.165265,4083,64,long
2023-11-16 18:26:40.168710,1096,384,long
2023-11-16 18:26:40.475814,378,64,medium
2023-11-16 18:26:40.510084,3810,72,long
2023-11-16 18:26:40.830732,410,77,medium
2023-11-16 18:26:40.870455,1201,451,long
2023-11-16 18:26:40.875602,1110,394,long
2023-11-16 18:26:41.066282,978,429,long
2023-11-16 18:26:41.118357,1036,414,long
2023-11-16 18:26:41.120524,928,88,long
2023-11-16 18:26:41.211950,390,63,medium
2023-11-16 18:26:41.327394,1126,409,long
2023-11-16 18:26:41.614085,1171,396,long
2023-11-16 18:26:41.909084,1031,375,long
2023-11-16 18:26:41.925597,1102,405,long
2023-11-16 18:26:42.054204,1079,398,long
2023-11-16 18:26:42.265818,1140,403,long
2023-11-16 18:26:42.274177,2000,82,long
2023-11-16 18:26:42.595382,442,96,medium
2023-11-16 18:26:42.659288,388,67,medium
2023-11-16 18:26:42.703589,1120,406,long
2023-11-16 18:26:43.099736,1001,421,long
2023-11-16 18:26:43.110776,1353,436,long
2023-11-16 18:26:43.395180,1085,400,long
2023-11-16 18:26:43.417985,371,67,medium
2023-11-16 18:26:43.452039,1017,404,long
2023-11-16 18:26:43.527632,404,91,medium
2023-11-16 18:26:44.454544,1109,404,long
2023-11-16 18:26:44.513307,1033,415,long
2023-11-16 18:26:44.515005,1048,396,long
2023-11-16 18:26:44.599965,390,99,medium
2023-11-16 18:26:44.695354,1111,413,long
2023-11-16 18:26:44.740734,4974,132,long
2023-11-16 18:26:44.745659,1096,397,long
2023-11-16 18:26:45.261114,380,80,medium
2023-11-16 18:26:45.414580,2137,79,long
2023-11-16 18:26:45.536422,2216,108,long
2023-11-16 18:26:45.655144,1100,408,long
2023-11-16 18:26:46.072934,1141,393,long
2023-11-16 18:26:46.208256,404,110,medium
2023-11-16 18:26:46.484401,1073,381,long
2023-11-16 18:26:46.498281,1122,396,long
2023-11-16 18:26:46.676158,1065,396,long
2023-11-16 18:26:46.697213,408,91,medium
2023-11-16 18:26:46.937661,1115,477,long
2023-11-16 18:26:47.277133,4080,71,long
2023-11-16 18:26:47.354681,1072,394,long
2023-11-16 18:26:47.355499,1133,385,long
2023-11-16 18:26:47.528341,428,94,medium
2023-11-16 18:26:47.658926,1106,396,long
2023-11-16 18:26:47.672564,16,136,short
2023-11-16 18:26:47.783894,2584,147,long
2023-11-16 18:26:47.865887,1168,428,long
2023-11-16 18:26:47.893454,4075,63,long
2023-11-16 18:26:48.029315,1068,426,long
2023-11-16 18:26:48.362911,1899,50,long
2023-11-16 18:26:48.739346,1065,500,long
2023-11-16 18:26:49.501680,934,52,long
2023-11-16 18:26:49.676886,1082,398,long
2023-11-16 18:26:49.687913,1037,487,long
2023-11-16 18:26:49.736699,1917,113,long
2023-11-16 18:26:49.869634,1037,407,long
2023-11-16 18:26:49.915715,1124,428,long
2023-11-16 18:26:50.177062,4076,31,long
2023-11-16 18:26:50.327186,2159,74,long
2023-11-16 18:26:50.360616,9,161,short
2023-11-16 18:26:50.459830,396,92,medium
2023-11-16 18:26:50.684073,1214,417,long
2023-11-16 18:26:50.755923,2643,101,long
2023-11-16 18:26:50.858312,1100,386,long
2023-11-16 18:26:50.960365,411,79,medium
2023-11-16 18:26:51.674997,3810,48,long
2023-11-16 18:26:51.741053,382,62,medium
2023-11-16 18:26:52.044742,4090,665,long
2023-11-16 18:26:52.097416,407,113,medium
2023-11-16 18:26:52.372944,920,418,long
2023-11-16 18:26:52.481447,881,118,long
2023-11-16 18:26:52.547759,1083,395,long
2023-11-16 18:26:52.905199,1099,616,long
2023-11-16 18:26:53.295050,395,88,medium
2023-11-16 18:26:53.410000,1503,153,long
2023-11-16 18:26:53.488563,382,72,medium
2023-11-16 18:26:53.523994,1315,240,long
2023-11-16 18:26:53.627955,181,134,medium
2023-11-16 18:26:53.669525,384,111,medium
2023-11-16 18:26:53.814414,1144,470,long
2023-11-16 18:26:53.830044,1144,407,long
2023-11-16 18:26:53.843914,381,62,medium
2023-11-16 18:26:53.856889,961,27,long
2023-11-16 18:26:53.929692,1109,393,long
2023-11-16 18:26:54.122277,398,85,medium
2023-11-16 18:26:54.507179,1133,521,long
2023-11-16 18:26:54.879761,1103,406,long
2023-11-16 18:26:54.994073,1313,203,long
2023-11-16 18:26:55.058612,203,165,medium
2023-11-16 18:26:55.059839,212,162,medium
2023-11-16 18:26:55.613524,2199,66,long
2023-11-16 18:26:55.631170,1079,441,long
2023-11-16 18:26:56.331564,1125,423,long
2023-11-16 18:26:56.693481,1112,395,long
2023-11-16 18:26:56.738132,1066,407,long
2023-11-16 18:26:56.921349,967,375,long
2023-11-16 18:26:57.118304,400,76,medium
2023-11-16 18:26:57.192068,181,145,medium
2023-11-16 18:26:57.466279,1057,443,long
2023-11-16 18:26:57.607714,1011,76,long
2023-11-16 18:26:57.661629,3089,46,long
2023-11-16 18:26:57.916092,5069,56,long
2023-11-16 18:26:58.601815,1081,371,long
2023-11-16 18:26:58.720077,1048,403,long
2023-11-16 18:26:59.855668,1012,414,long
2023-11-16 18:26:59.981960,1075,412,long
2023-11-16 18:27:00.179005,209,167,medium
2023-11-16 18:27:00.533663,42,166,short
2023-11-16 18:27:00.569530,395,118,medium
2023-11-16 18:27:00.617311,1137,46,long
2023-11-16 18:27:00.946520,402,100,medium
2023-11-16 18:27:01.150840,1917,90,long
2023-11-16 18:27:01.171347,1081,396,long
2023-11-16 18:27:01.263533,418,113,medium
2023-11-16 18:27:01.306175,4085,43,long
2023-11-16 18:27:01.707575,411,84,medium
2023-11-16 18:27:02.134233,4974,132,long
2023-11-16 18:27:02.291137,181,134,medium
2023-11-16 18:27:02.753808,4921,50,long
2023-11-16 18:27:02.866259,1073,381,long
2023-11-16 18:27:03.272024,1124,412,long
2023-11-16 18:27:03.422598,1324,141,long
2023-11-16 18:27:03.493658,399,94,medium
2023-11-16 18:27:03.782390,1106,396,long
2023-11-16 18:27:04.362657,380,91,medium
2023-11-16 18:27:04.397150,411,188,medium
2023-11-16 18:27:04.631022,411,104,medium
2023-11-16 18:27:04.777488,1162,398,long
2023-11-16 18:27:05.010145,181,60,medium
2023-11-16 18:27:05.052944,1093,414,long
2023-11-16 18:27:05.235635,1176,621,long
2023-11-16 18:27:06.032624,393,91,medium
2023-11-16 18:27:06.287132,4085,31,long
2023-11-16 18:27:06.547661,1109,405,long
2023-11-16 18:27:06.831586,4087,73,long
2023-11-16 18:27:06.921648,410,92,medium
2023-11-16 18:27:07.071674,4074,169,long
2023-11-16 18:27:07.483430,2771,45,long
2023-11-16 18:27:08.174794,1006,394,long
2023-11-16 18:27:08.705056,1140,379,long
2023-11-16 18:27:08.709363,1078,405,long
2023-11-16 18:27:08.712024,386,99,medium
2023-11-16 18:27:08.876610,396,94,medium
2023-11-16 18:27:09.000427,969,411,long
2023-11-16 18:27:09.198122,2119,49,long
2023-11-16 18:27:09.310721,313,18,medium
2023-11-16 18:27:09.690734,169,205,medium
2023-11-16 18:27:09.944115,2643,116,long
2023-11-16 18:27:10.178104,1315,125,long
2023-11-16 18:27:10.249589,1625,82,long
2023-11-16 18:27:10.342024,1149,417,long
2023-11-16 18:27:10.556966,1136,411,long
2023-11-16 18:27:10.728565,398,78,medium
2023-11-16 18:27:11.306782,4080,51,long
2023-11-16 18:27:11.400372,1085,427,long
2023-11-16 18:27:11.573234,1033,508,long
2023-11-16 18:27:11.814915,1018,434,long
2023-11-16 18:27:11.882214,1125,422,long
2023-11-16 18:27:11.883349,374,69,medium
2023-11-16 18:27:11.925577,4153,26,long
2023-11-16 18:27:11.957238,90,20,short
2023-11-16 18:27:12.277339,376,85,medium
2023-11-16 18:27:12.298102,2233,141,long
2023-11-16 18:27:12.323814,209,174,medium
2023-11-16 18:27:12.430488,2137,92,long
2023-11-16 18:27:12.460154,1056,442,long
2023-11-16 18:27:12.598121,5020,70,long
2023-11-16 18:27:12.820150,1066,377,long
2023-11-16 18:27:13.952417,405,108,medium
2023-11-16 18:27:14.130390,393,99,medium
2023-11-16 18:27:14.246526,42,100,short
2023-11-16 18:27:14.254493,828,72,long
2023-11-16 18:27:14.873763,1093,405,long
2023-11-16 18:27:15.041551,1095,407,long
2023-11-16 18:27:15.209958,1049,429,long
2023-11-16 18:27:15.496156,920,418,long
2023-11-16 18:27:15.604588,1116,360,long
2023-11-16 18:27:15.798082,403,99,medium
2023-11-16 18:27:16.006837,1317,194,long
2023-11-16 18:27:16.266612,1147,424,long
2023-11-16 18:27:16.592283,1139,393,long
2023-11-16 18:27:16.601320,4078,66,long
2023-11-16 18:27:16.897227,1114,412,long
2023-11-16 18:27:17.464526,1097,420,long
2023-11-16 18:27:17.908761,1162,410,long
2023-11-16 18:27:18.090002,91,16,short
2023-11-16 18:27:18.117594,967,396,long
2023-11-16 18:27:18.148800,374,60,medium
2023-11-16 18:27:18.177750,1161,414,long
2023-11-16 18:27:18.854903,1085,491,long
2023-11-16 18:27:18.855090,382,89,medium
2023-11-16 18:27:18.996416,4090,54,long
2023-11-16 18:27:19.101570,1189,74,long
2023-11-16 18:27:19.153761,391,81,medium
2023-11-16 18:27:19.182669,206,161,medium
2023-11-16 18:27:19.240062,4080,138,long
2023-11-16 18:27:19.263923,1099,429,long
2023-11-16 18:27:19.542086,944,548,long
2023-11-16 18:27:20.191224,1133,527,long
2023-11-16 18:27:20.269045,990,429,long
2023-11-16 18:27:20.342884,396,135,medium
2023-11-16 18:27:20.422156,1097,388,long
2023-11-16 18:27:20.694653,782,84,long
2023-11-16 18:27:20.809013,396,88,medium
2023-11-16 18:27:20.939223,4083,31,long
2023-11-16 18:27:21.885715,1325,45,long
2023-11-16 18:27:21.974845,1212,396,long
2023-11-16 18:27:22.263500,1090,424,long
2023-11-16 18:27:22.424777,1123,430,long
2023-11-16 18:27:22.508028,4090,48,long
2023-11-16 18:27:22.768236,1056,397,long
2023-11-16 18:27:22.860873,1153,420,long
2023-11-16 18:27:22.912647,2134,51,long
2023-11-16 18:27:23.094444,954,99,long
2023-11-16 18:27:23.267169,1177,399,long
2023-11-16 18:27:23.324048,405,92,medium
2023-11-16 18:27:23.351039,4088,38,long
2023-11-16 18:27:23.359748,181,162,medium
2023-11-16 18:27:23.912244,2292,70,long
2023-11-16 18:27:24.087146,1119,377,long
2023-11-16 18:27:24.277670,946,129,long
2023-11-16 18:27:24.340000,2221,164,long
2023-11-16 18:27:24.438343,1184,394,long
2023-11-16 18:27:24.539680,425,91,medium
2023-11-16 18:27:24.679265,378,66,medium
2023-11-16 18:27:25.113856,1144,424,long
2023-11-16 18:27:25.305405,1249,415,long
2023-11-16 18:27:25.319201,203,181,medium
2023-11-16 18:27:25.385275,1037,379,long
2023-11-16 18:27:25.404029,4079,66,long
2023-11-16 18:27:25.404662,1083,406,long
2023-11-16 18:27:25.564835,386,53,medium
2023-11-16 18:27:25.676965,1124,412,long
2023-11-16 18:27:25.731502,181,133,medium
2023-11-16 18:27:26.406883,4081,38,long
2023-11-16 18:27:26.627033,1065,382,long
2023-11-16 18:27:26.833041,1441,150,long
2023-11-16 18:27:27.242363,438,91,medium
2023-11-16 18:27:27.625062,181,174,medium
2023-11-16 18:27:27.758858,1095,396,long
2023-11-16 18:27:28.101182,1133,420,long
2023-11-16 18:27:28.455479,998,393,long
2023-11-16 18:27:28.475793,382,53,medium
2023-11-16 18:27:28.570234,417,110,medium
2023-11-16 18:27:28.914522,398,94,medium
2023-11-16 18:27:28.966946,1166,421,long
2023-11-16 18:27:28.977842,1027,396,long
2023-11-16 18:27:28.978923,1034,403,long
2023-11-16 18:27:29.426376,4072,49,long
2023-11-16 18:27:30.038242,1924,105,long
2023-11-16 18:27:30.181361,1054,423,long
2023-11-16 18:27:30.332215,1018,429,long
2023-11-16 18:27:30.340326,992,609,long
2023-11-16 18:27:30.457016,1004,421,long
2023-11-16 18:27:31.102155,2027,121,long
2023-11-16 18:27:31.191417,1157,404,long
2023-11-16 18:27:31.211968,450,84,medium
2023-11-16 18:27:31.279308,431,101,medium
2023-11-16 18:27:31.303094,4083,53,long
2023-11-16 18:27:31.590035,1189,74,long
2023-11-16 18:27:31.602624,1642,56,long
2023-11-16 18:27:31.622635,401,101,medium
2023-11-16 18:27:31.757246,794,70,long
2023-11-16 18:27:32.017617,1137,402,long
2023-11-16 18:27:32.486430,392,84,medium
2023-11-16 18:27:32.520485,1172,511,long
2023-11-16 18:27:32.792546,2584,199,long
2023-11-16 18:27:32.816839,1161,420,long
2023-11-16 18:27:32.884512,2584,150,long
2023-11-16 18:27:32.914764,1314,322,long
2023-11-16 18:27:33.345104,862,87,long
2023-11-16 18:27:33.460463,388,78,medium
2023-11-16 18:27:33.489691,1496,53,long
2023-11-16 18:27:33.743017,181,124,medium
2023-11-16 18:27:33.764937,1073,392,long
2023-11-16 18:27:33.767015,1217,49,long
2023-11-16 18:27:33.865297,1027,396,long
2023-11-16 18:27:34.007206,4079,60,long
2023-11-16 18:27:34.211313,405,142,medium
2023-11-16 18:27:34.515895,874,95,long
2023-11-16 18:27:34.743020,91,24,short
2023-11-16 18:27:35.496032,1111,595,long
2023-11-16 18:27:35.768831,120,12,short
2023-11-16 18:27:36.002219,1316,209,long
2023-11-16 18:27:36.391475,391,88,medium
2023-11-16 18:27:36.740854,401,96,medium
2023-11-16 18:27:37.485999,1150,470,long
2023-11-16 18:27:37.567974,407,94,medium
2023-11-16 18:27:37.570918,4087,30,long
2023-11-16 18:27:37.882435,387,124,medium
2023-11-16 18:27:37.991651,377,119,medium
2023-11-16 18:27:38.210456,979,45,long
2023-11-16 18:27:38.215747,1134,399,long
2023-11-16 18:27:38.280242,401,96,medium
2023-11-16 18:27:38.306776,4076,30,long
2023-11-16 18:27:38.367186,2664,49,long
2023-11-16 18:27:38.587944,1827,35,long
2023-11-16 18:27:38.799688,1180,371,long
2023-11-16 18:27:38.869519,1090,414,long
2023-11-16 18:27:39.397213,4082,90,long
2023-11-16 18:27:39.567254,4131,28,long
2023-11-16 18:27:39.575537,412,117,medium
2023-11-16 18:27:39.727651,1102,684,long
2023-11-16 18:27:39.980836,387,52,medium
2023-11-16 18:27:40.015113,1000,59,long
2023-11-16 18:27:40.279172,1087,397,long
2023-11-16 18:27:40.764029,1140,467,long
2023-11-16 18:27:40.835522,402,102,medium
2023-11-16 18:27:40.850274,1633,64,long
2023-11-16 18:27:41.486104,987,29,long
2023-11-16 18:27:41.872833,1123,400,long
2023-11-16 18:27:41.927429,1150,424,long
2023-11-16 18:27:41.999885,1160,385,long
2023-11-16 18:27:42.074855,1116,393,long
2023-11-16 18:27:42.548773,1111,935,long
2023-11-16 18:27:42.837042,4076,37,long
2023-11-16 18:27:42.904597,380,115,medium
2023-11-16 18:27:43.042845,1084,404,long
2023-11-16 18:27:43.184729,1192,413,long
2023-11-16 18:27:43.220566,1609,62,long
2023-11-16 18:27:43.266042,399,95,medium
2023-11-16 18:27:43.314152,402,116,medium
2023-11-16 18:27:43.415209,1288,68,long
2023-11-16 18:27:44.041021,1103,404,long
2023-11-16 18:27:44.220071,1148,424,long
2023-11-16 18:27:44.311935,1092,389,long
2023-11-16 18:27:44.436953,376,58,medium
2023-11-16 18:27:44.664950,1171,530,long
2023-11-16 18:27:45.112117,4080,40,long
2023-11-16 18:27:45.817003,91,16,short
2023-11-16 18:27:45.831027,394,80,medium
2023-11-16 18:27:45.983777,2766,98,long
2023-11-16 18:27:46.059983,398,94,medium
2023-11-16 18:27:46.249093,1167,414,long
2023-11-16 18:27:46.336346,1027,396,long
2023-11-16 18:27:46.489417,181,104,medium
2023-11-16 18:27:46.526926,1319,209,long
2023-11-16 18:27:46.616216,1319,150,long
2023-11-16 18:27:46.659279,408,105,medium
2023-11-16 18:27:46.884268,1139,435,long
2023-11-16 18:27:47.759387,1820,109,long
2023-11-16 18:27:48.106165,1034,403,long
2023-11-16 18:27:48.402578,1122,396,long
2023-11-16 18:27:48.587294,1113,375,long
2023-11-16 18:27:48.680215,181,78,medium
2023-11-16 18:27:48.696513,203,217,medium
2023-11-16 18:27:48.722070,397,115,medium
2023-11-16 18:27:49.061722,1110,408,long
2023-11-16 18:27:49.312111,1149,407,long
2023-11-16 18:27:49.320039,1466,76,long
2023-11-16 18:27:49.350777,212,138,medium
2023-11-16 18:27:49.530843,878,102,long
2023-11-16 18:27:49.543838,1058,394,long
2023-11-16 18:27:49.676374,200,159,medium
2023-11-16 18:27:49.890313,1092,626,long
2023-11-16 18:27:50.043859,4088,38,long
2023-11-16 18:27:50.084363,399,83,medium
2023-11-16 18:27:50.194677,1091,376,long
2023-11-16 18:27:50.235668,984,399,long
2023-11-16 18:27:50.267877,1123,401,long
2023-11-16 18:27:50.332322,1303,36,long
2023-11-16 18:27:50.877637,881,33,long
2023-11-16 18:27:50.974943,1017,409,long
2023-11-16 18:27:50.975122,1096,421,long
2023-11-16 18:27:50.975754,1140,411,long
2023-11-16 18:27:50.985593,376,117,medium
2023-11-16 18:27:51.054604,384,69,medium
2023-11-16 18:27:51.393252,981,393,long
2023-11-16 18:27:51.393259,386,73,medium
2023-11-16 18:27:51.547633,1004,403,long
2023-11-16 18:27:51.884515,455,92,medium
2023-11-16 18:27:51.935508,1134,402,long
2023-11-16 18:27:52.250598,1316,139,long
2023-11-16 18:27:52.420311,1144,420,long
2023-11-16 18:27:52.703997,387,73,medium
2023-11-16 18:27:52.853474,1042,385,long
2023-11-16 18:27:53.319128,736,300,long
2023-11-16 18:27:53.762413,379,93,medium
2023-11-16 18:27:53.860552,1312,138,long
2023-11-16 18:27:53.934807,1169,421,long
2023-11-16 18:27:54.074253,408,129,medium
2023-11-16 18:27:54.096637,1019,396,long
2023-11-16 18:27:54.103046,395,126,medium
2023-11-16 18:27:54.319226,1191,464,long
2023-11-16 18:27:54.379740,932,102,long
2023-11-16 18:27:54.394740,4101,138,long
2023-11-16 18:27:54.548586,1021,412,long
2023-11-16 18:27:54.592186,1103,405,long
2023-11-16 18:27:54.673571,405,93,medium
2023-11-16 18:27:54.748315,203,152,medium
2023-11-16 18:27:54.820623,1148,421,long
2023-11-16 18:27:55.042862,181,165,medium
2023-11-16 18:27:55.101137,1069,426,long
2023-11-16 18:27:55.385974,1137,396,long
2023-11-16 18:27:55.402758,1763,45,long
2023-11-16 18:27:55.604830,4116,132,long
2023-11-16 18:27:55.790523,1008,89,long
2023-11-16 18:27:55.854052,1019,415,long
2023-11-16 18:27:56.072583,1086,398,long
2023-11-16 18:27:56.156214,4096,50,long
2023-11-16 18:27:56.256129,1371,33,long
2023-11-16 18:27:56.886571,1161,397,long
2023-11-16 18:27:58.138557,416,151,medium
2023-11-16 18:27:58.463365,91,24,short
2023-11-16 18:27:58.642482,4087,38,long
2023-11-16 18:27:58.729686,1151,411,long
2023-11-16 18:27:58.786297,1075,56,long
2023-11-16 18:27:59.432307,1092,499,long
2023-11-16 18:27:59.433571,973,414,long
2023-11-16 18:27:59.804071,394,55,medium
2023-11-16 18:28:00.009981,4080,47,long
2023-11-16 18:28:00.247476,428,79,medium
2023-11-16 18:28:00.896810,411,90,medium
2023-11-16 18:28:01.188731,1167,549,long
2023-11-16 18:28:01.268321,1102,383,long
2023-11-16 18:28:01.354213,1110,377,long
2023-11-16 18:28:01.849166,400,136,medium
2023-11-16 18:28:02.018295,2995,30,long
2023-11-16 18:28:02.030822,1313,198,long
2023-11-16 18:28:02.299425,387,102,medium
2023-11-16 18:28:02.316652,401,94,medium
2023-11-16 18:28:02.563090,1160,409,long
2023-11-16 18:28:02.581429,379,92,medium
2023-11-16 18:28:02.597784,1056,397,long
2023-11-16 18:28:02.598853,869,98,long
2023-11-16 18:28:02.679966,1107,393,long
2023-11-16 18:28:02.974348,4073,48,long
2023-11-16 18:28:03.008976,1168,418,long
2023-11-16 18:28:03.353832,388,90,medium
2023-11-16 18:28:03.472105,997,375,long
2023-11-16 18:28:03.604509,1019,418,long
2023-11-16 18:28:03.690987,4080,75,long
2023-11-16 18:28:03.802575,4175,42,long
2023-11-16 18:28:03.889344,997,420,long
2023-11-16 18:28:03.925806,1053,429,long
2023-11-16 18:28:03.994231,2935,47,long
2023-11-16 18:28:04.205946,432,108,medium
2023-11-16 18:28:04.348299,1925,103,long
2023-11-16 18:28:04.349816,929,99,long
2023-11-16 18:28:04.356438,914,91,long
2023-11-16 18:28:04.551102,1007,449,long
2023-11-16 18:28:04.554517,1820,109,long
2023-11-16 18:28:04.620898,392,86,medium
2023-11-16 18:28:05.517886,1076,596,long
2023-11-16 18:28:05.599848,2440,136,long
2023-11-16 18:28:05.605426,194,181,medium
2023-11-16 18:28:06.140149,4091,120,long
2023-11-16 18:28:06.179996,984,397,long
2023-11-16 18:28:06.222955,1048,397,long
2023-11-16 18:28:06.795829,1316,150,long
2023-11-16 18:28:07.020369,369,118,medium
2023-11-16 18:28:07.805570,1176,405,long
2023-11-16 18:28:08.278925,200,138,medium
2023-11-16 18:28:08.300671,1064,384,long
2023-11-16 18:28:08.646158,391,91,medium
2023-11-16 18:28:09.347159,386,70,medium
2023-11-16 18:28:09.769762,1083,1000,long
2023-11-16 18:28:10.231248,1099,383,long
2023-11-16 18:28:10.508677,986,433,long
2023-11-16 18:28:10.601760,1091,405,long
2023-11-16 18:28:10.689371,2359,32,long
2023-11-16 18:28:10.712692,411,75,medium
2023-11-16 18:28:10.779600,1081,425,long
2023-11-16 18:28:10.882648,4076,42,long
2023-11-16 18:28:11.027267,1110,393,long
2023-11-16 18:28:11.108479,2092,90,long
2023-11-16 18:28:11.380264,4079,76,long
2023-11-16 18:28:11.432169,1016,397,long
2023-11-16 18:28:11.565754,1893,63,long
2023-11-16 18:28:11.645148,377,70,medium
2023-11-16 18:28:11.653635,990,393,long
2023-11-16 18:28:11.686390,1169,389,long
2023-11-16 18:28:11.735149,1165,439,long
2023-11-16 18:28:11.852874,181,186,medium
2023-11-16 18:28:11.912335,1171,435,long
2023-11-16 18:28:11.994267,2649,35,long
2023-11-16 18:28:12.051184,1007,391,long
2023-11-16 18:28:12.115979,6472,96,long
2023-11-16 18:28:12.131314,4113,78,long
2023-11-16 18:28:12.234661,374,70,medium
2023-11-16 18:28:12.240395,1002,48,long
2023-11-16 18:28:12.805429,1107,398,long
2023-11-16 18:28:12.864698,1093,419,long
2023-11-16 18:28:12.865992,999,397,long
2023-11-16 18:28:12.984251,1127,441,long
2023-11-16 18:28:12.998618,1011,397,long
2023-11-16 18:28:13.569930,2354,53,long
2023-11-16 18:28:13.580766,980,417,long
2023-11-16 18:28:13.663906,181,103,medium
2023-11-16 18:28:13.709600,399,89,medium
2023-11-16 18:28:13.723941,1409,101,long
2023-11-16 18:28:13.725629,1386,93,long
2023-11-16 18:28:13.775016,1125,414,long
2023-11-16 18:28:14.139624,1159,416,long
2023-11-16 18:28:14.329113,2221,175,long
2023-11-16 18:28:14.339010,1112,403,long
2023-11-16 18:28:14.562269,391,99,medium
2023-11-16 18:28:14.825975,181,124,medium
2023-11-16 18:28:14.870617,1107,427,long
2023-11-16 18:28:15.018659,1113,422,long
2023-11-16 18:28:15.151754,1458,53,long
2023-11-16 18:28:15.559980,4148,62,long
2023-11-16 18:28:15.636178,406,98,medium
2023-11-16 18:28:15.839607,1312,205,long
2023-11-16 18:28:16.140965,407,116,medium
2023-11-16 18:28:16.305663,1093,398,long
2023-11-16 18:28:16.338507,377,57,medium
2023-11-16 18:28:16.376743,1125,386,long
2023-11-16 18:28:16.561906,200,149,medium
2023-11-16 18:28:16.609878,1125,414,long
2023-11-16 18:28:16.789508,206,217,medium
2023-11-16 18:28:17.376354,4094,45,long
2023-11-16 18:28:17.702157,1107,375,long
2023-11-16 18:28:18.127586,407,115,medium
2023-11-16 18:28:18.138900,2848,30,long
2023-11-16 18:28:18.227171,1102,401,long
2023-11-16 18:28:18.387403,1316,156,long
2023-11-16 18:28:18.400526,377,35,medium
2023-11-16 18:28:18.420011,1111,418,long
2023-11-16 18:28:18.450315,4093,28,long
2023-11-16 18:28:18.642566,1055,400,long
2023-11-16 18:28:18.717783,1112,429,long
2023-11-16 18:28:19.156289,4078,49,long
2023-11-16 18:28:19.184185,1314,198,long
2023-11-16 18:28:19.217296,388,83,medium
2023-11-16 18:28:19.495235,206,162,medium
2023-11-16 18:28:19.711099,1081,391,long
2023-11-16 18:28:19.780697,1023,575,long
2023-11-16 18:28:20.234420,2584,138,long
2023-11-16 18:28:20.297706,1071,394,long
2023-11-16 18:28:20.554115,410,154,medium
2023-11-16 18:28:21.000651,721,71,long
2023-11-16 18:28:21.099058,1086,614,long
2023-11-16 18:28:21.745098,1315,179,long
2023-11-16 18:28:21.779944,379,72,medium
2023-11-16 18:28:21.905317,400,89,medium
2023-11-16 18:28:22.335339,1054,390,long
2023-11-16 18:28:22.592623,402,163,medium
2023-11-16 18:28:22.678710,2382,80,long
2023-11-16 18:28:22.690073,1112,386,long
2023-11-16 18:28:22.760701,1021,421,long
2023-11-16 18:28:22.968961,1055,398,long
2023-11-16 18:28:23.246983,120,12,short
2023-11-16 18:28:23.265989,981,375,long
2023-11-16 18:28:23.575104,1315,175,long
2023-11-16 18:28:23.827822,1046,397,long
2023-11-16 18:28:24.056046,423,80,medium
2023-11-16 18:28:24.085493,1115,654,long
2023-11-16 18:28:24.183238,1269,103,long
2023-11-16 18:28:24.232770,397,115,medium
2023-11-16 18:28:24.456724,1409,101,long
2023-11-16 18:28:24.800255,1058,394,long
2023-11-16 18:28:24.963025,399,88,medium
2023-11-16 18:28:25.084972,446,94,medium
2023-11-16 18:28:25.135559,1137,402,long
2023-11-16 18:28:25.254455,1110,410,long
2023-11-16 18:28:25.532584,388,91,medium
2023-11-16 18:28:25.859180,1066,393,long
2023-11-16 18:28:26.109586,1163,428,long
2023-11-16 18:28:26.215841,1088,641,long
2023-11-16 18:28:26.266294,1002,411,long
2023-11-16 18:28:26.349682,1186,414,long
2023-11-16 18:28:26.605349,2504,43,long
2023-11-16 18:28:26.836361,1087,383,long
2023-11-16 18:28:27.018214,871,79,long
2023-11-16 18:28:27.339320,377,61,medium
2023-11-16 18:28:27.408142,91,16,short
2023-11-16 18:28:27.446395,191,162,medium
2023-11-16 18:28:27.804857,1312,162,long
2023-11-16 18:28:27.967452,4075,27,long
2023-11-16 18:28:28.074201,373,81,medium
2023-11-16 18:28:28.238232,980,400,long
2023-11-16 18:28:28.425277,212,217,medium
2023-11-16 18:28:28.427759,1057,387,long
2023-11-16 18:28:28.776352,4072,45,long
2023-11-16 18:28:28.787906,390,96,medium
2023-11-16 18:28:28.908518,386,119,medium
2023-11-16 18:28:29.046674,1081,372,long
2023-11-16 18:28:29.300690,450,90,medium
2023-11-16 18:28:29.379189,4073,37,long
2023-11-16 18:28:29.541462,302,18,medium
2023-11-16 18:28:29.572006,4143,95,long
2023-11-16 18:28:29.635630,1161,405,long
2023-11-16 18:28:29.890015,1045,375,long
2023-11-16 18:28:29.989151,1107,55,long
2023-11-16 18:28:30.315038,1081,397,long
2023-11-16 18:28:30.499940,1318,113,long
2023-11-16 18:28:30.721002,1180,427,long
2023-11-16 18:28:30.895985,4074,44,long
2023-11-16 18:28:30.960916,1315,127,long
2023-11-16 18:28:30.962046,372,54,medium
2023-11-16 18:28:31.105728,1018,375,long
2023-11-16 18:28:31.158960,197,217,medium
2023-11-16 18:28:31.511543,1093,407,long
2023-11-16 18:28:31.779053,376,81,medium
2023-11-16 18:28:32.440990,1106,429,long
2023-11-16 18:28:33.543256,4081,103,long
2023-11-16 18:28:33.720471,421,92,medium
2023-11-16 18:28:33.976887,422,98,medium
2023-11-16 18:28:33.978735,407,140,medium
2023-11-16 18:28:34.007952,4076,33,long
2023-11-16 18:28:34.335985,420,106,medium
2023-11-16 18:28:34.548498,1352,144,long
2023-11-16 18:28:34.779439,91,16,short
2023-11-16 18:28:34.819995,1539,94,long
2023-11-16 18:28:35.103468,6472,96,long
2023-11-16 18:28:35.353924,181,169,medium
2023-11-16 18:28:35.475348,72,202,short
2023-11-16 18:28:35.590275,181,120,medium
2023-11-16 18:28:36.235920,992,396,long
2023-11-16 18:28:36.442843,4092,67,long
2023-11-16 18:28:36.461584,388,84,medium
2023-11-16 18:28:36.475013,2513,105,long
2023-11-16 18:28:36.584410,1050,638,long
2023-11-16 18:28:36.763316,392,106,medium
2023-11-16 18:28:37.201802,1127,396,long
2023-11-16 18:28:37.342785,1646,44,long
2023-11-16 18:28:37.389611,433,87,medium
2023-11-16 18:28:37.978837,1081,397,long
2023-11-16 18:28:37.979096,373,70,medium
2023-11-16 18:28:38.124704,1058,407,long
2023-11-16 18:28:38.190006,1098,393,long
2023-11-16 18:28:38.346805,376,83,medium
2023-11-16 18:28:38.384500,206,162,medium
2023-11-16 18:28:38.440933,1099,386,long
2023-11-16 18:28:38.588667,1646,44,long
2023-11-16 18:28:38.726500,1019,396,long
2023-11-16 18:28:39.079366,980,374,long
2023-11-16 18:28:39.299338,371,58,medium
2023-11-16 18:28:39.388964,981,398,long
2023-11-16 18:28:39.474241,2077,69,long
2023-11-16 18:28:39.716064,404,93,medium
2023-11-16 18:28:39.720441,408,87,medium
2023-11-16 18:28:39.802173,2677,82,long
2023-11-16 18:28:39.834288,705,66,long
2023-11-16 18:28:40.054831,203,211,medium
2023-11-16 18:28:40.093809,1176,114,long
2023-11-16 18:28:40.225753,1081,408,long
2023-11-16 18:28:40.570613,1092,720,long
2023-11-16 18:28:40.613464,1037,388,long
2023-11-16 18:28:40.811358,1127,408,long
2023-11-16 18:28:40.818802,788,29,long
2023-11-16 18:28:41.026521,175,164,medium
2023-11-16 18:28:41.162756,401,93,medium
2023-11-16 18:28:41.210549,1000,430,long
2023-11-16 18:28:41.308501,410,85,medium
2023-11-16 18:28:41.391827,4079,482,long
2023-11-16 18:28:41.438556,374,63,medium
2023-11-16 18:28:41.494682,1113,423,long
2023-11-16 18:28:41.643220,1318,142,long
2023-11-16 18:28:41.714505,988,431,long
2023-11-16 18:28:41.744195,1022,392,long
2023-11-16 18:28:41.785945,2584,156,long
2023-11-16 18:28:42.035207,1314,176,long
2023-11-16 18:28:42.412603,4075,42,long
2023-11-16 18:28:42.423676,2685,82,long
2023-11-16 18:28:42.640662,1704,107,long
2023-11-16 18:28:42.873772,1107,398,long
2023-11-16 18:28:43.114814,1139,398,long
2023-11-16 18:28:43.470005,1045,396,long
2023-11-16 18:28:43.504036,1051,400,long
2023-11-16 18:28:43.511010,405,87,medium
2023-11-16 18:28:43.729769,1064,393,long
2023-11-16 18:28:43.732056,387,117,medium
2023-11-16 18:28:43.918130,1049,429,long
2023-11-16 18:28:44.108723,181,205,medium
2023-11-16 18:28:44.167149,4079,29,long
2023-11-16 18:28:44.183235,1071,398,long
2023-11-16 18:28:44.192276,2255,91,long
2023-11-16 18:28:44.508041,999,396,long
2023-11-16 18:28:44.538202,1069,450,long
2023-11-16 18:28:45.071513,1040,403,long
2023-11-16 18:28:45.432939,961,429,long
2023-11-16 18:28:45.829939,988,401,long
2023-11-16 18:28:46.008245,1039,430,long
2023-11-16 18:28:46.015728,1040,393,long
2023-11-16 18:28:46.148145,1508,49,long
2023-11-16 18:28:46.191009,317,18,medium
2023-11-16 18:28:46.260543,393,116,medium
2023-11-16 18:28:46.267595,371,63,medium
2023-11-16 18:28:46.334310,920,104,long
2023-11-16 18:28:46.421928,1118,141,long
2023-11-16 18:28:46.560537,382,61,medium
2023-11-16 18:28:46.629108,410,129,medium
2023-11-16 18:28:46.800916,1108,434,long
2023-11-16 18:28:47.006567,325,18,medium
2023-11-16 18:28:47.129846,397,100,medium
2023-11-16 18:28:47.152029,4082,69,long
2023-11-16 18:28:47.156233,4085,63,long
2023-11-16 18:28:47.196954,398,92,medium
2023-11-16 18:28:47.562653,1125,399,long
2023-11-16 18:28:47.935606,1168,427,long
2023-11-16 18:28:47.947725,2045,60,long
2023-11-16 18:28:48.122606,1097,403,long
2023-11-16 18:28:48.143672,2878,48,long
2023-11-16 18:28:48.348204,200,165,medium
2023-11-16 18:28:49.017754,997,418,long
2023-11-16 18:28:49.110550,4076,49,long
2023-11-16 18:28:49.138259,203,181,medium
2023-11-16 18:28:49.141511,374,40,medium
2023-11-16 18:28:49.232254,181,95,medium
2023-11-16 18:28:49.459419,1176,77,long
2023-11-16 18:28:49.971907,1046,396,long
2023-11-16 18:28:50.057087,2369,43,long
2023-11-16 18:28:50.175256,181,284,medium
2023-11-16 18:28:50.548937,373,81,medium
2023-11-16 18:28:51.433849,1029,392,long
2023-11-16 18:28:51.717598,1006,411,long
2023-11-16 18:28:51.790219,1013,419,long
2023-11-16 18:28:52.741779,1089,417,long
2023-11-16 18:28:52.777096,2289,92,long
2023-11-16 18:28:52.855225,1180,402,long
2023-11-16 18:28:53.061974,389,87,medium
2023-11-16 18:28:53.089626,422,95,medium
2023-11-16 18:28:53.287607,1002,413,long
2023-11-16 18:28:53.391644,991,399,long
2023-11-16 18:28:53.677086,1000,428,long
2023-11-16 18:28:53.692212,181,128,medium
2023-11-16 18:28:53.978878,4082,85,long
2023-11-16 18:28:54.192889,390,94,medium
2023-11-16 18:28:54.363222,404,108,medium
2023-11-16 18:28:54.482209,1508,84,long
2023-11-16 18:28:55.381565,372,61,medium
2023-11-16 18:28:55.381913,1093,397,long
2023-11-16 18:28:55.561271,1006,396,long
2023-11-16 18:28:55.785403,982,399,long
2023-11-16 18:28:56.089427,428,98,medium
2023-11-16 18:28:56.192994,1055,411,long
2023-11-16 18:28:56.270230,402,105,medium
2023-11-16 18:28:56.271490,1045,397,long
2023-11-16 18:28:56.314289,2221,174,long
2023-11-16 18:28:56.540416,16,177,short
2023-11-16 18:28:56.604733,203,162,medium
2023-11-16 18:28:56.873325,1058,400,long
2023-11-16 18:28:56.929063,376,74,medium
2023-11-16 18:28:56.940808,1071,387,long
2023-11-16 18:28:56.971592,194,217,medium
2023-11-16 18:28:57.184548,1026,429,long
2023-11-16 18:28:57.525580,1312,193,long
2023-11-16 18:28:57.528223,380,82,medium
2023-11-16 18:28:57.613031,1098,393,long
2023-11-16 18:28:58.027868,1093,389,long
2023-11-16 18:28:58.119352,379,63,medium
2023-11-16 18:28:58.333327,181,121,medium
2023-11-16 18:28:58.417477,1089,398,long
2023-11-16 18:28:58.487098,1132,398,long
2023-11-16 18:28:58.900424,981,399,long
2023-11-16 18:29:00.385946,390,48,medium
2023-11-16 18:29:00.455872,1063,401,long
2023-11-16 18:29:00.456001,905,115,long
2023-11-16 18:29:00.488660,3042,99,long
2023-11-16 18:29:00.753838,1087,412,long
2023-11-16 18:29:00.760051,995,83,long
2023-11-16 18:29:00.782879,407,129,medium
2023-11-16 18:29:01.165556,1081,390,long
2023-11-16 18:29:01.186865,4089,57,long
2023-11-16 18:29:01.308543,4081,41,long
2023-11-16 18:29:01.844288,1081,471,long
2023-11-16 18:29:01.991004,4086,34,long
2023-11-16 18:29:02.458187,1317,155,long
2023-11-16 18:29:02.595255,1000,386,long
2023-11-16 18:29:02.918421,955,425,long
2023-11-16 18:29:02.974516,986,604,long
2023-11-16 18:29:03.622906,1062,400,long
2023-11-16 18:29:03.690532,1026,402,long
2023-11-16 18:29:03.941893,4080,38,long
2023-11-16 18:29:04.101077,124,198,short
2023-11-16 18:29:04.129827,200,192,medium
2023-11-16 18:29:04.223342,2480,108,long
2023-11-16 18:29:04.284223,4073,98,long
2023-11-16 18:29:04.294330,1054,396,long
2023-11-16 18:29:04.329771,203,151,medium
2023-11-16 18:29:04.419005,1901,53,long
2023-11-16 18:29:04.491958,388,91,medium
2023-11-16 18:29:04.857350,970,401,long
2023-11-16 18:29:04.867295,2417,105,long
2023-11-16 18:29:04.939974,1065,397,long
2023-11-16 18:29:05.219027,457,81,medium
2023-11-16 18:29:05.430557,1133,405,long
2023-11-16 18:29:05.495170,997,394,long
2023-11-16 18:29:05.530701,1316,152,long
2023-11-16 18:29:05.538840,127,202,short
2023-11-16 18:29:06.036758,4098,90,long
2023-11-16 18:29:06.122763,4096,26,long
2023-11-16 18:29:06.520472,1071,397,long
2023-11-16 18:29:06.786900,1003,396,long
2023-11-16 18:29:06.850881,1172,391,long
2023-11-16 18:29:06.948765,4087,68,long
2023-11-16 18:29:07.065214,370,77,medium
2023-11-16 18:29:07.132902,1120,447,long
2023-11-16 18:29:07.249831,391,140,medium
2023-11-16 18:29:07.323519,1046,405,long
2023-11-16 18:29:07.416945,2702,49,long
2023-11-16 18:29:07.859543,1051,400,long
2023-11-16 18:29:08.088347,387,84,medium
2023-11-16 18:29:08.115640,1024,408,long
2023-11-16 18:29:08.266411,206,212,medium
2023-11-16 18:29:08.608439,1313,138,long
2023-11-16 18:29:08.653745,2444,62,long
2023-11-16 18:29:08.758874,203,181,medium
2023-11-16 18:29:08.881474,1323,210,long
2023-11-16 18:29:08.885297,992,397,long
2023-11-16 18:29:09.077943,961,429,long
2023-11-16 18:29:09.200348,181,129,medium
2023-11-16 18:29:09.202298,397,90,medium
2023-11-16 18:29:09.464993,411,107,medium
2023-11-16 18:29:09.544525,1464,68,long
2023-11-16 18:29:09.797632,447,79,medium
2023-11-16 18:29:10.146481,23,134,short
2023-11-16 18:29:10.595735,2787,65,long
2023-11-16 18:29:10.777286,1103,390,long
2023-11-16 18:29:10.885975,2010,115,long
2023-11-16 18:29:10.962395,326,18,medium
2023-11-16 18:29:11.113040,1077,400,long
2023-11-16 18:29:11.160919,1031,430,long
2023-11-16 18:29:11.331823,4086,63,long
2023-11-16 18:29:11.411277,206,217,medium
2023-11-16 18:29:11.519551,403,107,medium
2023-11-16 18:29:11.529325,378,57,medium
2023-11-16 18:29:11.586760,383,78,medium
2023-11-16 18:29:11.714975,4096,44,long
2023-11-16 18:29:12.030306,1076,396,long
2023-11-16 18:29:12.166847,1066,383,long
2023-11-16 18:29:12.344427,1015,122,long
2023-11-16 18:29:12.535218,1089,391,long
2023-11-16 18:29:12.698793,1037,396,long
2023-11-16 18:29:12.937491,388,98,medium
2023-11-16 18:29:13.002021,1047,400,long
2023-11-16 18:29:13.030292,4075,41,long
2023-11-16 18:29:13.093162,1064,364,long
2023-11-16 18:29:13.196062,1093,397,long
2023-11-16 18:29:13.351735,398,104,medium
2023-11-16 18:29:13.763416,2825,46,long
2023-11-16 18:29:14.226271,1072,444,long
2023-11-16 18:29:14.288286,2902,72,long
2023-11-16 18:29:14.384742,4090,110,long
2023-11-16 18:29:15.320904,242,14,medium
2023-11-16 18:29:15.448146,1132,437,long
2023-11-16 18:29:15.813533,397,114,medium
2023-11-16 18:29:15.927371,120,12,short
2023-11-16 18:29:15.938114,982,445,long
2023-11-16 18:29:16.043912,389,89,medium
2023-11-16 18:29:16.236920,406,96,medium
2023-11-16 18:29:16.308487,1004,396,long
2023-11-16 18:29:16.760321,1094,436,long
2023-11-16 18:29:16.806624,383,67,medium
2023-11-16 18:29:17.139684,1085,397,long
2023-11-16 18:29:17.528374,1317,144,long
2023-11-16 18:29:17.966951,1101,411,long
2023-11-16 18:29:18.087582,1111,375,long
2023-11-16 18:29:18.841001,200,167,medium
2023-11-16 18:29:18.920932,990,397,long
2023-11-16 18:29:18.922981,413,57,medium
2023-11-16 18:29:19.351824,1315,141,long
2023-11-16 18:29:19.505587,4076,75,long
2023-11-16 18:29:19.550989,884,123,long
2023-11-16 18:29:19.588464,1056,396,long
2023-11-16 18:29:19.638931,4090,57,long
2023-11-16 18:29:19.970972,1029,393,long
2023-11-16 18:29:19.996392,1064,476,long
2023-11-16 18:29:20.153551,949,393,long
2023-11-16 18:29:20.220825,1048,389,long
2023-11-16 18:29:20.332710,1851,42,long
2023-11-16 18:29:20.560318,1087,429,long
2023-11-16 18:29:21.080544,1170,400,long
2023-11-16 18:29:21.305565,982,47,long
2023-11-16 18:29:21.452699,1595,150,long
2023-11-16 18:29:21.701158,4073,47,long
2023-11-16 18:29:21.759818,1186,421,long
2023-11-16 18:29:22.238881,1992,76,long
2023-11-16 18:29:22.598282,1677,56,long
2023-11-16 18:29:22.703841,1058,394,long
2023-11-16 18:29:22.812697,209,217,medium
2023-11-16 18:29:22.839501,2597,94,long
2023-11-16 18:29:22.937235,397,88,medium
2023-11-16 18:29:23.007895,399,86,medium
2023-11-16 18:29:23.099805,1153,375,long
2023-11-16 18:29:23.101469,982,487,long
2023-11-16 18:29:23.266558,398,91,medium
2023-11-16 18:29:24.038637,402,110,medium
2023-11-16 18:29:24.150010,387,78,medium
2023-11-16 18:29:24.180973,392,90,medium
2023-11-16 18:29:24.404197,1043,393,long
2023-11-16 18:29:24.502223,387,72,medium
2023-11-16 18:29:24.649444,1044,408,long
2023-11-16 18:29:24.649626,1049,403,long
2023-11-16 18:29:24.654975,2221,202,long
2023-11-16 18:29:24.882026,4087,73,long
2023-11-16 18:29:25.272497,393,101,medium
2023-11-16 18:29:25.726949,378,52,medium
2023-11-16 18:29:26.493381,1030,360,long
2023-11-16 18:29:26.514573,441,134,medium
2023-11-16 18:29:27.018921,415,93,medium
2023-11-16 18:29:27.130365,393,83,medium
2023-11-16 18:29:27.284727,394,175,medium
2023-11-16 18:29:27.286061,1115,398,long
2023-11-16 18:29:27.329143,968,396,long
2023-11-16 18:29:27.769576,373,48,medium
2023-11-16 18:29:27.858100,414,90,medium
2023-11-16 18:29:28.525999,1084,453,long
2023-11-16 18:29:28.993171,1183,408,long
2023-11-16 18:29:29.005265,1100,379,long
2023-11-16 18:29:29.098534,978,414,long
2023-11-16 18:29:29.344109,409,98,medium
2023-11-16 18:29:29.420372,1041,396,long
2023-11-16 18:29:29.633978,2136,91,long
2023-11-16 18:29:29.705074,392,86,medium
2023-11-16 18:29:30.323469,125,211,short
2023-11-16 18:29:30.339293,1110,429,long
2023-11-16 18:29:30.339507,1060,408,long
2023-11-16 18:29:30.708796,401,145,medium
2023-11-16 18:29:30.748441,1352,155,long
2023-11-16 18:29:30.892201,1074,429,long
2023-11-16 18:29:30.965054,1055,397,long
2023-11-16 18:29:31.047962,459,225,medium
2023-11-16 18:29:31.054925,396,104,medium
2023-11-16 18:29:31.055521,370,63,medium
2023-11-16 18:29:31.320275,371,71,medium
2023-11-16 18:29:31.368923,997,429,long
2023-11-16 18:29:31.805356,1077,520,long
2023-11-16 18:29:31.855279,992,420,long
2023-11-16 18:29:31.958366,1095,429,long
2023-11-16 18:29:32.047816,1096,445,long
2023-11-16 18:29:32.197831,1916,61,long
2023-11-16 18:29:32.363926,1482,69,long
2023-11-16 18:29:32.392678,407,175,medium
2023-11-16 18:29:32.836067,373,71,medium
2023-11-16 18:29:32.925483,109,120,short
2023-11-16 18:29:33.638859,1063,407,long
2023-11-16 18:29:33.766024,374,99,medium
2023-11-16 18:29:34.120291,991,414,long
2023-11-16 18:29:34.411626,395,87,medium
2023-11-16 18:29:34.427817,4088,37,long
2023-11-16 18:29:34.626240,1230,76,long
2023-11-16 18:29:34.699763,4075,37,long
2023-11-16 18:29:34.740688,4085,48,long
2023-11-16 18:29:34.912967,366,65,medium
2023-11-16 18:29:35.335611,4077,59,long
2023-11-16 18:29:35.450786,1061,396,long
2023-11-16 18:29:35.577549,2597,94,long
2023-11-16 18:29:35.756961,384,83,medium
2023-11-16 18:29:35.882598,407,125,medium
2023-11-16 18:29:35.921784,4083,37,long
2023-11-16 18:29:36.101263,379,91,medium
2023-11-16 18:29:36.104941,1036,509,long
2023-11-16 18:29:36.397068,1072,429,long
2023-11-16 18:29:36.421561,4086,50,long
2023-11-16 18:29:36.511301,1147,405,long
2023-11-16 18:29:36.544183,1046,564,long
2023-11-16 18:29:36.613010,2584,154,long
2023-11-16 18:29:36.633828,1081,402,long
2023-11-16 18:29:36.930114,4083,31,long
2023-11-16 18:29:37.291206,1085,396,long
2023-11-16 18:29:37.439315,398,111,medium
2023-11-16 18:29:37.475180,420,99,medium
2023-11-16 18:29:37.697196,1043,429,long
2023-11-16 18:29:37.699501,1064,440,long
2023-11-16 18:29:37.701175,383,86,medium
2023-11-16 18:29:37.802527,1775,52,long
2023-11-16 18:29:37.945959,422,92,medium
2023-11-16 18:29:38.138226,188,167,medium
2023-11-16 18:29:38.164903,1042,407,long
2023-11-16 18:29:38.367263,2221,206,long
2023-11-16 18:29:38.373404,395,86,medium
2023-11-16 18:29:38.442524,1874,51,long
2023-11-16 18:29:38.482402,1050,375,long
2023-11-16 18:29:38.540121,1047,411,long
2023-11-16 18:29:38.834295,401,131,medium
2023-11-16 18:29:39.050632,1106,380,long
2023-11-16 18:29:39.305898,1041,569,long
2023-11-16 18:29:39.379591,4081,58,long
2023-11-16 18:29:39.550631,394,75,medium
2023-11-16 18:29:39.939731,386,99,medium
2023-11-16 18:29:39.958228,1077,396,long
2023-11-16 18:29:40.557435,1082,373,long
2023-11-16 18:29:40.760745,4083,52,long
2023-11-16 18:29:40.811424,1057,436,long
2023-11-16 18:29:41.146759,1119,399,long
2023-11-16 18:29:41.463831,206,152,medium
2023-11-16 18:29:41.499351,200,217,medium
2023-11-16 18:29:41.526170,1583,24,long
2023-11-16 18:29:41.564391,1127,394,long
2023-11-16 18:29:41.570106,2666,87,long
2023-11-16 18:29:41.882681,2888,127,long
2023-11-16 18:29:42.555881,2221,168,long
2023-11-16 18:29:42.580257,379,71,medium
2023-11-16 18:29:42.580264,392,93,medium
2023-11-16 18:29:43.059767,1040,956,long
2023-11-16 18:29:43.153455,402,143,medium
2023-11-16 18:29:43.239687,178,169,medium
2023-11-16 18:29:43.373484,1313,186,long
2023-11-16 18:29:43.666959,1047,463,long
2023-11-16 18:29:43.876221,91,16,short
2023-11-16 18:29:43.965942,1101,373,long
2023-11-16 18:29:44.111295,387,100,medium
2023-11-16 18:29:44.241933,374,66,medium
2023-11-16 18:29:44.324218,1102,560,long
2023-11-16 18:29:44.498193,372,68,medium
2023-11-16 18:29:44.572571,1120,416,long
2023-11-16 18:29:44.592745,203,193,medium
2023-11-16 18:29:44.602997,1146,88,long
2023-11-16 18:29:45.054710,181,131,medium
2023-11-16 18:29:45.092021,402,93,medium
2023-11-16 18:29:45.121842,4082,49,long
2023-11-16 18:29:45.377872,1025,431,long
2023-11-16 18:29:45.767835,386,89,medium
2023-11-16 18:29:45.898099,203,217,medium
2023-11-16 18:29:46.223199,1104,396,long
2023-11-16 18:29:46.229584,4076,51,long
2023-11-16 18:29:46.470587,401,99,medium
2023-11-16 18:29:47.079900,982,428,long
2023-11-16 18:29:47.386461,1049,384,long
2023-11-16 18:29:47.483845,441,59,medium
2023-11-16 18:29:47.488785,434,132,medium
2023-11-16 18:29:47.726273,386,93,medium
2023-11-16 18:29:47.827273,1057,429,long
2023-11-16 18:29:48.015773,412,131,medium
2023-11-16 18:29:48.151382,990,388,long
2023-11-16 18:29:48.274669,1935,78,long
2023-11-16 18:29:48.661053,2289,103,long
2023-11-16 18:29:49.060322,380,111,medium
2023-11-16 18:29:49.102802,1099,414,long
2023-11-16 18:29:49.208902,53,148,short
2023-11-16 18:29:49.344462,1163,82,long
2023-11-16 18:29:49.369431,4085,51,long
2023-11-16 18:29:49.897027,1015,396,long
2023-11-16 18:29:50.841817,1087,438,long
2023-11-16 18:29:51.099519,814,160,long
2023-11-16 18:29:51.130052,392,96,medium
2023-11-16 18:29:51.347154,1061,396,long
2023-11-16 18:29:51.871730,949,407,long
2023-11-16 18:29:51.885995,403,105,medium
2023-11-16 18:29:52.194552,1192,415,long
2023-11-16 18:29:52.577109,1000,414,long
2023-11-16 18:29:52.578682,194,152,medium
2023-11-16 18:29:52.720995,181,167,medium
2023-11-16 18:29:52.878490,988,398,long
2023-11-16 18:29:53.280514,398,86,medium
2023-11-16 18:29:53.333976,1061,416,long
2023-11-16 18:29:54.068419,197,152,medium
2023-11-16 18:29:54.168522,384,65,medium
2023-11-16 18:29:54.557033,1086,397,long
2023-11-16 18:29:54.601717,401,74,medium
2023-11-16 18:29:54.701093,331,18,medium
2023-11-16 18:29:54.746252,991,406,long
2023-11-16 18:29:54.882139,4100,37,long
2023-11-16 18:29:54.910303,2219,60,long
2023-11-16 18:29:55.027371,392,98,medium
2023-11-16 18:29:55.100444,4077,35,long
2023-11-16 18:29:55.106852,2652,43,long
2023-11-16 18:29:55.113174,385,93,medium
2023-11-16 18:29:55.185770,374,42,medium
2023-11-16 18:29:55.219014,924,394,long
2023-11-16 18:29:55.924762,401,86,medium
2023-11-16 18:29:55.976668,394,173,medium
2023-11-16 18:29:55.981038,1310,145,long
2023-11-16 18:29:56.423220,972,378,long
2023-11-16 18:29:56.796130,2252,96,long
2023-11-16 18:29:56.972225,1044,398,long
2023-11-16 18:29:57.369716,379,83,medium
2023-11-16 18:29:57.442524,1239,90,long
2023-11-16 18:29:57.502121,389,90,medium
2023-11-16 18:29:57.577112,1070,520,long
2023-11-16 18:29:57.578486,1072,395,long
2023-11-16 18:29:57.727595,1058,422,long
2023-11-16 18:29:57.862553,1054,402,long
2023-11-16 18:29:57.914547,203,194,medium
2023-11-16 18:29:58.121847,1008,415,long
2023-11-16 18:29:58.132270,1163,520,long
2023-11-16 18:29:59.109228,1060,74,long
2023-11-16 18:29:59.368932,1287,81,long
2023-11-16 18:29:59.465939,1089,608,long
2023-11-16 18:29:59.855325,1120,429,long
2023-11-16 18:30:00.196356,1165,37,long
2023-11-16 18:30:00.346174,2740,83,long
2023-11-16 18:30:00.734612,392,138,medium
2023-11-16 18:30:00.754810,1314,236,long
2023-11-16 18:30:01.159440,1317,231,long
2023-11-16 18:30:01.803413,91,16,short
2023-11-16 18:30:02.385784,1259,81,long
2023-11-16 18:30:02.756088,382,103,medium
2023-11-16 18:30:02.783717,1135,455,long
2023-11-16 18:30:03.100841,1053,427,long
2023-11-16 18:30:03.410270,1111,438,long
2023-11-16 18:30:03.726574,1123,87,long
2023-11-16 18:30:03.811658,1119,399,long
2023-11-16 18:30:03.884401,1314,176,long
2023-11-16 18:30:03.901354,382,79,medium
2023-11-16 18:30:03.948685,1112,397,long
2023-11-16 18:30:04.160410,402,98,medium
2023-11-16 18:30:04.515544,1027,429,long
2023-11-16 18:30:04.587876,1023,378,long
2023-11-16 18:30:04.709463,200,181,medium
2023-11-16 18:30:05.085666,203,152,medium
2023-11-16 18:30:05.539383,1135,395,long
2023-11-16 18:30:05.599627,1110,429,long
2023-11-16 18:30:05.657823,1094,383,long
2023-11-16 18:30:06.052686,1074,429,long
2023-11-16 18:30:06.234952,1169,429,long
2023-11-16 18:30:06.236504,194,177,medium
2023-11-16 18:30:06.565862,1104,396,long
2023-11-16 18:30:06.599093,1095,429,long
2023-11-16 18:30:06.776310,393,76,medium
2023-11-16 18:30:06.782511,1070,393,long
2023-11-16 18:30:06.842078,1126,407,long
2023-11-16 18:30:07.168682,393,86,medium
2023-11-16 18:30:07.290748,1455,43,long
2023-11-16 18:30:07.601690,243,14,medium
2023-11-16 18:30:07.649227,402,83,medium
2023-11-16 18:30:07.815069,1522,85,long
2023-11-16 18:30:07.938941,1072,394,long
2023-11-16 18:30:08.197273,1110,658,long
2023-11-16 18:30:08.232095,997,440,long
2023-11-16 18:30:08.321520,181,200,medium
2023-11-16 18:30:08.331238,1089,424,long
2023-11-16 18:30:08.379781,181,133,medium
2023-11-16 18:30:09.615228,395,90,medium
2023-11-16 18:30:10.391615,1119,405,long
2023-11-16 18:30:10.531193,2888,116,long
2023-11-16 18:30:10.678220,1852,62,long
2023-11-16 18:30:11.145949,209,179,medium
2023-11-16 18:30:11.660369,1081,676,long
2023-11-16 18:30:11.673754,1479,75,long
2023-11-16 18:30:11.915462,1092,419,long
2023-11-16 18:30:11.957458,1029,415,long
2023-11-16 18:30:12.116525,1074,394,long
2023-11-16 18:30:12.274827,1066,426,long
2023-11-16 18:30:12.523371,1054,399,long
2023-11-16 18:30:12.547801,206,188,medium
2023-11-16 18:30:12.712068,4078,31,long
2023-11-16 18:30:12.848676,181,248,medium
2023-11-16 18:30:13.642153,1239,90,long
2023-11-16 18:30:14.013718,1009,394,long
2023-11-16 18:30:14.394329,382,74,medium
2023-11-16 18:30:14.486166,1009,429,long
2023-11-16 18:30:14.486354,206,181,medium
2023-11-16 18:30:14.641976,4123,48,long
2023-11-16 18:30:15.086417,1044,422,long
2023-11-16 18:30:15.102154,924,105,long
2023-11-16 18:30:15.374109,374,70,medium
2023-11-16 18:30:15.374540,1381,82,long
2023-11-16 18:30:15.671764,1140,366,long
2023-11-16 18:30:16.305466,1111,410,long
2023-11-16 18:30:16.565224,869,85,long
2023-11-16 18:30:16.700152,1019,414,long
2023-11-16 18:30:16.735249,399,106,medium
2023-11-16 18:30:17.008180,1087,418,long
2023-11-16 18:30:17.159728,1079,405,long
2023-11-16 18:30:17.591725,1061,401,long
2023-11-16 18:30:17.649408,1005,53,long
2023-11-16 18:30:18.004416,1077,393,long
2023-11-16 18:30:18.042579,1540,72,long
2023-11-16 18:30:18.624826,1012,414,long
2023-11-16 18:30:18.919534,2846,82,long
2023-11-16 18:30:18.949474,1011,396,long
2023-11-16 18:30:19.025116,1111,373,long
2023-11-16 18:30:19.793429,161,217,medium
2023-11-16 18:30:20.364703,1077,396,long
2023-11-16 18:30:20.373410,1099,434,long
2023-11-16 18:30:20.386640,1048,396,long
2023-11-16 18:30:20.407781,1101,453,long
2023-11-16 18:30:20.535425,1040,429,long
2023-11-16 18:30:20.602705,333,18,medium
2023-11-16 18:30:20.660978,1089,424,long
2023-11-16 18:30:20.722324,1051,375,long
2023-11-16 18:30:21.003923,1135,429,long
2023-11-16 18:30:21.104039,1314,204,long
2023-11-16 18:30:21.180598,1088,402,long
2023-11-16 18:30:21.350164,1316,353,long
2023-11-16 18:30:21.750270,1042,398,long
2023-11-16 18:30:21.880504,1020,375,long
2023-11-16 18:30:22.124436,181,112,medium
2023-11-16 18:30:22.169705,209,194,medium
2023-11-16 18:30:22.615024,4075,37,long
2023-11-16 18:30:22.905756,1139,463,long
2023-11-16 18:30:23.092926,24,181,short
2023-11-16 18:30:23.100157,858,100,long
2023-11-16 18:30:23.326728,388,81,medium
2023-11-16 18:30:23.377138,1042,407,long
2023-11-16 18:30:23.379291,1035,395,long
2023-11-16 18:30:23.529935,1027,429,long
2023-11-16 18:30:23.571730,1103,391,long
2023-11-16 18:30:24.004715,1049,440,long
2023-11-16 18:30:24.071778,1043,396,long
2023-11-16 18:30:24.451693,1024,520,long
2023-11-16 18:30:24.565446,1094,404,long
2023-11-16 18:30:24.688405,1065,411,long
2023-11-16 18:30:25.075315,1201,410,long
2023-11-16 18:30:25.370218,1029,411,long
2023-11-16 18:30:25.497795,1036,426,long
2023-11-16 18:30:25.672745,4143,44,long
2023-11-16 18:30:25.773276,1033,407,long
2023-11-16 18:30:25.807841,1081,419,long
2023-11-16 18:30:26.041810,431,80,medium
2023-11-16 18:30:26.231423,1089,418,long
2023-11-16 18:30:26.447407,1126,387,long
2023-11-16 18:30:26.555228,1067,467,long
2023-11-16 18:30:26.776035,997,445,long
2023-11-16 18:30:26.779322,1071,498,long
2023-11-16 18:30:26.821098,752,70,long
2023-11-16 18:30:26.939096,1065,401,long
2023-11-16 18:30:26.946469,317,18,medium
2023-11-16 18:30:27.147235,1314,138,long
2023-11-16 18:30:27.244640,1022,420,long
2023-11-16 18:30:27.271939,1041,414,long
2023-11-16 18:30:27.402664,1071,396,long
2023-11-16 18:30:27.563246,1168,429,long
2023-11-16 18:30:27.990963,1119,411,long
2023-11-16 18:30:28.176850,1020,501,long
2023-11-16 18:30:28.459851,1065,429,long
2023-11-16 18:30:28.625185,200,174,medium
2023-11-16 18:30:28.691128,1139,414,long
2023-11-16 18:30:28.699748,1087,410,long
2023-11-16 18:30:28.787584,1058,475,long
2023-11-16 18:30:29.014729,1157,384,long
2023-11-16 18:30:29.395532,1820,69,long
2023-11-16 18:30:29.645825,200,179,medium
2023-11-16 18:30:29.966581,2521,37,long
2023-11-16 18:30:30.157569,1021,394,long
2023-11-16 18:30:30.248424,4078,49,long
2023-11-16 18:30:30.342112,209,177,medium
2023-11-16 18:30:30.554495,203,183,medium
2023-11-16 18:30:30.586665,1014,427,long
2023-11-16 18:30:31.017259,1047,399,long
2023-11-16 18:30:31.113935,1179,407,long
2023-11-16 18:30:31.206097,1029,406,long
2023-11-16 18:30:31.234354,2172,80,long
2023-11-16 18:30:31.420845,984,384,long
2023-11-16 18:30:31.542018,984,429,long
2023-11-16 18:30:31.750507,181,217,medium
2023-11-16 18:30:32.452856,1072,414,long
2023-11-16 18:30:32.751231,167,158,medium
2023-11-16 18:30:32.754417,1044,419,long
2023-11-16 18:30:32.948982,1043,403,long
2023-11-16 18:30:32.969899,1070,551,long
2023-11-16 18:30:33.722221,1029,468,long
2023-11-16 18:30:33.909991,1101,482,long
2023-11-16 18:30:34.011995,1048,396,long
2023-11-16 18:30:34.190835,420,71,medium
2023-11-16 18:30:34.552678,197,183,medium
2023-11-16 18:30:34.611933,1058,414,long
2023-11-16 18:30:34.751106,4075,69,long
2023-11-16 18:30:34.818093,1086,403,long
2023-11-16 18:30:34.848692,1002,382,long
2023-11-16 18:30:34.866049,159,204,medium
2023-11-16 18:30:35.629274,1053,413,long
2023-11-16 18:30:36.150745,25,176,short
2023-11-16 18:30:36.513863,1230,396,long
2023-11-16 18:30:36.515243,197,217,medium
2023-11-16 18:30:36.519760,1052,417,long
2023-11-16 18:30:37.061225,1028,401,long
2023-11-16 18:30:37.324091,372,81,medium
2023-11-16 18:30:37.443479,1692,51,long
2023-11-16 18:30:37.538717,1047,535,long
2023-11-16 18:30:37.802025,1177,386,long
2023-11-16 18:30:37.842585,1103,363,long
2023-11-16 18:30:38.176597,398,92,medium
2023-11-16 18:30:38.216500,1121,424,long
2023-11-16 18:30:38.217942,1028,382,long
2023-11-16 18:30:38.428078,1139,412,long
2023-11-16 18:30:38.722205,203,165,medium
2023-11-16 18:30:39.088511,1313,177,long
2023-11-16 18:30:39.534979,918,40,long
2023-11-16 18:30:39.828395,2578,61,long
2023-11-16 18:30:40.136836,1592,48,long
2023-11-16 18:30:40.216557,375,65,medium
2023-11-16 18:30:40.351580,1089,601,long
2023-11-16 18:30:40.862965,1048,80,long
2023-11-16 18:30:40.942624,181,222,medium
2023-11-16 18:30:41.247775,1139,405,long
2023-11-16 18:30:41.358575,1014,391,long
2023-11-16 18:30:41.884043,1353,147,long
2023-11-16 18:30:42.037219,203,183,medium
2023-11-16 18:30:42.191711,923,137,long
2023-11-16 18:30:42.296498,1047,420,long
2023-11-16 18:30:42.366055,378,68,medium
2023-11-16 18:30:42.370004,1044,391,long
2023-11-16 18:30:42.529165,1023,520,long
2023-11-16 18:30:42.767250,1353,160,long
2023-11-16 18:30:42.828694,1010,397,long
2023-11-16 18:30:42.837946,1126,937,long
2023-11-16 18:30:42.853417,1126,919,long
2023-11-16 18:30:43.067861,1088,402,long
2023-11-16 18:30:44.547731,1029,409,long
2023-11-16 18:30:44.656239,398,93,medium
2023-11-16 18:30:44.944738,995,414,long
2023-11-16 18:30:45.552224,1204,460,long
2023-11-16 18:30:45.589627,120,12,short
2023-11-16 18:30:45.852292,200,217,medium
2023-11-16 18:30:46.188045,999,417,long
2023-11-16 18:30:46.256807,396,91,medium
2023-11-16 18:30:46.364109,2605,50,long
2023-11-16 18:30:46.562478,181,187,medium
2023-11-16 18:30:46.844867,1014,428,long
2023-11-16 18:30:47.534031,1023,484,long
2023-11-16 18:30:48.109535,4081,36,long
2023-11-16 18:30:48.139002,1072,386,long
2023-11-16 18:30:48.198263,1015,416,long
2023-11-16 18:30:48.247994,1019,414,long
2023-11-16 18:30:48.649366,1314,141,long
2023-11-16 18:30:49.974779,1029,663,long
2023-11-16 18:30:50.103934,1044,458,long
2023-11-16 18:30:50.105907,2519,75,long
2023-11-16 18:30:50.613367,1665,49,long
2023-11-16 18:30:50.649094,995,403,long
2023-11-16 18:30:51.108039,1037,411,long
2023-11-16 18:30:51.375009,1923,74,long
2023-11-16 18:30:51.502877,3250,92,long
2023-11-16 18:30:52.041276,200,217,medium
2023-11-16 18:30:52.366199,1069,419,long
2023-11-16 18:30:52.403774,1315,163,long
2023-11-16 18:30:52.842947,400,94,medium
2023-11-16 18:30:52.856241,1115,423,long
2023-11-16 18:30:52.992441,1306,915,long
2023-11-16 18:30:53.227040,903,100,long
2023-11-16 18:30:53.586203,1850,94,long
2023-11-16 18:30:53.660629,1126,447,long
2023-11-16 18:30:53.764432,1040,396,long
2023-11-16 18:30:53.876120,1023,415,long
2023-11-16 18:30:54.251461,203,161,medium
2023-11-16 18:30:54.684287,1081,426,long
2023-11-16 18:30:54.904927,1074,645,long
2023-11-16 18:30:54.997022,1038,514,long
2023-11-16 18:30:55.355870,173,158,medium
2023-11-16 18:30:55.415468,169,217,medium
2023-11-16 18:30:55.449877,1074,411,long
2023-11-16 18:30:55.501840,1144,425,long
2023-11-16 18:30:55.622415,1012,414,long
2023-11-16 18:30:55.641149,1014,411,long
2023-11-16 18:30:56.205964,1143,668,long
2023-11-16 18:30:56.370176,979,413,long
2023-11-16 18:30:56.482198,403,97,medium
2023-11-16 18:30:56.755064,1315,189,long
2023-11-16 18:30:56.860444,1012,396,long
2023-11-16 18:30:57.040634,206,186,medium
2023-11-16 18:30:57.223340,1079,410,long
2023-11-16 18:30:57.357179,181,125,medium
2023-11-16 18:30:57.813150,1312,129,long
2023-11-16 18:30:57.832633,398,125,medium
2023-11-16 18:30:57.963561,372,150,medium
2023-11-16 18:30:58.019964,1064,409,long
2023-11-16 18:30:58.039557,1054,421,long
2023-11-16 18:30:58.117175,1034,405,long
2023-11-16 18:30:58.791012,4103,62,long
2023-11-16 18:30:58.818294,181,102,medium
2023-11-16 18:30:58.818986,2754,116,long
2023-11-16 18:30:59.029469,1068,625,long
2023-11-16 18:30:59.616878,1084,389,long
2023-11-16 18:30:59.656682,2584,165,long
2023-11-16 18:30:59.873341,380,58,medium
2023-11-16 18:31:00.151515,1025,468,long
2023-11-16 18:31:00.281547,1801,72,long
2023-11-16 18:31:01.206157,181,176,medium
2023-11-16 18:31:01.271054,212,165,medium
2023-11-16 18:31:02.265098,404,78,medium
2023-11-16 18:31:02.274192,218,167,medium
2023-11-16 18:31:02.796528,1389,65,long
2023-11-16 18:31:02.799479,987,399,long
2023-11-16 18:31:03.055577,1000,414,long
2023-11-16 18:31:03.229103,4075,36,long
2023-11-16 18:31:03.283901,181,107,medium
2023-11-16 18:31:03.376012,1314,200,long
2023-11-16 18:31:03.481754,310,18,medium
2023-11-16 18:31:03.543016,1120,373,long
2023-11-16 18:31:03.580015,1033,386,long
2023-11-16 18:31:03.914999,1314,150,long
2023-11-16 18:31:04.064329,329,18,medium
2023-11-16 18:31:04.090634,91,16,short
2023-11-16 18:31:04.665232,1044,411,long
2023-11-16 18:31:04.753826,1139,412,long
2023-11-16 18:31:04.854044,1064,414,long
2023-11-16 18:31:05.033795,1140,391,long
2023-11-16 18:31:05.111316,1042,414,long
2023-11-16 18:31:05.182075,1126,690,long
2023-11-16 18:31:05.555963,1080,449,long
2023-11-16 18:31:05.776334,1024,373,long
2023-11-16 18:31:05.814769,4074,49,long
2023-11-16 18:31:06.123703,938,456,long
2023-11-16 18:31:06.596331,1028,375,long
2023-11-16 18:31:06.596347,1284,48,long
2023-11-16 18:31:06.597795,1073,373,long
2023-11-16 18:31:06.711816,402,97,medium
2023-11-16 18:31:07.110479,1067,395,long
2023-11-16 18:31:07.218837,1077,427,long
2023-11-16 18:31:07.454821,1101,429,long
2023-11-16 18:31:08.370751,1077,396,long
2023-11-16 18:31:08.608226,1042,363,long
2023-11-16 18:31:08.611024,1298,85,long
2023-11-16 18:31:08.988850,972,384,long
2023-11-16 18:31:09.239821,1057,442,long
2023-11-16 18:31:09.663890,23,125,short
2023-11-16 18:31:09.750679,209,162,medium
2023-11-16 18:31:09.872494,405,139,medium
2023-11-16 18:31:10.172019,1314,213,long
2023-11-16 18:31:10.179359,1587,97,long
2023-11-16 18:31:10.417171,1122,411,long
2023-11-16 18:31:10.494741,206,162,medium
2023-11-16 18:31:10.504907,2519,75,long
2023-11-16 18:31:10.894907,197,217,medium
2023-11-16 18:31:10.907632,1016,468,long
2023-11-16 18:31:11.372586,1125,429,long
2023-11-16 18:31:11.483104,995,46,long
2023-11-16 18:31:11.614506,4100,134,long
2023-11-16 18:31:11.753255,1147,423,long
2023-11-16 18:31:12.157172,883,115,long
2023-11-16 18:31:12.447488,1076,399,long
2023-11-16 18:31:12.652647,994,386,long
2023-11-16 18:31:12.688980,1092,393,long
2023-11-16 18:31:12.743973,215,152,medium
2023-11-16 18:31:12.787953,835,449,long
2023-11-16 18:31:12.961598,1054,509,long
2023-11-16 18:31:13.096244,999,386,long
2023-11-16 18:31:13.117680,203,189,medium
2023-11-16 18:31:13.270884,1895,82,long
2023-11-16 18:31:13.287386,997,388,long
2023-11-16 18:31:13.501039,1035,389,long
2023-11-16 18:31:13.791453,1021,395,long
2023-11-16 18:31:14.084982,1130,382,long
2023-11-16 18:31:14.308053,237,14,medium
2023-11-16 18:31:14.684699,1029,409,long
2023-11-16 18:31:14.705551,1155,396,long
2023-11-16 18:31:14.817941,1184,442,long
2023-11-16 18:31:14.909287,1140,404,long
2023-11-16 18:31:15.235348,1092,431,long
2023-11-16 18:31:15.360184,1162,405,long
2023-11-16 18:31:15.678105,1104,429,long
2023-11-16 18:31:15.706309,181,112,medium
2023-11-16 18:31:15.842289,1057,394,long
2023-11-16 18:31:16.195551,1047,414,long
2023-11-16 18:31:16.241803,1912,69,long
2023-11-16 18:31:16.322665,1146,395,long
2023-11-16 18:31:16.540576,4086,43,long
2023-11-16 18:31:16.630919,1314,206,long
2023-11-16 18:31:16.879480,1313,194,long
2023-11-16 18:31:17.143600,401,96,medium
2023-11-16 18:31:17.282312,985,443,long
2023-11-16 18:31:17.957508,12,177,short
2023-11-16 18:31:17.964107,1886,53,long
2023-11-16 18:31:18.049507,1069,409,long
2023-11-16 18:31:18.182501,1318,165,long
2023-11-16 18:31:18.281851,1150,420,long
2023-11-16 18:31:18.783220,1147,394,long
2023-11-16 18:31:18.997156,1027,558,long
2023-11-16 18:31:18.997740,1009,403,long
2023-11-16 18:31:19.063534,1024,385,long
2023-11-16 18:31:19.550812,1071,396,long
2023-11-16 18:31:19.722582,1067,544,long
2023-11-16 18:31:19.815827,1020,409,long
2023-11-16 18:31:20.054130,1009,429,long
2023-11-16 18:31:20.475022,902,381,long
2023-11-16 18:31:20.699305,412,108,medium
2023-11-16 18:31:20.940042,212,162,medium
2023-11-16 18:31:21.679826,212,189,medium
2023-11-16 18:31:21.821090,390,133,medium
2023-11-16 18:31:21.875683,1136,397,long
2023-11-16 18:31:21.904430,1169,397,long
2023-11-16 18:31:21.905863,4076,28,long
2023-11-16 18:31:21.947847,4137,36,long
2023-11-16 18:31:22.004159,1021,409,long
2023-11-16 18:31:23.023393,4092,44,long
2023-11-16 18:31:23.240397,1154,393,long
2023-11-16 18:31:23.523276,1083,404,long
2023-11-16 18:31:23.621565,1182,418,long
2023-11-16 18:31:23.910153,1188,407,long
2023-11-16 18:31:24.372608,1083,409,long
2023-11-16 18:31:24.625773,1162,396,long
2023-11-16 18:31:24.649719,320,18,medium
2023-11-16 18:31:24.961955,1152,482,long
2023-11-16 18:31:24.964076,397,71,medium
2023-11-16 18:31:25.051124,1080,433,long
2023-11-16 18:31:25.385753,407,141,medium
2023-11-16 18:31:25.698312,209,162,medium
2023-11-16 18:31:25.840683,127,184,short
2023-11-16 18:31:25.892619,1012,411,long
2023-11-16 18:31:26.404207,1146,402,long
2023-11-16 18:31:26.505892,378,80,medium
2023-11-16 18:31:26.861247,2221,107,long
2023-11-16 18:31:27.013693,194,174,medium
2023-11-16 18:31:27.101501,1032,389,long
2023-11-16 18:31:27.663952,791,69,long
2023-11-16 18:31:27.881006,1011,395,long
2023-11-16 18:31:27.901314,181,120,medium
2023-11-16 18:31:27.903694,206,162,medium
2023-11-16 18:31:28.074075,1027,414,long
2023-11-16 18:31:28.150229,1227,419,long
2023-11-16 18:31:28.242742,379,67,medium
2023-11-16 18:31:28.325656,1313,167,long
2023-11-16 18:31:28.409321,401,118,medium
2023-11-16 18:31:28.501446,1158,103,long
2023-11-16 18:31:28.581411,1099,387,long
2023-11-16 18:31:28.691068,212,217,medium
2023-11-16 18:31:29.021887,200,181,medium
2023-11-16 18:31:29.055718,1098,661,long
2023-11-16 18:31:29.123751,1034,402,long
2023-11-16 18:31:29.155151,1011,411,long
2023-11-16 18:31:29.264688,1245,384,long
2023-11-16 18:31:29.320880,397,133,medium
2023-11-16 18:31:29.350637,1029,396,long
2023-11-16 18:31:29.352507,1057,391,long
2023-11-16 18:31:29.620158,3115,117,long
2023-11-16 18:31:29.712795,991,384,long
2023-11-16 18:31:29.888166,993,385,long
2023-11-16 18:31:30.178779,1054,399,long
2023-11-16 18:31:30.651818,1031,373,long
2023-11-16 18:31:30.681611,1042,418,long
2023-11-16 18:31:30.684999,2481,27,long
2023-11-16 18:31:30.755579,1034,417,long
2023-11-16 18:31:31.449919,242,14,medium
2023-11-16 18:31:31.593730,1055,445,long
2023-11-16 18:31:31.600933,420,80,medium
2023-11-16 18:31:31.845505,1177,386,long
2023-11-16 18:31:32.003510,1068,444,long
2023-11-16 18:31:32.127366,1170,423,long
2023-11-16 18:31:32.371194,1034,431,long
2023-11-16 18:31:32.827106,1049,440,long
2023-11-16 18:31:32.860098,1064,394,long
2023-11-16 18:31:33.081158,1166,43,long
2023-11-16 18:31:33.180213,404,98,medium
2023-11-16 18:31:33.512401,398,122,medium
2023-11-16 18:31:33.774985,1708,42,long
2023-11-16 18:31:34.271433,1321,193,long
2023-11-16 18:31:34.505253,1117,559,long
2023-11-16 18:31:35.121967,242,14,medium
2023-11-16 18:31:35.364210,1105,393,long
2023-11-16 18:31:35.482002,209,217,medium
2023-11-16 18:31:35.615516,1086,383,long
2023-11-16 18:31:35.658560,1087,427,long
2023-11-16 18:31:35.829919,1107,636,long
2023-11-16 18:31:36.507102,1287,611,long
2023-11-16 18:31:36.725536,1095,390,long
2023-11-16 18:31:36.932990,399,71,medium
2023-11-16 18:31:37.063790,1039,399,long
2023-11-16 18:31:37.184015,1317,243,long
2023-11-16 18:31:37.403754,206,191,medium
2023-11-16 18:31:37.521947,1057,426,long
2023-11-16 18:31:37.599949,181,144,medium
2023-11-16 18:31:37.657799,197,205,medium
2023-11-16 18:31:37.675606,247,14,medium
2023-11-16 18:31:37.841638,1145,907,long
2023-11-16 18:31:37.920646,1313,253,long
2023-11-16 18:31:38.024539,4083,39,long
2023-11-16 18:31:38.031990,1000,395,long
2023-11-16 18:31:38.049175,409,156,medium
2023-11-16 18:31:38.193674,1317,249,long
2023-11-16 18:31:39.495602,3115,105,long
2023-11-16 18:31:39.664006,4075,69,long
2023-11-16 18:31:39.926035,387,105,medium
2023-11-16 18:31:40.027561,1034,33,long
2023-11-16 18:31:40.541405,2584,161,long
2023-11-16 18:31:40.673580,1018,414,long
2023-11-16 18:31:41.104710,891,403,long
2023-11-16 18:31:41.105939,1287,58,long
2023-11-16 18:31:41.727816,203,217,medium
2023-11-16 18:31:41.736802,200,217,medium
2023-11-16 18:31:42.045221,1165,97,long
2023-11-16 18:31:42.232017,1037,404,long
2023-11-16 18:31:42.543853,4142,37,long
2023-11-16 18:31:43.064502,1200,402,long
2023-11-16 18:31:43.126374,1067,494,long
2023-11-16 18:31:43.138002,413,99,medium
2023-11-16 18:31:43.416152,181,94,medium
2023-11-16 18:31:43.910217,1042,380,long
2023-11-16 18:31:43.965304,1277,373,long
2023-11-16 18:31:44.344268,993,413,long
2023-11-16 18:31:44.391852,1192,672,long
2023-11-16 18:31:44.698005,1184,398,long
2023-11-16 18:31:44.865524,1087,380,long
2023-11-16 18:31:45.151752,884,395,long
2023-11-16 18:31:45.178132,1208,397,long
2023-11-16 18:31:45.599125,167,162,medium
2023-11-16 18:31:46.280225,1322,215,long
2023-11-16 18:31:46.455331,1068,396,long
2023-11-16 18:31:46.901805,11,115,short
2023-11-16 18:31:47.733466,4089,89,long
2023-11-16 18:31:48.243540,950,84,long
2023-11-16 18:31:48.414428,894,381,long
2023-11-16 18:31:48.803385,1179,390,long
2023-11-16 18:31:49.011107,404,132,medium
2023-11-16 18:31:49.214038,1221,391,long
2023-11-16 18:31:49.256615,1015,398,long
2023-11-16 18:31:49.494984,1025,388,long
2023-11-16 18:31:49.989557,1493,86,long
2023-11-16 18:31:50.008288,1024,466,long
2023-11-16 18:31:50.102324,1033,399,long
2023-11-16 18:31:50.163121,982,403,long
2023-11-16 18:31:50.238333,1031,414,long
2023-11-16 18:31:50.314525,1016,411,long
2023-11-16 18:31:50.480559,181,134,medium
2023-11-16 18:31:50.516399,901,86,long
2023-11-16 18:31:50.521363,1016,414,long
2023-11-16 18:31:50.584075,1234,412,long
2023-11-16 18:31:51.057953,1018,426,long
2023-11-16 18:31:51.431726,1245,396,long
2023-11-16 18:31:51.505525,2107,68,long
2023-11-16 18:31:51.666378,4098,60,long
2023-11-16 18:31:52.153402,203,189,medium
2023-11-16 18:31:52.596373,1092,416,long
2023-11-16 18:31:53.172522,1314,252,long
2023-11-16 18:31:53.400183,1078,380,long
2023-11-16 18:31:53.472778,2092,95,long
2023-11-16 18:31:53.778878,194,211,medium
2023-11-16 18:31:54.671168,1173,427,long
2023-11-16 18:31:55.023989,1021,401,long
2023-11-16 18:31:55.561034,401,87,medium
2023-11-16 18:31:55.681729,200,191,medium
2023-11-16 18:31:55.694321,1024,401,long
2023-11-16 18:31:55.858552,209,179,medium
2023-11-16 18:31:56.474042,1070,401,long
2023-11-16 18:31:56.475784,206,164,medium
2023-11-16 18:31:56.612059,181,132,medium
2023-11-16 18:31:56.924749,1223,395,long
2023-11-16 18:31:57.160094,4078,30,long
2023-11-16 18:31:57.440082,424,79,medium
2023-11-16 18:31:57.926705,4084,34,long
2023-11-16 18:31:58.211671,1065,444,long
2023-11-16 18:31:58.326677,1093,410,long
2023-11-16 18:31:58.333255,374,66,medium
2023-11-16 18:31:58.639629,1095,404,long
2023-11-16 18:31:58.990055,1096,394,long
2023-11-16 18:31:59.135069,1314,138,long
2023-11-16 18:31:59.467793,181,102,medium
2023-11-16 18:31:59.762781,1026,388,long
2023-11-16 18:31:59.765621,1158,390,long
2023-11-16 18:31:59.929670,4782,63,long
2023-11-16 18:32:00.149011,1315,209,long
2023-11-16 18:32:00.460908,1045,394,long
2023-11-16 18:32:00.692488,215,162,medium
2023-11-16 18:32:00.785103,1010,410,long
2023-11-16 18:32:00.796788,1316,186,long
2023-11-16 18:32:00.981022,91,24,short
2023-11-16 18:32:01.244348,200,181,medium
2023-11-16 18:32:01.498409,1066,396,long
2023-11-16 18:32:01.578278,1212,56,long
2023-11-16 18:32:01.878765,372,78,medium
2023-11-16 18:32:01.966754,212,217,medium
2023-11-16 18:32:02.048093,1088,486,long
2023-11-16 18:32:02.175097,1078,401,long
2023-11-16 18:32:02.177064,408,97,medium
2023-11-16 18:32:02.491644,1032,395,long
2023-11-16 18:32:02.506800,69,165,short
2023-11-16 18:32:02.690182,985,45,long
2023-11-16 18:32:02.947440,8,145,short
2023-11-16 18:32:03.484841,4085,35,long
2023-11-16 18:32:04.037479,1148,459,long
2023-11-16 18:32:04.042961,1158,373,long
2023-11-16 18:32:04.075671,197,217,medium
2023-11-16 18:32:04.405064,1016,407,long
2023-11-16 18:32:04.965806,994,436,long
2023-11-16 18:32:04.982804,1095,411,long
2023-11-16 18:32:05.158528,1061,410,long
2023-11-16 18:32:05.175341,1020,414,long
2023-11-16 18:32:05.315039,991,394,long
2023-11-16 18:32:05.468319,242,14,medium
2023-11-16 18:32:06.268549,13,164,short
2023-11-16 18:32:06.363965,2812,300,long
2023-11-16 18:32:06.485539,1314,249,long
2023-11-16 18:32:06.659668,212,217,medium
2023-11-16 18:32:06.856640,1071,395,long
2023-11-16 18:32:06.919329,1017,421,long
2023-11-16 18:32:07.501334,1041,389,long
2023-11-16 18:32:07.542496,1037,428,long
2023-11-16 18:32:07.774086,1227,594,long
2023-11-16 18:32:07.861508,1076,378,long
2023-11-16 18:32:07.871535,409,99,medium
2023-11-16 18:32:07.922813,393,88,medium
2023-11-16 18:32:08.080850,896,434,long
2023-11-16 18:32:08.219669,1055,398,long
2023-11-16 18:32:08.624191,1110,396,long
2023-11-16 18:32:08.795761,194,161,medium
2023-11-16 18:32:09.038352,433,83,medium
2023-11-16 18:32:09.559677,1022,411,long
2023-11-16 18:32:09.694404,1147,402,long
2023-11-16 18:32:09.781359,4080,27,long
2023-11-16 18:32:09.783986,1165,402,long
2023-11-16 18:32:10.114678,372,68,medium
2023-11-16 18:32:10.514940,873,456,long
2023-11-16 18:32:11.164608,209,179,medium
2023-11-16 18:32:11.271131,4083,46,long
2023-11-16 18:32:11.403300,200,179,medium
2023-11-16 18:32:11.616601,1047,430,long
2023-11-16 18:32:11.962203,2221,141,long
2023-11-16 18:32:12.447721,1240,496,long
2023-11-16 18:32:13.098432,200,162,medium
2023-11-16 18:32:13.131462,1038,408,long
2023-11-16 18:32:13.186378,1318,196,long
2023-11-16 18:32:13.538327,2229,79,long
2023-11-16 18:32:13.879216,1086,540,long
2023-11-16 18:32:13.998998,1107,415,long
2023-11-16 18:32:14.107723,1000,411,long
2023-11-16 18:32:14.181307,988,395,long
2023-11-16 18:32:14.339328,1216,391,long
2023-11-16 18:32:14.364789,1014,413,long
2023-11-16 18:32:14.672644,1037,433,long
2023-11-16 18:32:14.778072,212,217,medium
2023-11-16 18:32:14.809564,1145,402,long
2023-11-16 18:32:14.822774,200,217,medium
2023-11-16 18:32:15.254512,9,138,short
2023-11-16 18:32:15.442035,1072,395,long
2023-11-16 18:32:15.605246,380,101,medium
2023-11-16 18:32:15.774875,2092,95,long
2023-11-16 18:32:15.810015,1090,395,long
2023-11-16 18:32:15.852945,181,119,medium
2023-11-16 18:32:16.288281,1019,468,long
2023-11-16 18:32:16.392284,1192,646,long
2023-11-16 18:32:16.393260,212,162,medium
2023-11-16 18:32:16.725100,375,122,medium
2023-11-16 18:32:16.786401,1039,571,long
2023-11-16 18:32:16.875498,1131,419,long
2023-11-16 18:32:17.489963,1016,402,long
2023-11-16 18:32:17.569451,181,133,medium
2023-11-16 18:32:18.304621,404,107,medium
2023-11-16 18:32:18.447326,200,179,medium
2023-11-16 18:32:19.176717,303,18,medium
2023-11-16 18:32:19.517315,2812,300,long
2023-11-16 18:32:19.519157,411,169,medium
2023-11-16 18:32:19.710579,1008,394,long
2023-11-16 18:32:19.765803,1671,69,long
2023-11-16 18:32:19.813896,1110,527,long
2023-11-16 18:32:20.042208,1094,429,long
2023-11-16 18:32:20.277009,1089,621,long
2023-11-16 18:32:20.287120,1038,427,long
2023-11-16 18:32:20.565490,1028,468,long
2023-11-16 18:32:20.872282,1145,404,long
2023-11-16 18:32:20.905405,398,81,medium
2023-11-16 18:32:20.954520,409,86,medium
2023-11-16 18:32:21.239459,1102,386,long
2023-11-16 18:32:21.530903,215,217,medium
2023-11-16 18:32:21.796542,1132,419,long
2023-11-16 18:32:22.637187,1094,402,long
2023-11-16 18:32:22.759305,4085,111,long
2023-11-16 18:32:22.801778,4092,105,long
2023-11-16 18:32:22.802011,1022,482,long
2023-11-16 18:32:22.889150,4089,48,long
2023-11-16 18:32:23.004962,209,179,medium
2023-11-16 18:32:23.228123,209,223,medium
2023-11-16 18:32:23.343380,4081,129,long
2023-11-16 18:32:23.498508,1314,204,long
2023-11-16 18:32:24.314768,1039,401,long
2023-11-16 18:32:24.329555,27,195,short
2023-11-16 18:32:24.496420,209,163,medium
2023-11-16 18:32:25.000165,1003,390,long
2023-11-16 18:32:25.664839,933,104,long
2023-11-16 18:32:25.926139,1071,445,long
2023-11-16 18:32:26.180732,1014,407,long
2023-11-16 18:32:26.185695,194,177,medium
2023-11-16 18:32:26.600917,1315,141,long
2023-11-16 18:32:26.682753,381,99,medium
2023-11-16 18:32:26.774541,1016,411,long
2023-11-16 18:32:27.115407,2584,149,long
2023-11-16 18:32:27.463324,1006,375,long
2023-11-16 18:32:28.391248,1053,606,long
2023-11-16 18:32:28.570932,396,120,medium
2023-11-16 18:32:28.604543,1003,575,long
2023-11-16 18:32:28.650428,1009,394,long
2023-11-16 18:32:28.728927,1068,396,long
2023-11-16 18:32:29.332509,1115,388,long
2023-11-16 18:32:29.395826,242,14,medium
2023-11-16 18:32:29.478227,1070,548,long
2023-11-16 18:32:29.619296,1158,388,long
2023-11-16 18:32:29.769549,1045,410,long
2023-11-16 18:32:29.951634,203,183,medium
2023-11-16 18:32:30.395665,169,164,medium
2023-11-16 18:32:30.660664,1775,56,long
2023-11-16 18:32:30.672140,1327,82,long
2023-11-16 18:32:30.729330,1317,154,long
2023-11-16 18:32:30.765008,881,448,long
2023-11-16 18:32:30.835516,407,79,medium
2023-11-16 18:32:30.907073,989,471,long
2023-11-16 18:32:31.016369,1304,190,long
2023-11-16 18:32:31.132600,203,217,medium
2023-11-16 18:32:31.175913,1138,501,long
2023-11-16 18:32:31.714487,203,217,medium
2023-11-16 18:32:31.943661,1078,395,long
2023-11-16 18:32:31.990352,1314,153,long
2023-11-16 18:32:32.619786,913,402,long
2023-11-16 18:32:32.712555,417,92,medium
2023-11-16 18:32:32.801581,1027,401,long
2023-11-16 18:32:32.822934,4085,68,long
2023-11-16 18:32:32.826846,942,428,long
2023-11-16 18:32:32.854259,1052,397,long
2023-11-16 18:32:33.039298,1060,499,long
2023-11-16 18:32:33.318902,1152,598,long
2023-11-16 18:32:33.355639,435,200,medium
2023-11-16 18:32:33.416252,1044,383,long
2023-11-16 18:32:33.711309,407,115,medium
2023-11-16 18:32:33.944323,2351,97,long
2023-11-16 18:32:34.389715,1035,398,long
2023-11-16 18:32:34.460732,1073,397,long
2023-11-16 18:32:34.494430,1130,413,long
2023-11-16 18:32:34.537222,393,86,medium
2023-11-16 18:32:34.948491,1005,483,long
2023-11-16 18:32:34.973259,341,18,medium
2023-11-16 18:32:35.172404,397,92,medium
2023-11-16 18:32:35.612254,404,92,medium
2023-11-16 18:32:35.804535,1045,416,long
2023-11-16 18:32:36.111715,4078,28,long
2023-11-16 18:32:36.143864,58,138,short
2023-11-16 18:32:36.241859,1165,49,long
2023-11-16 18:32:36.425022,1037,414,long
2023-11-16 18:32:36.746339,1058,402,long
2023-11-16 18:32:37.041683,1001,388,long
2023-11-16 18:32:37.381391,242,14,medium
2023-11-16 18:32:37.439920,386,31,medium
2023-11-16 18:32:37.594324,191,165,medium
2023-11-16 18:32:37.668906,194,211,medium
2023-11-16 18:32:37.703627,1031,378,long
2023-11-16 18:32:38.272360,1070,939,long
2023-11-16 18:32:38.879226,1016,420,long
2023-11-16 18:32:39.563895,439,66,medium
2023-11-16 18:32:39.573516,1098,412,long
2023-11-16 18:32:39.785079,206,165,medium
2023-11-16 18:32:39.883777,986,387,long
2023-11-16 18:32:39.893312,910,87,long
2023-11-16 18:32:39.987411,1054,408,long
2023-11-16 18:32:40.244237,4088,59,long
2023-11-16 18:32:40.343752,42,144,short
2023-11-16 18:32:40.518119,1072,382,long
2023-11-16 18:32:40.550420,203,179,medium
2023-11-16 18:32:40.674948,1151,407,long
2023-11-16 18:32:40.719631,247,14,medium
2023-11-16 18:32:40.857754,1862,52,long
2023-11-16 18:32:40.938122,788,52,long
2023-11-16 18:32:40.948431,1082,363,long
2023-11-16 18:32:41.018329,1028,396,long
2023-11-16 18:32:41.231576,1086,426,long
2023-11-16 18:32:41.270078,1027,392,long
2023-11-16 18:32:41.382429,2463,115,long
2023-11-16 18:32:41.555836,1077,413,long
2023-11-16 18:32:41.887553,1012,403,long
2023-11-16 18:32:41.956282,4085,47,long
2023-11-16 18:32:42.238356,1095,429,long
2023-11-16 18:32:42.487236,21,160,short
2023-11-16 18:32:42.586346,1055,396,long
2023-11-16 18:32:43.075760,1004,534,long
2023-11-16 18:32:43.232136,371,85,medium
2023-11-16 18:32:43.298211,1163,432,long
2023-11-16 18:32:43.614032,200,193,medium
2023-11-16 18:32:43.907146,509,95,medium
2023-11-16 18:32:44.179738,215,175,medium
2023-11-16 18:32:44.268347,181,121,medium
2023-11-16 18:32:44.269094,206,162,medium
2023-11-16 18:32:44.580119,1218,390,long
2023-11-16 18:32:44.583582,1086,630,long
2023-11-16 18:32:44.843456,4076,44,long
2023-11-16 18:32:45.721792,1160,373,long
2023-11-16 18:32:45.775026,1024,373,long
2023-11-16 18:32:45.814827,242,14,medium
2023-11-16 18:32:46.023130,206,217,medium
2023-11-16 18:32:46.246845,1314,175,long
2023-11-16 18:32:46.498641,242,14,medium
2023-11-16 18:32:46.517135,1063,426,long
2023-11-16 18:32:46.544840,181,201,medium
2023-11-16 18:32:46.820527,1033,397,long
2023-11-16 18:32:47.392057,1054,373,long
2023-11-16 18:32:47.689877,399,103,medium
2023-11-16 18:32:47.830718,1160,434,long
2023-11-16 18:32:47.858282,1011,384,long
2023-11-16 18:32:47.924509,1006,414,long
2023-11-16 18:32:48.049019,389,126,medium
2023-11-16 18:32:48.318168,397,103,medium
2023-11-16 18:32:48.710181,409,148,medium
2023-11-16 18:32:48.754534,1012,373,long
2023-11-16 18:32:49.016397,2138,63,long
2023-11-16 18:32:49.294507,19,164,short
2023-11-16 18:32:49.597942,409,93,medium
2023-11-16 18:32:49.680912,419,97,medium
2023-11-16 18:32:49.774840,1062,394,long
2023-11-16 18:32:49.803810,1018,407,long
2023-11-16 18:32:49.997574,382,88,medium
2023-11-16 18:32:50.342069,1074,377,long
2023-11-16 18:32:50.832736,1314,149,long
2023-11-16 18:32:51.267484,1066,429,long
2023-11-16 18:32:51.280428,209,181,medium
2023-11-16 18:32:51.459013,409,93,medium
2023-11-16 18:32:52.055396,2351,97,long
2023-11-16 18:32:52.225175,1192,396,long
2023-11-16 18:32:52.256102,1032,388,long
2023-11-16 18:32:52.272094,1038,392,long
2023-11-16 18:32:52.379180,374,61,medium
2023-11-16 18:32:52.727564,1095,649,long
2023-11-16 18:32:52.818080,1040,393,long
2023-11-16 18:32:52.897535,1024,576,long
2023-11-16 18:32:53.000667,1027,374,long
2023-11-16 18:32:53.637150,1012,394,long
2023-11-16 18:32:53.797806,237,14,medium
2023-11-16 18:32:53.891433,1314,185,long
2023-11-16 18:32:54.425563,4077,41,long
2023-11-16 18:32:54.553488,206,187,medium
2023-11-16 18:32:54.601351,987,407,long
2023-11-16 18:32:54.898359,388,91,medium
2023-11-16 18:32:54.898703,1180,596,long
2023-11-16 18:32:54.988071,181,181,medium
2023-11-16 18:32:55.462146,212,217,medium
2023-11-16 18:32:55.771392,379,98,medium
2023-11-16 18:32:55.792098,1065,411,long
2023-11-16 18:32:55.802152,163,161,medium
2023-11-16 18:32:55.861843,957,420,long
2023-11-16 18:32:55.930871,1176,391,long
2023-11-16 18:32:56.107647,1353,224,long
2023-11-16 18:32:56.179914,1021,421,long
2023-11-16 18:32:56.207277,381,128,medium
2023-11-16 18:32:56.468354,382,59,medium
2023-11-16 18:32:56.960883,4116,43,long
2023-11-16 18:32:57.346720,1051,408,long
2023-11-16 18:32:57.434737,375,77,medium
2023-11-16 18:32:58.268604,1018,396,long
2023-11-16 18:32:58.355868,1028,419,long
2023-11-16 18:32:58.423176,1053,385,long
2023-11-16 18:32:59.438296,4088,49,long
2023-11-16 18:32:59.461987,1313,133,long
2023-11-16 18:32:59.462421,200,179,medium
2023-11-16 18:32:59.617669,377,82,medium
2023-11-16 18:32:59.656534,4085,150,long
2023-11-16 18:32:59.843256,1107,455,long
2023-11-16 18:33:00.249086,1053,411,long
2023-11-16 18:33:00.408321,1145,456,long
2023-11-16 18:33:00.424525,401,105,medium
2023-11-16 18:33:00.541520,1165,417,long
2023-11-16 18:33:00.887283,894,57,long
2023-11-16 18:33:01.171881,1314,167,long
2023-11-16 18:33:01.256915,995,375,long
2023-11-16 18:33:01.427675,242,56,medium
2023-11-16 18:33:01.552253,1035,428,long
2023-11-16 18:33:01.685533,940,384,long
2023-11-16 18:33:01.713525,181,100,medium
2023-11-16 18:33:01.713935,397,105,medium
2023-11-16 18:33:02.150876,1171,428,long
2023-11-16 18:33:02.177350,414,110,medium
2023-11-16 18:33:02.328562,4093,76,long
2023-11-16 18:33:02.398294,999,95,long
2023-11-16 18:33:02.593973,1139,399,long
2023-11-16 18:33:02.660783,209,162,medium
2023-11-16 18:33:02.668740,1320,158,long
2023-11-16 18:33:02.910726,1010,410,long
2023-11-16 18:33:02.928684,1099,396,long
2023-11-16 18:33:03.012389,1163,402,long
2023-11-16 18:33:03.165974,375,69,medium
2023-11-16 18:33:03.530268,1115,451,long
2023-11-16 18:33:03.567606,310,18,medium
2023-11-16 18:33:04.020514,1038,399,long
2023-11-16 18:33:04.123390,1021,375,long
2023-11-16 18:33:04.204019,567,104,long
2023-11-16 18:33:04.817527,384,63,medium
2023-11-16 18:33:04.885788,1314,176,long
2023-11-16 18:33:05.187005,396,104,medium
2023-11-16 18:33:05.273974,237,14,medium
2023-11-16 18:33:05.321968,1315,197,long
2023-11-16 18:33:05.398457,197,217,medium
2023-11-16 18:33:05.531262,1028,375,long
2023-11-16 18:33:05.687813,1004,402,long
2023-11-16 18:33:05.817636,396,80,medium
2023-11-16 18:33:05.851539,181,122,medium
2023-11-16 18:33:05.961406,194,217,medium
2023-11-16 18:33:05.977190,1143,427,long
2023-11-16 18:33:06.114989,191,194,medium
2023-11-16 18:33:06.737815,54,139,short
2023-11-16 18:33:06.881105,120,12,short
2023-11-16 18:33:06.970245,209,217,medium
2023-11-16 18:33:07.106882,755,104,long
2023-11-16 18:33:07.130884,1002,395,long
2023-11-16 18:33:07.150104,394,132,medium
2023-11-16 18:33:07.152150,2375,77,long
2023-11-16 18:33:07.755255,203,165,medium
2023-11-16 18:33:07.784787,4123,40,long
2023-11-16 18:33:07.825894,1104,429,long
2023-11-16 18:33:07.934001,1001,384,long
2023-11-16 18:33:08.004928,169,163,medium
2023-11-16 18:33:08.020092,1029,443,long
2023-11-16 18:33:08.158310,400,99,medium
2023-11-16 18:33:08.586443,397,89,medium
2023-11-16 18:33:08.654671,394,86,medium
2023-11-16 18:33:09.240247,945,375,long
2023-11-16 18:33:09.433480,1312,138,long
2023-11-16 18:33:09.433565,431,86,medium
2023-11-16 18:33:09.443546,1103,460,long
2023-11-16 18:33:09.479878,1013,402,long
2023-11-16 18:33:10.400153,385,64,medium
2023-11-16 18:33:10.440871,1050,566,long
2023-11-16 18:33:10.523624,370,68,medium
2023-11-16 18:33:10.753788,975,407,long
2023-11-16 18:33:10.943120,181,285,medium
2023-11-16 18:33:11.050945,200,217,medium
2023-11-16 18:33:11.216459,981,400,long
2023-11-16 18:33:11.425155,1029,429,long
2023-11-16 18:33:11.485902,212,162,medium
2023-11-16 18:33:11.568276,4139,40,long
2023-11-16 18:33:11.726403,419,159,medium
2023-11-16 18:33:11.789620,1065,402,long
2023-11-16 18:33:11.799578,937,569,long
2023-11-16 18:33:12.044217,994,433,long
2023-11-16 18:33:12.190754,1013,554,long
2023-11-16 18:33:12.259806,404,113,medium
2023-11-16 18:33:12.306749,851,89,long
2023-11-16 18:33:12.360885,1119,432,long
2023-11-16 18:33:12.405341,399,98,medium
2023-11-16 18:33:12.490364,1042,386,long
2023-11-16 18:33:12.579187,1179,411,long
2023-11-16 18:33:12.847997,215,152,medium
2023-11-16 18:33:12.940589,200,179,medium
2023-11-16 18:33:13.010876,4083,59,long
2023-11-16 18:33:13.657354,398,138,medium
2023-11-16 18:33:13.747953,398,134,medium
2023-11-16 18:33:14.137613,1030,403,long
2023-11-16 18:33:14.504124,413,61,medium
2023-11-16 18:33:14.709695,1120,406,long
2023-11-16 18:33:14.972935,1014,402,long
2023-11-16 18:33:15.212937,1059,388,long
2023-11-16 18:33:15.214181,200,162,medium
2023-11-16 18:33:15.286236,200,162,medium
2023-11-16 18:33:15.464663,165,223,medium
2023-11-16 18:33:15.664771,4105,65,long
2023-11-16 18:33:15.715273,1073,429,long
2023-11-16 18:33:15.866908,1074,394,long
2023-11-16 18:33:16.010951,998,411,long
2023-11-16 18:33:16.197159,1046,439,long
2023-11-16 18:33:16.327951,1344,56,long
2023-11-16 18:33:16.414716,2230,52,long
2023-11-16 18:33:16.440391,402,122,medium
2023-11-16 18:33:16.769688,877,105,long
2023-11-16 18:33:17.495424,1543,46,long
2023-11-16 18:33:17.672822,69,162,short
2023-11-16 18:33:17.949705,1068,388,long
2023-11-16 18:33:18.009258,372,83,medium
2023-11-16 18:33:19.040015,209,162,medium
2023-11-16 18:33:19.364310,1103,427,long
2023-11-16 18:33:19.516602,1300,405,long
2023-11-16 18:33:19.538536,1039,395,long
2023-11-16 18:33:19.589224,1082,388,long
2023-11-16 18:33:20.340615,1108,396,long
2023-11-16 18:33:20.670525,382,58,medium
2023-11-16 18:33:20.761016,1094,411,long
2023-11-16 18:33:21.267133,390,77,medium
2023-11-16 18:33:21.396538,1050,397,long
2023-11-16 18:33:22.041898,401,141,medium
2023-11-16 18:33:22.352227,402,123,medium
2023-11-16 18:33:22.662527,331,18,medium
2023-11-16 18:33:22.737505,206,211,medium
2023-11-16 18:33:22.749967,1062,522,long
2023-11-16 18:33:22.918899,1104,396,long
2023-11-16 18:33:23.100071,403,88,medium
2023-11-16 18:33:23.103831,1083,420,long
2023-11-16 18:33:23.145132,218,167,medium
2023-11-16 18:33:23.285005,1004,501,long
2023-11-16 18:33:23.307358,1011,429,long
2023-11-16 18:33:23.599955,1407,92,long
2023-11-16 18:33:23.651090,2332,91,long
2023-11-16 18:33:23.674470,394,95,medium
2023-11-16 18:33:23.775107,382,58,medium
2023-11-16 18:33:23.898920,1088,400,long
2023-11-16 18:33:24.318718,438,99,medium
2023-11-16 18:33:24.332736,901,74,long
2023-11-16 18:33:24.580330,995,551,long
2023-11-16 18:33:24.676767,432,104,medium
2023-11-16 18:33:24.678467,388,95,medium
2023-11-16 18:33:24.821354,393,89,medium
2023-11-16 18:33:24.855362,212,217,medium
2023-11-16 18:33:25.393633,937,415,long
2023-11-16 18:33:25.681320,398,89,medium
2023-11-16 18:33:25.731304,1002,565,long
2023-11-16 18:33:25.910478,1004,407,long
2023-11-16 18:33:26.067090,1318,157,long
2023-11-16 18:33:26.071717,1093,399,long
2023-11-16 18:33:26.082371,420,104,medium
2023-11-16 18:33:26.296601,989,388,long
2023-11-16 18:33:26.384341,1026,418,long
2023-11-16 18:33:26.440020,1314,155,long
2023-11-16 18:33:26.456707,1190,440,long
2023-11-16 18:33:26.536853,393,108,medium
2023-11-16 18:33:26.590693,396,100,medium
2023-11-16 18:33:26.807200,1315,186,long
2023-11-16 18:33:26.993831,1021,375,long
2023-11-16 18:33:26.993838,1043,531,long
2023-11-16 18:33:27.021146,1491,66,long
2023-11-16 18:33:27.114802,4076,136,long
2023-11-16 18:33:27.690921,1002,395,long
2023-11-16 18:33:28.080938,1023,429,long
2023-11-16 18:33:28.263212,1091,397,long
2023-11-16 18:33:28.290956,2490,78,long
2023-11-16 18:33:28.330830,1135,430,long
2023-11-16 18:33:28.451693,4089,86,long
2023-11-16 18:33:28.722663,1312,156,long
2023-11-16 18:33:28.857002,436,114,medium
2023-11-16 18:33:29.264464,21,139,short
2023-11-16 18:33:29.656572,4072,237,long
2023-11-16 18:33:29.812555,215,212,medium
2023-11-16 18:33:29.949822,1080,427,long
2023-11-16 18:33:30.154135,4076,35,long
2023-11-16 18:33:30.360368,1093,427,long
2023-11-16 18:33:30.595681,1006,384,long
2023-11-16 18:33:30.743686,165,159,medium
2023-11-16 18:33:30.839852,1127,396,long
2023-11-16 18:33:31.002567,1312,230,long
2023-11-16 18:33:31.248189,4080,51,long
2023-11-16 18:33:31.372074,407,124,medium
2023-11-16 18:33:31.542608,4093,71,long
2023-11-16 18:33:31.683064,1128,427,long
2023-11-16 18:33:32.352444,1005,556,long
2023-11-16 18:33:32.765109,1008,401,long
2023-11-16 18:33:32.958638,1010,388,long
2023-11-16 18:33:33.327204,396,101,medium
2023-11-16 18:33:33.858412,200,183,medium
2023-11-16 18:33:33.876296,1005,393,long
2023-11-16 18:33:34.247211,1089,396,long
2023-11-16 18:33:34.252797,1407,92,long
2023-11-16 18:33:34.637464,1060,383,long
2023-11-16 18:33:34.639252,396,76,medium
2023-11-16 18:33:34.662467,296,18,medium
2023-11-16 18:33:34.970220,1139,407,long
2023-11-16 18:33:35.209338,203,217,medium
2023-11-16 18:33:35.256071,44,141,short
2023-11-16 18:33:35.661091,1093,429,long
2023-11-16 18:33:35.916479,1005,414,long
2023-11-16 18:33:35.956001,1086,423,long
2023-11-16 18:33:36.242440,1038,375,long
2023-11-16 18:33:36.326051,1104,396,long
2023-11-16 18:33:36.704964,937,571,long
2023-11-16 18:33:37.070149,1060,395,long
2023-11-16 18:33:37.365870,421,93,medium
2023-11-16 18:33:37.434646,1056,383,long
2023-11-16 18:33:37.575318,407,95,medium
2023-11-16 18:33:37.630292,4076,29,long
2023-11-16 18:33:38.163111,402,78,medium
2023-11-16 18:33:38.257075,203,181,medium
2023-11-16 18:33:38.440641,1320,286,long
2023-11-16 18:33:38.490720,203,183,medium
2023-11-16 18:33:38.533937,206,179,medium
2023-11-16 18:33:38.731487,1101,378,long
2023-11-16 18:33:39.078550,1051,389,long
2023-11-16 18:33:39.112197,4100,46,long
2023-11-16 18:33:39.885705,1016,396,long
2023-11-16 18:33:40.026693,950,590,long
2023-11-16 18:33:40.148452,398,90,medium
2023-11-16 18:33:40.504931,1041,400,long
2023-11-16 18:33:40.590341,1109,398,long
2023-11-16 18:33:40.609778,197,217,medium
2023-11-16 18:33:40.693960,982,414,long
2023-11-16 18:33:41.007906,1038,396,long
2023-11-16 18:33:41.164733,390,74,medium
2023-11-16 18:33:41.165043,1073,393,long
2023-11-16 18:33:41.349159,397,82,medium
2023-11-16 18:33:41.375008,387,68,medium
2023-11-16 18:33:41.735949,402,92,medium
2023-11-16 18:33:41.924177,4082,44,long
2023-11-16 18:33:42.129495,401,87,medium
2023-11-16 18:33:42.559358,181,119,medium
2023-11-16 18:33:42.583729,203,159,medium
2023-11-16 18:33:42.826301,400,84,medium
2023-11-16 18:33:42.917715,1021,392,long
2023-11-16 18:33:42.929661,1046,566,long
2023-11-16 18:33:43.280237,1077,375,long
2023-11-16 18:33:43.524505,1052,429,long
2023-11-16 18:33:44.766116,400,82,medium
2023-11-16 18:33:44.855898,1131,406,long
2023-11-16 18:33:45.284812,407,147,medium
2023-11-16 18:33:45.303694,51,93,short
2023-11-16 18:33:45.456605,1207,408,long
2023-11-16 18:33:45.737843,409,92,medium
2023-11-16 18:33:46.040328,386,39,medium
2023-11-16 18:33:46.098922,3115,66,long
2023-11-16 18:33:46.360530,3313,51,long
2023-11-16 18:33:46.733609,382,84,medium
2023-11-16 18:33:46.938533,1318,192,long
2023-11-16 18:33:47.009371,197,152,medium
2023-11-16 18:33:47.137552,1123,402,long
2023-11-16 18:33:47.300879,397,91,medium
2023-11-16 18:33:47.467884,181,89,medium
2023-11-16 18:33:47.475411,396,127,medium
2023-11-16 18:33:47.614941,1075,500,long
2023-11-16 18:33:47.897887,4079,55,long
2023-11-16 18:33:47.953499,181,211,medium
2023-11-16 18:33:48.188349,212,217,medium
2023-11-16 18:33:48.288196,1066,388,long
2023-11-16 18:33:48.421399,375,63,medium
2023-11-16 18:33:48.494665,165,223,medium
2023-11-16 18:33:48.648758,1314,228,long
2023-11-16 18:33:48.892675,416,95,medium
2023-11-16 18:33:49.040656,1080,397,long
2023-11-16 18:33:49.045747,1069,398,long
2023-11-16 18:33:49.180712,1034,437,long
2023-11-16 18:33:49.452882,200,161,medium
2023-11-16 18:33:49.698033,1048,415,long
2023-11-16 18:33:50.044502,206,217,medium
2023-11-16 18:33:50.479767,1030,396,long
2023-11-16 18:33:51.098034,406,108,medium
2023-11-16 18:33:51.166852,1049,398,long
2023-11-16 18:33:51.302222,996,395,long
2023-11-16 18:33:51.507014,1095,410,long
2023-11-16 18:33:51.876693,1068,385,long
2023-11-16 18:33:52.008567,1013,552,long
2023-11-16 18:33:52.141788,1025,411,long
2023-11-16 18:33:52.296562,47,201,short
2023-11-16 18:33:52.344932,194,190,medium
2023-11-16 18:33:52.352662,169,205,medium
2023-11-16 18:33:52.451435,417,90,medium
2023-11-16 18:33:52.781259,394,91,medium
2023-11-16 18:33:52.985321,200,152,medium
2023-11-16 18:33:53.100570,4111,38,long
2023-11-16 18:33:53.187003,1067,409,long
2023-11-16 18:33:53.349020,1317,135,long
2023-11-16 18:33:53.488913,21,195,short
2023-11-16 18:33:53.883698,128,211,short
2023-11-16 18:33:53.890047,1134,518,long
2023-11-16 18:33:54.726276,1090,399,long
2023-11-16 18:33:54.929711,1030,408,long
2023-11-16 18:33:54.982280,1128,410,long
2023-11-16 18:33:55.055024,1132,396,long
2023-11-16 18:33:55.455950,1053,559,long
2023-11-16 18:33:55.471005,374,135,medium
2023-11-16 18:33:55.809217,1295,68,long
2023-11-16 18:33:56.372273,1052,429,long
2023-11-16 18:33:56.567817,200,179,medium
2023-11-16 18:33:56.686498,1058,415,long
2023-11-16 18:33:56.731617,377,59,medium
2023-11-16 18:33:56.830190,1314,153,long
2023-11-16 18:33:57.000269,1055,400,long
2023-11-16 18:33:57.476936,379,67,medium
2023-11-16 18:33:57.546518,1313,156,long
2023-11-16 18:33:57.855694,1087,388,long
2023-11-16 18:33:58.062264,1051,393,long
2023-11-16 18:33:58.178115,200,168,medium
2023-11-16 18:33:58.387345,1039,388,long
2023-11-16 18:33:58.427116,1110,440,long
2023-11-16 18:33:58.673790,120,12,short
2023-11-16 18:33:59.082995,181,220,medium
2023-11-16 18:33:59.104295,387,89,medium
2023-11-16 18:33:59.106104,206,193,medium
2023-11-16 18:33:59.504810,2175,70,long
2023-11-16 18:33:59.694050,428,130,medium
2023-11-16 18:33:59.876677,1077,376,long
2023-11-16 18:34:00.528870,1038,429,long
2023-11-16 18:34:00.568634,197,217,medium
2023-11-16 18:34:00.671877,4101,79,long
2023-11-16 18:34:00.761665,1010,393,long
2023-11-16 18:34:01.065077,1021,398,long
2023-11-16 18:34:01.168304,200,179,medium
2023-11-16 18:34:01.258396,1077,401,long
2023-11-16 18:34:01.632617,405,110,medium
2023-11-16 18:34:01.715395,1301,377,long
2023-11-16 18:34:02.078833,26,167,short
2023-11-16 18:34:02.110817,1123,429,long
2023-11-16 18:34:02.195110,408,87,medium
2023-11-16 18:34:02.909381,4085,48,long
2023-11-16 18:34:02.958724,395,96,medium
2023-11-16 18:34:03.222450,398,90,medium
2023-11-16 18:34:03.271573,1049,394,long
2023-11-16 18:34:03.476905,393,102,medium
2023-11-16 18:34:03.822120,200,217,medium
2023-11-16 18:34:03.932246,4079,54,long
2023-11-16 18:34:03.977625,393,110,medium
2023-11-16 18:34:04.260085,4093,34,long
2023-11-16 18:34:04.450606,1060,383,long
2023-11-16 18:34:04.785018,418,110,medium
2023-11-16 18:34:04.867810,200,183,medium
2023-11-16 18:34:04.869305,3222,54,long
2023-11-16 18:34:05.065488,1083,387,long
2023-11-16 18:34:05.087616,181,144,medium
2023-11-16 18:34:05.316983,1056,403,long
2023-11-16 18:34:05.330978,384,59,medium
2023-11-16 18:34:05.361549,1095,428,long
2023-11-16 18:34:05.375838,397,62,medium
2023-11-16 18:34:05.399502,206,161,medium
2023-11-16 18:34:05.528448,1636,78,long
2023-11-16 18:34:05.743541,4128,41,long
2023-11-16 18:34:05.986550,979,91,long
2023-11-16 18:34:06.016785,372,95,medium
2023-11-16 18:34:06.552745,4084,47,long
2023-11-16 18:34:07.061293,1049,401,long
2023-11-16 18:34:07.294666,1062,522,long
2023-11-16 18:34:07.422853,200,162,medium
2023-11-16 18:34:08.433481,242,14,medium
2023-11-16 18:34:08.940855,1091,399,long
2023-11-16 18:34:09.003550,1018,429,long
2023-11-16 18:34:09.434727,4080,155,long
2023-11-16 18:34:09.869615,1315,197,long
2023-11-16 18:34:10.372319,206,152,medium
2023-11-16 18:34:10.389036,1315,207,long
2023-11-16 18:34:10.389042,1059,401,long
2023-11-16 18:34:10.483024,399,144,medium
2023-11-16 18:34:10.732648,1087,388,long
2023-11-16 18:34:10.741488,408,96,medium
2023-11-16 18:34:10.957997,165,189,medium
2023-11-16 18:34:11.091706,402,156,medium
2023-11-16 18:34:11.361037,1097,500,long
2023-11-16 18:34:11.398434,408,144,medium
2023-11-16 18:34:11.510755,206,169,medium
2023-11-16 18:34:11.613893,1090,427,long
2023-11-16 18:34:11.645040,4075,40,long
2023-11-16 18:34:11.800094,1054,514,long
2023-11-16 18:34:11.809861,169,164,medium
2023-11-16 18:34:12.204192,1030,402,long
2023-11-16 18:34:12.317553,981,398,long
2023-11-16 18:34:12.545370,1004,394,long
2023-11-16 18:34:12.569332,200,161,medium
2023-11-16 18:34:12.702804,374,114,medium
2023-11-16 18:34:12.979111,2735,134,long
2023-11-16 18:34:13.031899,1349,270,long
2023-11-16 18:34:13.620862,399,137,medium
2023-11-16 18:34:14.242289,1020,402,long
2023-11-16 18:34:14.531077,4079,40,long
2023-11-16 18:34:14.613820,404,147,medium
2023-11-16 18:34:14.858745,416,88,medium
2023-11-16 18:34:14.998950,376,72,medium
2023-11-16 18:34:15.150971,381,69,medium
2023-11-16 18:34:15.404051,4090,48,long
2023-11-16 18:34:15.430952,1050,411,long
2023-11-16 18:34:15.550431,1064,396,long
2023-11-16 18:34:15.632078,425,72,medium
2023-11-16 18:34:15.650594,1012,406,long
2023-11-16 18:34:15.808575,2584,161,long
2023-11-16 18:34:16.038805,417,158,medium
2023-11-16 18:34:16.057206,1080,467,long
2023-11-16 18:34:16.138310,14050,39,long
2023-11-16 18:34:16.199880,400,111,medium
2023-11-16 18:34:16.345392,1044,411,long
2023-11-16 18:34:16.730391,1068,958,long
2023-11-16 18:34:16.796347,4134,49,long
2023-11-16 18:34:17.024227,406,86,medium
2023-11-16 18:34:17.095578,1068,395,long
2023-11-16 18:34:17.115005,1301,398,long
2023-11-16 18:34:17.124832,1313,207,long
2023-11-16 18:34:17.544924,949,96,long
2023-11-16 18:34:17.683547,400,114,medium
2023-11-16 18:34:18.108445,396,109,medium
2023-11-16 18:34:18.304899,398,113,medium
2023-11-16 18:34:18.349259,390,127,medium
2023-11-16 18:34:18.461795,1047,398,long
2023-11-16 18:34:18.522602,467,83,medium
2023-11-16 18:34:18.988385,4078,494,long
2023-11-16 18:34:19.002726,1105,391,long
2023-11-16 18:34:19.141175,181,95,medium
2023-11-16 18:34:19.308717,203,152,medium
2023-11-16 18:34:19.550610,4081,43,long
2023-11-16 18:34:19.568981,392,91,medium
2023-11-16 18:34:20.020586,1137,396,long
2023-11-16 18:34:20.088365,372,57,medium
2023-11-16 18:34:20.233545,377,84,medium
2023-11-16 18:34:20.445815,1105,396,long
2023-11-16 18:34:20.694425,1010,398,long
2023-11-16 18:34:20.902374,1066,388,long
2023-11-16 18:34:21.025861,1101,411,long
2023-11-16 18:34:21.260725,215,162,medium
2023-11-16 18:34:21.557567,961,418,long
2023-11-16 18:34:21.965910,423,79,medium
2023-11-16 18:34:22.262493,4130,48,long
2023-11-16 18:34:22.433656,1080,429,long
2023-11-16 18:34:22.752151,4090,41,long
2023-11-16 18:34:23.210052,181,315,medium
2023-11-16 18:34:23.261451,1054,424,long
2023-11-16 18:34:23.377741,424,89,medium
2023-11-16 18:34:23.483537,1104,374,long
2023-11-16 18:34:23.571806,197,217,medium
2023-11-16 18:34:23.572955,1004,411,long
2023-11-16 18:34:23.649983,1123,429,long
2023-11-16 18:34:23.714889,405,95,medium
2023-11-16 18:34:23.988065,1151,411,long
2023-11-16 18:34:23.988398,421,94,medium
2023-11-16 18:34:24.094718,1080,396,long
2023-11-16 18:34:24.111351,977,401,long
2023-11-16 18:34:24.538573,200,217,medium
2023-11-16 18:34:24.656914,1145,379,long
2023-11-16 18:34:24.748684,1316,234,long
2023-11-16 18:34:24.913668,1998,58,long
2023-11-16 18:34:24.916643,1025,452,long
2023-11-16 18:34:24.917161,4080,54,long
2023-11-16 18:34:24.982635,961,418,long
2023-11-16 18:34:24.992693,404,86,medium
2023-11-16 18:34:25.197599,4085,79,long
2023-11-16 18:34:25.303178,1087,569,long
2023-11-16 18:34:25.451752,1137,385,long
2023-11-16 18:34:25.644013,1129,375,long
2023-11-16 18:34:25.737372,1000,396,long
2023-11-16 18:34:25.839103,421,97,medium
2023-11-16 18:34:25.868843,4081,39,long
2023-11-16 18:34:26.293169,440,88,medium
2023-11-16 18:34:26.500776,404,98,medium
2023-11-16 18:34:26.519984,1065,393,long
2023-11-16 18:34:26.788849,1101,418,long
2023-11-16 18:34:26.966489,194,217,medium
2023-11-16 18:34:26.993603,1041,426,long
2023-11-16 18:34:27.087746,200,183,medium
2023-11-16 18:34:27.132445,907,92,long
2023-11-16 18:34:27.141921,4091,34,long
2023-11-16 18:34:27.368935,1095,387,long
2023-11-16 18:34:27.434582,4085,94,long
2023-11-16 18:34:28.023720,414,90,medium
2023-11-16 18:34:28.035089,4084,36,long
2023-11-16 18:34:28.133688,194,177,medium
2023-11-16 18:34:28.299288,418,146,medium
2023-11-16 18:34:28.321747,1129,395,long
2023-11-16 18:34:28.332123,1069,419,long
2023-11-16 18:34:28.429620,4082,41,long
2023-11-16 18:34:28.501855,446,83,medium
2023-11-16 18:34:28.641150,401,77,medium
2023-11-16 18:34:28.884385,408,98,medium
2023-11-16 18:34:28.915664,1314,164,long
2023-11-16 18:34:28.940043,194,217,medium
2023-11-16 18:34:29.232641,314,18,medium
2023-11-16 18:34:29.310986,1049,440,long
2023-11-16 18:34:29.418949,194,217,medium
2023-11-16 18:34:29.460569,1091,383,long
2023-11-16 18:34:29.464613,403,93,medium
2023-11-16 18:34:29.549063,404,92,medium
2023-11-16 18:34:29.638229,1087,568,long
2023-11-16 18:34:29.999642,1059,415,long
2023-11-16 18:34:30.008821,4092,113,long
2023-11-16 18:34:30.116928,391,106,medium
2023-11-16 18:34:30.673341,387,71,medium
2023-11-16 18:34:30.856941,1574,56,long
2023-11-16 18:34:31.473598,401,103,medium
2023-11-16 18:34:31.487679,181,115,medium
2023-11-16 18:34:31.503578,1064,420,long
2023-11-16 18:34:31.570616,206,183,medium
2023-11-16 18:34:31.577723,4081,28,long
2023-11-16 18:34:31.627758,1159,400,long
2023-11-16 18:34:31.726151,11,161,short
2023-11-16 18:34:31.806842,1075,375,long
2023-11-16 18:34:31.896313,1053,396,long
2023-11-16 18:34:32.049742,1030,404,long
2023-11-16 18:34:32.933059,388,79,medium
2023-11-16 18:34:33.172132,1090,427,long
2023-11-16 18:34:33.304221,1112,377,long
2023-11-16 18:34:33.424860,1082,450,long
2023-11-16 18:34:33.759336,206,217,medium
2023-11-16 18:34:33.870610,1479,86,long
2023-11-16 18:34:34.101170,1044,411,long
2023-11-16 18:34:34.352556,1074,378,long
2023-11-16 18:34:34.713528,4089,101,long
2023-11-16 18:34:34.888231,36,179,short
2023-11-16 18:34:34.925317,1058,397,long
2023-11-16 18:34:35.557580,302,18,medium
2023-11-16 18:34:35.580030,197,162,medium
2023-11-16 18:34:35.859296,203,217,medium
2023-11-16 18:34:36.159975,402,130,medium
2023-11-16 18:34:36.174431,377,123,medium
2023-11-16 18:34:36.324468,1095,378,long
2023-11-16 18:34:36.451552,428,74,medium
2023-11-16 18:34:36.488742,1115,415,long
2023-11-16 18:34:36.491650,181,84,medium
2023-11-16 18:34:37.259924,378,80,medium
2023-11-16 18:34:37.350396,378,55,medium
2023-11-16 18:34:37.399198,200,163,medium
2023-11-16 18:34:37.457465,1137,385,long
2023-11-16 18:34:37.509296,1140,411,long
2023-11-16 18:34:37.569460,1313,187,long
2023-11-16 18:34:37.717557,431,97,medium
2023-11-16 18:34:38.067954,404,85,medium
2023-11-16 18:34:38.073346,1030,388,long
2023-11-16 18:34:38.163902,1133,425,long
2023-11-16 18:34:38.164247,379,59,medium
2023-11-16 18:34:38.444671,396,199,medium
2023-11-16 18:34:38.607062,1063,397,long
2023-11-16 18:34:38.756739,1059,411,long
2023-11-16 18:34:38.759770,1174,387,long
2023-11-16 18:34:39.188355,1079,409,long
2023-11-16 18:34:39.421978,393,93,medium
2023-11-16 18:34:39.460403,326,18,medium
2023-11-16 18:34:39.598710,379,93,medium
2023-11-16 18:34:39.916889,1030,389,long
2023-11-16 18:34:40.673892,388,77,medium
2023-11-16 18:34:40.930602,4142,139,long
2023-11-16 18:34:40.965521,1059,385,long
2023-11-16 18:34:40.973532,1080,429,long
2023-11-16 18:34:41.186206,1084,388,long
2023-11-16 18:34:41.475530,1042,394,long
2023-11-16 18:34:41.928694,1115,385,long
2023-11-16 18:34:42.092881,1166,418,long
2023-11-16 18:34:42.236800,382,81,medium
2023-11-16 18:34:42.382922,1107,414,long
2023-11-16 18:34:42.530391,1054,403,long
2023-11-16 18:34:42.634803,1128,375,long
2023-11-16 18:34:42.661971,403,107,medium
2023-11-16 18:34:42.848143,1084,419,long
2023-11-16 18:34:43.048807,167,217,medium
2023-11-16 18:34:43.049364,209,164,medium
2023-11-16 18:34:43.232069,384,50,medium
2023-11-16 18:34:43.270132,390,83,medium
2023-11-16 18:34:43.280439,388,92,medium
2023-11-16 18:34:43.429432,395,95,medium
2023-11-16 18:34:43.503684,463,97,medium
2023-11-16 18:34:43.514224,392,95,medium
2023-11-16 18:34:43.588536,4094,333,long
2023-11-16 18:34:43.612029,386,73,medium
2023-11-16 18:34:43.646847,382,111,medium
2023-11-16 18:34:43.722269,1020,411,long
2023-11-16 18:34:43.751505,4122,162,long
2023-11-16 18:34:44.741956,401,121,medium
2023-11-16 18:34:44.743871,1104,417,long
2023-11-16 18:34:44.800710,1055,452,long
2023-11-16 18:34:44.939459,388,88,medium
2023-11-16 18:34:44.976253,399,130,medium
2023-11-16 18:34:45.405040,1080,512,long
2023-11-16 18:34:45.643732,200,165,medium
2023-11-16 18:34:45.836884,1032,97,long
2023-11-16 18:34:45.979757,401,116,medium
2023-11-16 18:34:45.989116,1001,393,long
2023-11-16 18:34:46.033194,1130,428,long
2023-11-16 18:34:46.391972,1056,438,long
2023-11-16 18:34:46.405354,1151,423,long
2023-11-16 18:34:46.446319,4078,68,long
2023-11-16 18:34:46.522217,4074,98,long
2023-11-16 18:34:46.565386,1053,409,long
2023-11-16 18:34:46.565531,407,136,medium
2023-11-16 18:34:46.653038,126,178,short
2023-11-16 18:34:46.902251,4079,59,long
2023-11-16 18:34:46.986904,1057,442,long
2023-11-16 18:34:47.150268,406,143,medium
2023-11-16 18:34:47.196748,129,177,medium
2023-11-16 18:34:47.486726,1093,396,long
2023-11-16 18:34:47.759075,206,217,medium
2023-11-16 18:34:48.011607,1055,411,long
2023-11-16 18:34:48.071009,1316,161,long
2023-11-16 18:34:48.121155,206,167,medium
2023-11-16 18:34:48.125369,4077,32,long
2023-11-16 18:34:48.271403,1030,405,long
2023-11-16 18:34:48.628038,1103,423,long
2023-11-16 18:34:48.662493,4092,56,long
2023-11-16 18:34:49.034128,393,75,medium
2023-11-16 18:34:49.040853,957,113,long
2023-11-16 18:34:49.273504,1054,424,long
2023-11-16 18:34:49.344092,1301,401,long
2023-11-16 18:34:49.934658,1316,182,long
2023-11-16 18:34:49.997964,389,133,medium
2023-11-16 18:34:50.400326,392,105,medium
2023-11-16 18:34:51.023829,403,69,medium
2023-11-16 18:34:51.516675,4085,116,long
2023-11-16 18:34:51.920161,1017,570,long
2023-11-16 18:34:52.053878,209,217,medium
2023-11-16 18:34:52.066049,373,58,medium
2023-11-16 18:34:52.080577,1020,411,long
2023-11-16 18:34:52.193304,120,14,short
2023-11-16 18:34:52.285641,1001,396,long
2023-11-16 18:34:52.476395,1069,388,long
2023-11-16 18:34:52.508748,403,111,medium
2023-11-16 18:34:52.579095,209,217,medium
2023-11-16 18:34:52.626558,200,167,medium
2023-11-16 18:34:53.099430,396,89,medium
2023-11-16 18:34:53.407873,2221,176,long
2023-11-16 18:34:53.731351,4097,52,long
2023-11-16 18:34:53.818605,1059,401,long
2023-11-16 18:34:53.838740,493,107,medium
2023-11-16 18:34:53.859293,4099,70,long
2023-11-16 18:34:53.948685,1316,216,long
2023-11-16 18:34:54.136058,1314,210,long
2023-11-16 18:34:54.170455,1075,375,long
2023-11-16 18:34:54.486124,320,18,medium
2023-11-16 18:34:54.494317,181,205,medium
2023-11-16 18:34:55.319572,4089,61,long
2023-11-16 18:34:55.339834,1064,411,long
2023-11-16 18:34:55.649265,1121,498,long
2023-11-16 18:34:55.690026,206,163,medium
2023-11-16 18:34:55.778798,4082,125,long
2023-11-16 18:34:55.873947,4105,78,long
2023-11-16 18:34:55.894529,4095,54,long
2023-11-16 18:34:55.919549,1054,537,long
2023-11-16 18:34:55.957759,371,51,medium
2023-11-16 18:34:56.017699,1166,429,long
2023-11-16 18:34:56.447274,420,102,medium
2023-11-16 18:34:56.597382,1095,391,long
2023-11-16 18:34:56.619011,1101,441,long
2023-11-16 18:34:56.844042,408,151,medium
2023-11-16 18:34:57.011176,206,161,medium
2023-11-16 18:34:57.092931,377,59,medium
2023-11-16 18:34:57.226589,1313,181,long
2023-11-16 18:34:57.361877,384,89,medium
2023-11-16 18:34:57.516446,1077,427,long
2023-11-16 18:34:57.887535,402,81,medium
2023-11-16 18:34:57.996681,165,217,medium
2023-11-16 18:34:58.029665,161,169,medium
2023-11-16 18:34:58.194778,420,95,medium
2023-11-16 18:34:58.428881,181,171,medium
2023-11-16 18:34:58.735607,247,14,medium
2023-11-16 18:34:58.811729,1080,396,long
2023-11-16 18:34:58.856522,392,99,medium
2023-11-16 18:34:58.923911,1107,415,long
2023-11-16 18:34:58.942014,427,129,medium
2023-11-16 18:34:59.019963,1129,396,long
2023-11-16 18:34:59.021166,1133,425,long
2023-11-16 18:34:59.102133,1314,243,long
2023-11-16 18:34:59.614326,317,18,medium
2023-11-16 18:34:59.636365,375,54,medium
2023-11-16 18:34:59.670036,1080,429,long
2023-11-16 18:34:59.735163,394,109,medium
2023-11-16 18:34:59.743333,379,66,medium
2023-11-16 18:34:59.876445,4081,60,long
2023-11-16 18:35:00.106508,401,109,medium
2023-11-16 18:35:00.186756,397,127,medium
2023-11-16 18:35:00.351775,206,182,medium
2023-11-16 18:35:00.622447,4078,63,long
2023-11-16 18:35:00.854378,1112,418,long
2023-11-16 18:35:00.914019,1042,385,long
2023-11-16 18:35:00.932488,961,415,long
2023-11-16 18:35:01.289379,2175,87,long
2023-11-16 18:35:01.434034,390,84,medium
2023-11-16 18:35:01.580685,1314,231,long
2023-11-16 18:35:01.809172,181,113,medium
2023-11-16 18:35:01.811193,1030,388,long
2023-11-16 18:35:01.818737,4089,112,long
2023-11-16 18:35:01.908838,423,147,medium
2023-11-16 18:35:02.120472,1856,78,long
2023-11-16 18:35:02.310200,407,94,medium
2023-11-16 18:35:02.367253,388,93,medium
2023-11-16 18:35:02.498568,394,85,medium
2023-11-16 18:35:02.536409,1021,414,long
2023-11-16 18:35:02.817071,375,71,medium
2023-11-16 18:35:03.260136,1527,90,long
2023-11-16 18:35:03.452811,128,174,short
2023-11-16 18:35:03.481360,4073,30,long
2023-11-16 18:35:03.894984,4086,41,long
2023-11-16 18:35:03.956134,1128,394,long
2023-11-16 18:35:03.975420,1030,366,long
2023-11-16 18:35:04.028607,1140,396,long
2023-11-16 18:35:04.080962,1174,381,long
2023-11-16 18:35:04.367809,1101,438,long
2023-11-16 18:35:04.581487,156,107,medium
2023-11-16 18:35:04.683045,1095,418,long
2023-11-16 18:35:04.683450,1053,408,long
2023-11-16 18:35:04.795172,1053,395,long
2023-11-16 18:35:04.799157,387,64,medium
2023-11-16 18:35:05.021504,902,95,long
2023-11-16 18:35:05.347764,325,18,medium
2023-11-16 18:35:05.462194,1114,408,long
2023-11-16 18:35:05.473988,419,87,medium
2023-11-16 18:35:05.493281,209,152,medium
2023-11-16 18:35:05.721346,200,217,medium
2023-11-16 18:35:05.780802,4079,169,long
2023-11-16 18:35:05.835463,393,96,medium
2023-11-16 18:35:05.937394,1115,365,long
2023-11-16 18:35:06.270961,393,90,medium
2023-11-16 18:35:06.425865,4078,41,long
2023-11-16 18:35:06.586747,1079,423,long
2023-11-16 18:35:07.003680,28,176,short
2023-11-16 18:35:07.612979,379,74,medium
2023-11-16 18:35:07.633661,1114,408,long
2023-11-16 18:35:07.650045,1077,427,long
2023-11-16 18:35:07.684370,1126,396,long
2023-11-16 18:35:07.830842,17,175,short
2023-11-16 18:35:07.955872,379,57,medium
2023-11-16 18:35:08.021548,4089,34,long
2023-11-16 18:35:08.119233,120,12,short
2023-11-16 18:35:08.208536,1128,379,long
2023-11-16 18:35:08.352196,374,58,medium
2023-11-16 18:35:08.384233,126,211,short
2023-11-16 18:35:08.422214,1098,367,long
2023-11-16 18:35:08.497665,1151,411,long
2023-11-16 18:35:08.784510,212,217,medium
2023-11-16 18:35:08.872063,382,86,medium
2023-11-16 18:35:08.922981,194,217,medium
2023-11-16 18:35:09.011565,1021,422,long
2023-11-16 18:35:09.081491,12,163,short
2023-11-16 18:35:09.140794,1066,435,long
2023-11-16 18:35:09.140800,397,133,medium
2023-11-16 18:35:09.489591,433,89,medium
2023-11-16 18:35:09.556654,912,122,long
2023-11-16 18:35:09.818624,417,125,medium
2023-11-16 18:35:10.780221,181,109,medium
2023-11-16 18:35:11.048409,200,169,medium
2023-11-16 18:35:11.178256,1314,156,long
2023-11-16 18:35:11.288564,1002,411,long
2023-11-16 18:35:11.457286,2748,83,long
2023-11-16 18:35:11.674776,4078,47,long
2023-11-16 18:35:11.803344,1045,517,long
2023-11-16 18:35:11.840576,4079,81,long
2023-11-16 18:35:12.629293,309,18,medium
2023-11-16 18:35:12.651706,376,66,medium
2023-11-16 18:35:13.101545,1079,418,long
2023-11-16 18:35:13.192208,391,114,medium
2023-11-16 18:35:13.414638,460,95,medium
2023-11-16 18:35:13.804491,370,66,medium
2023-11-16 18:35:13.854057,2377,90,long
2023-11-16 18:35:14.028999,1017,620,long
2023-11-16 18:35:14.052040,1057,444,long
2023-11-16 18:35:14.087932,197,162,medium
2023-11-16 18:35:14.684990,996,378,long
2023-11-16 18:35:15.146891,42,150,short
2023-11-16 18:35:15.279141,1054,444,long
2023-11-16 18:35:15.315539,1002,411,long
2023-11-16 18:35:15.409890,200,162,medium
2023-11-16 18:35:15.551751,1340,519,long
2023-11-16 18:35:16.276263,375,79,medium
2023-11-16 18:35:16.418580,377,77,medium
2023-11-16 18:35:16.586690,387,80,medium
2023-11-16 18:35:16.896736,738,20,long
2023-11-16 18:35:16.897920,4099,63,long
2023-11-16 18:35:17.251231,218,138,medium
2023-11-16 18:35:17.596369,419,91,medium
2023-11-16 18:35:17.770096,1053,396,long
2023-11-16 18:35:18.184920,4099,36,long
2023-11-16 18:35:18.279415,4094,39,long
2023-11-16 18:35:18.766631,400,85,medium
2023-11-16 18:35:18.827750,1166,402,long
2023-11-16 18:35:18.853465,4101,106,long
2023-11-16 18:35:18.917928,4104,62,long
2023-11-16 18:35:18.975071,4091,42,long
2023-11-16 18:35:19.074936,378,47,medium
2023-11-16 18:35:19.238892,394,99,medium
2023-11-16 18:35:19.584836,1066,408,long
2023-11-16 18:35:19.772109,1107,397,long
2023-11-16 18:35:20.263198,4087,50,long
2023-11-16 18:35:20.320018,1130,460,long
2023-11-16 18:35:20.506621,4085,75,long
2023-11-16 18:35:20.542749,1133,425,long
2023-11-16 18:35:20.871026,384,85,medium
2023-11-16 18:35:21.043159,375,59,medium
2023-11-16 18:35:21.175120,1322,185,long
2023-11-16 18:35:21.237237,383,81,medium
2023-11-16 18:35:21.392483,1001,444,long
2023-11-16 18:35:21.726366,1128,394,long
2023-11-16 18:35:21.814129,397,161,medium
2023-11-16 18:35:21.912940,4077,45,long
2023-11-16 18:35:21.971666,1020,411,long
2023-11-16 18:35:22.051668,1159,432,long
2023-11-16 18:35:22.540197,10,137,short
2023-11-16 18:35:22.630059,1101,414,long
2023-11-16 18:35:22.819833,420,98,medium
2023-11-16 18:35:23.532847,120,12,short
2023-11-16 18:35:23.794822,1092,398,long
2023-11-16 18:35:23.812969,4083,34,long
2023-11-16 18:35:24.017049,126,194,short
2023-11-16 18:35:24.416583,1099,396,long
2023-11-16 18:35:25.269348,2228,73,long
2023-11-16 18:35:25.346286,2429,106,long
2023-11-16 18:35:25.791782,321,18,medium
2023-11-16 18:35:25.862688,437,79,medium
2023-11-16 18:35:26.129219,1130,396,long
2023-11-16 18:35:26.265393,396,50,medium
2023-11-16 18:35:26.463757,1314,153,long
2023-11-16 18:35:26.816363,120,12,short
2023-11-16 18:35:27.102404,1088,375,long
2023-11-16 18:35:27.209449,129,159,medium
2023-11-16 18:35:27.388741,324,18,medium
2023-11-16 18:35:27.447432,1340,475,long
2023-11-16 18:35:27.615836,311,18,medium
2023-11-16 18:35:28.384040,4083,56,long
2023-11-16 18:35:28.448726,218,167,medium
2023-11-16 18:35:28.512192,19,152,short
2023-11-16 18:35:28.659210,4084,47,long
2023-11-16 18:35:28.839459,127,202,short
2023-11-16 18:35:28.849649,212,162,medium
2023-11-16 18:35:28.869253,1046,442,long
2023-11-16 18:35:29.164390,4076,49,long
2023-11-16 18:35:29.362992,1856,78,long
2023-11-16 18:35:29.425120,401,70,medium
2023-11-16 18:35:29.650311,1316,207,long
2023-11-16 18:35:30.370255,380,81,medium
2023-11-16 18:35:30.597715,181,110,medium
2023-11-16 18:35:30.701324,1095,396,long
2023-11-16 18:35:30.791103,4097,51,long
2023-11-16 18:35:30.901913,1114,383,long
2023-11-16 18:35:31.181337,414,184,medium
2023-11-16 18:35:31.300403,407,116,medium
2023-11-16 18:35:31.357121,973,395,long
2023-11-16 18:35:31.462230,1054,388,long
2023-11-16 18:35:31.495657,91,16,short
2023-11-16 18:35:31.776772,881,113,long
2023-11-16 18:35:31.778434,394,82,medium
2023-11-16 18:35:31.952524,203,205,medium
2023-11-16 18:35:31.959335,1082,414,long
2023-11-16 18:35:32.264391,1126,396,long
2023-11-16 18:35:32.636642,396,99,medium
2023-11-16 18:35:32.688553,460,75,medium
2023-11-16 18:35:32.846555,1312,237,long
2023-11-16 18:35:33.022034,872,86,long
2023-11-16 18:35:33.392258,129,205,medium
2023-11-16 18:35:33.453996,1057,422,long
2023-11-16 18:35:34.041729,373,83,medium
2023-11-16 18:35:34.459307,398,88,medium
2023-11-16 18:35:34.755989,1099,396,long
2023-11-16 18:35:35.048949,4092,90,long
2023-11-16 18:35:35.157712,4094,76,long
2023-11-16 18:35:35.333075,181,216,medium
2023-11-16 18:35:35.379506,203,176,medium
2023-11-16 18:35:35.516387,1354,130,long
2023-11-16 18:35:35.667295,375,44,medium
2023-11-16 18:35:35.769587,181,198,medium
2023-11-16 18:35:36.363962,27,159,short
2023-11-16 18:35:36.736491,1164,37,long
2023-11-16 18:35:36.768307,376,64,medium
2023-11-16 18:35:36.835901,1073,395,long
2023-11-16 18:35:36.849557,324,18,medium
2023-11-16 18:35:36.893495,1021,394,long
2023-11-16 18:35:36.916013,975,442,long
2023-11-16 18:35:36.938450,1114,403,long
2023-11-16 18:35:36.974356,891,93,long
2023-11-16 18:35:36.995326,1045,444,long
2023-11-16 18:35:37.098517,1318,192,long
2023-11-16 18:35:37.120353,4076,64,long
2023-11-16 18:35:37.278976,381,91,medium
2023-11-16 18:35:37.307039,380,71,medium
2023-11-16 18:35:37.436871,181,119,medium
2023-11-16 18:35:37.658987,181,123,medium
2023-11-16 18:35:37.764437,91,16,short
2023-11-16 18:35:37.772650,1053,446,long
2023-11-16 18:35:37.878825,4101,47,long
2023-11-16 18:35:38.232146,1351,144,long
2023-11-16 18:35:38.232754,181,122,medium
2023-11-16 18:35:38.249453,1336,41,long
2023-11-16 18:35:38.274381,1096,433,long
2023-11-16 18:35:38.329321,4078,155,long
2023-11-16 18:35:38.358488,1089,500,long
2023-11-16 18:35:38.434206,2286,97,long
2023-11-16 18:35:38.540005,391,105,medium
2023-11-16 18:35:38.586512,4697,71,long
2023-11-16 18:35:38.820241,4076,44,long
2023-11-16 18:35:39.067519,941,78,long
2023-11-16 18:35:39.168123,203,164,medium
2023-11-16 18:35:39.382889,215,194,medium
2023-11-16 18:35:39.652280,389,84,medium
2023-11-16 18:35:39.700556,429,97,medium
2023-11-16 18:35:39.819685,62,180,short
2023-11-16 18:35:39.823848,410,95,medium
2023-11-16 18:35:39.950046,996,378,long
2023-11-16 18:35:40.291729,466,103,medium
2023-11-16 18:35:40.371262,2706,49,long
2023-11-16 18:35:40.825695,1030,393,long
2023-11-16 18:35:40.858092,197,217,medium
2023-11-16 18:35:40.926782,397,90,medium
2023-11-16 18:35:41.005575,881,116,long
2023-11-16 18:35:41.184724,1046,572,long
2023-11-16 18:35:41.262707,973,395,long
2023-11-16 18:35:41.596279,327,18,medium
2023-11-16 18:35:41.603734,1089,427,long
2023-11-16 18:35:41.862633,388,80,medium
2023-11-16 18:35:41.955752,1100,466,long
2023-11-16 18:35:41.969972,20,129,short
2023-11-16 18:35:42.053400,4086,29,long
2023-11-16 18:35:42.092618,181,110,medium
2023-11-16 18:35:42.163279,209,217,medium
2023-11-16 18:35:42.455624,4092,155,long
2023-11-16 18:35:42.808049,1088,394,long
2023-11-16 18:35:42.847817,1114,400,long
2023-11-16 18:35:43.005868,181,119,medium
2023-11-16 18:35:43.168734,194,194,medium
2023-11-16 18:35:43.370275,181,173,medium
2023-11-16 18:35:43.426526,1318,224,long
2023-11-16 18:35:43.646986,1315,169,long
2023-11-16 18:35:43.736773,1109,436,long
2023-11-16 18:35:43.784273,4102,69,long
2023-11-16 18:35:44.012363,203,162,medium
2023-11-16 18:35:44.228281,69,144,short
2023-11-16 18:35:44.240388,1126,396,long
2023-11-16 18:35:44.353540,4091,49,long
2023-11-16 18:35:44.676809,206,162,medium
2023-11-16 18:35:44.767579,200,179,medium
2023-11-16 18:35:44.891674,404,129,medium
2023-11-16 18:35:44.925805,1044,414,long
2023-11-16 18:35:45.178338,212,217,medium
2023-11-16 18:35:45.236682,2584,147,long
2023-11-16 18:35:45.341716,1313,204,long
2023-11-16 18:35:45.421285,413,98,medium
2023-11-16 18:35:45.457574,1349,177,long
2023-11-16 18:35:45.488922,1320,157,long
2023-11-16 18:35:45.636943,373,99,medium
2023-11-16 18:35:45.980098,1073,401,long
2023-11-16 18:35:46.429381,2345,69,long
2023-11-16 18:35:46.882680,389,55,medium
2023-11-16 18:35:47.177963,1317,228,long
2023-11-16 18:35:47.233254,1017,379,long
2023-11-16 18:35:47.435730,381,48,medium
2023-11-16 18:35:47.763327,212,183,medium
2023-11-16 18:35:48.088369,4092,45,long
2023-11-16 18:35:48.143218,4083,84,long
2023-11-16 18:35:48.234630,181,204,medium
2023-11-16 18:35:48.294749,1082,379,long
2023-11-16 18:35:48.325212,181,207,medium
2023-11-16 18:35:48.465391,4092,28,long
2023-11-16 18:35:48.700869,1314,187,long
2023-11-16 18:35:48.731729,1351,145,long
2023-11-16 18:35:48.856588,1044,462,long
2023-11-16 18:35:48.866623,200,183,medium
2023-11-16 18:35:49.261819,181,230,medium
2023-11-16 18:35:49.313700,373,74,medium
2023-11-16 18:35:49.466067,4078,87,long
2023-11-16 18:35:49.576082,1314,261,long
2023-11-16 18:35:49.632236,1315,130,long
2023-11-16 18:35:49.781495,191,181,medium
2023-11-16 18:35:49.956204,181,113,medium
2023-11-16 18:35:50.176464,4076,165,long
2023-11-16 18:35:50.238455,209,167,medium
2023-11-16 18:35:50.316828,2584,136,long
2023-11-16 18:35:50.754137,398,103,medium
2023-11-16 18:35:50.808969,1039,401,long
2023-11-16 18:35:50.867821,194,174,medium
2023-11-16 18:35:51.247211,1121,673,long
2023-11-16 18:35:51.588158,130,163,medium
2023-11-16 18:35:51.832806,212,179,medium
2023-11-16 18:35:51.834607,2584,141,long
2023-11-16 18:35:51.934196,375,66,medium
2023-11-16 18:35:52.010791,383,60,medium
2023-11-16 18:35:52.052963,442,124,medium
2023-11-16 18:35:52.183989,1352,69,long
2023-11-16 18:35:52.314684,4089,45,long
2023-11-16 18:35:52.428291,128,205,short
2023-11-16 18:35:52.524452,215,217,medium
2023-11-16 18:35:52.595965,1118,396,long
2023-11-16 18:35:52.727393,1109,390,long
2023-11-16 18:35:52.966225,975,442,long
2023-11-16 18:35:53.158035,4088,76,long
2023-11-16 18:35:53.348435,1316,261,long
2023-11-16 18:35:53.370970,181,257,medium
2023-11-16 18:35:53.522907,181,115,medium
2023-11-16 18:35:54.121569,403,114,medium
2023-11-16 18:35:54.180106,4145,165,long
2023-11-16 18:35:55.370535,1314,179,long
2023-11-16 18:35:55.540082,1398,83,long
2023-11-16 18:35:56.344461,999,477,long
2023-11-16 18:35:56.417577,388,92,medium
2023-11-16 18:35:56.472107,385,75,medium
2023-11-16 18:35:56.579389,394,109,medium
2023-11-16 18:35:56.580923,398,89,medium
2023-11-16 18:35:56.720075,209,183,medium
2023-11-16 18:35:56.806145,206,187,medium
2023-11-16 18:35:57.031989,1066,403,long
2023-11-16 18:35:57.211835,181,121,medium
2023-11-16 18:35:57.271824,197,152,medium
2023-11-16 18:35:57.329154,181,120,medium
2023-11-16 18:35:57.696666,42,142,short
2023-11-16 18:35:58.209746,389,114,medium
2023-11-16 18:35:58.626038,375,37,medium
2023-11-16 18:35:58.628555,1123,415,long
2023-11-16 18:35:58.767331,181,97,medium
2023-11-16 18:35:59.511723,1059,415,long
2023-11-16 18:35:59.571439,390,62,medium
2023-11-16 18:35:59.798269,1059,415,long
2023-11-16 18:36:00.114653,1037,421,long
2023-11-16 18:36:00.298986,200,211,medium
2023-11-16 18:36:00.732469,4083,92,long
2023-11-16 18:36:01.262573,4083,50,long
2023-11-16 18:36:01.627401,1352,70,long
2023-11-16 18:36:01.911560,380,66,medium
2023-11-16 18:36:02.072164,1313,203,long
2023-11-16 18:36:02.294881,1069,623,long
2023-11-16 18:36:02.319133,1313,151,long
2023-11-16 18:36:02.428438,865,111,long
2023-11-16 18:36:02.716966,407,93,medium
2023-11-16 18:36:02.790506,4088,120,long
2023-11-16 18:36:03.001179,385,68,medium
2023-11-16 18:36:03.039773,996,418,long
2023-11-16 18:36:03.084518,1089,417,long
2023-11-16 18:36:03.375303,206,211,medium
2023-11-16 18:36:03.419764,1312,197,long
2023-11-16 18:36:04.219361,885,94,long
2023-11-16 18:36:04.722406,209,162,medium
2023-11-16 18:36:04.847863,4091,40,long
2023-11-16 18:36:04.985956,1120,391,long
2023-11-16 18:36:05.231239,1044,396,long
2023-11-16 18:36:05.331591,4093,55,long
2023-11-16 18:36:06.056976,203,158,medium
2023-11-16 18:36:06.374597,914,108,long
2023-11-16 18:36:06.900606,390,118,medium
2023-11-16 18:36:07.068621,1520,119,long
2023-11-16 18:36:07.333541,395,92,medium
2023-11-16 18:36:07.358946,394,86,medium
2023-11-16 18:36:07.409946,4096,59,long
2023-11-16 18:36:07.478361,4076,31,long
2023-11-16 18:36:07.571395,1100,400,long
2023-11-16 18:36:07.676065,181,221,medium
2023-11-16 18:36:07.704964,206,162,medium
2023-11-16 18:36:08.037836,374,102,medium
2023-11-16 18:36:08.210558,4105,55,long
2023-11-16 18:36:08.327387,4080,93,long
2023-11-16 18:36:08.709145,130,172,medium
2023-11-16 18:36:08.759446,1314,231,long
2023-11-16 18:36:09.143821,1101,375,long
2023-11-16 18:36:09.355042,1106,413,long
2023-11-16 18:36:09.509477,375,94,medium
2023-11-16 18:36:09.636616,4078,41,long
2023-11-16 18:36:09.740831,4085,64,long
2023-11-16 18:36:09.986417,1045,415,long
2023-11-16 18:36:10.012619,1045,394,long
2023-11-16 18:36:10.310225,1059,378,long
2023-11-16 18:36:10.388993,1107,398,long
2023-11-16 18:36:10.595467,401,83,medium
2023-11-16 18:36:10.800616,1017,394,long
2023-11-16 18:36:10.845022,4076,121,long
2023-11-16 18:36:10.845210,191,162,medium
2023-11-16 18:36:11.085620,380,58,medium
2023-11-16 18:36:11.101058,1018,396,long
2023-11-16 18:36:11.154047,871,134,long
2023-11-16 18:36:11.179322,414,85,medium
2023-11-16 18:36:11.571059,999,414,long
2023-11-16 18:36:11.683283,27,186,short
2023-11-16 18:36:11.686696,1066,414,long
2023-11-16 18:36:12.358205,200,167,medium
2023-11-16 18:36:12.418991,206,161,medium
2023-11-16 18:36:12.442953,1082,419,long
2023-11-16 18:36:12.688449,181,162,medium
2023-11-16 18:36:12.740483,1130,468,long
2023-11-16 18:36:12.940835,386,63,medium
2023-11-16 18:36:12.991377,4082,83,long
2023-11-16 18:36:13.052553,206,183,medium
2023-11-16 18:36:13.138616,1099,393,long
2023-11-16 18:36:13.298210,1096,433,long
2023-11-16 18:36:13.309800,125,205,short
2023-11-16 18:36:13.376152,40,153,short
2023-11-16 18:36:13.504954,1046,442,long
2023-11-16 18:36:13.657439,1019,388,long
2023-11-16 18:36:13.812740,4077,176,long
2023-11-16 18:36:13.974633,4082,43,long
2023-11-16 18:36:14.075435,1044,414,long
2023-11-16 18:36:14.128851,399,90,medium
2023-11-16 18:36:14.235298,209,167,medium
2023-11-16 18:36:14.836512,390,125,medium
2023-11-16 18:36:15.357414,1123,423,long
2023-11-16 18:36:15.753649,381,70,medium
2023-11-16 18:36:15.755726,1010,383,long
2023-11-16 18:36:15.792544,388,54,medium
2023-11-16 18:36:15.817097,397,107,medium
2023-11-16 18:36:15.868287,1210,106,long
2023-11-16 18:36:15.993836,1018,411,long
2023-11-16 18:36:16.188792,1069,462,long
2023-11-16 18:36:16.302068,1030,429,long
2023-11-16 18:36:16.339856,1039,390,long
2023-11-16 18:36:16.496271,1351,137,long
2023-11-16 18:36:16.582025,4090,88,long
2023-11-16 18:36:16.794380,218,167,medium
2023-11-16 18:36:17.134769,4085,238,long
2023-11-16 18:36:17.633218,1017,394,long
2023-11-16 18:36:17.759699,379,73,medium
2023-11-16 18:36:17.838450,1022,310,long
2023-11-16 18:36:17.923517,1218,387,long
2023-11-16 18:36:18.095576,1100,534,long
2023-11-16 18:36:18.851341,317,18,medium
2023-11-16 18:36:18.867431,4085,60,long
2023-11-16 18:36:19.021080,379,89,medium
2023-11-16 18:36:19.395788,1120,397,long
2023-11-16 18:36:19.461823,444,93,medium
2023-11-16 18:36:19.672900,408,111,medium
2023-11-16 18:36:19.744495,1109,415,long
2023-11-16 18:36:19.805271,4082,43,long
2023-11-16 18:36:19.955362,1000,383,long
2023-11-16 18:36:20.141611,1053,411,long
2023-11-16 18:36:20.225122,1118,394,long
2023-11-16 18:36:20.235709,200,210,medium
2023-11-16 18:36:20.347678,975,394,long
2023-11-16 18:36:20.926174,402,91,medium
2023-11-16 18:36:21.291576,1088,434,long
2023-11-16 18:36:21.324293,1003,382,long
2023-11-16 18:36:21.429932,973,414,long
2023-11-16 18:36:21.921225,420,103,medium
2023-11-16 18:36:21.994603,1319,251,long
2023-11-16 18:36:22.473618,1025,392,long
2023-11-16 18:36:22.603218,1315,153,long
2023-11-16 18:36:22.714878,1053,411,long
2023-11-16 18:36:22.732276,435,75,medium
2023-11-16 18:36:22.765846,375,83,medium
2023-11-16 18:36:22.786017,200,181,medium
2023-11-16 18:36:22.794653,382,105,medium
2023-11-16 18:36:22.795728,1009,395,long
2023-11-16 18:36:22.884490,1314,162,long
2023-11-16 18:36:22.887344,206,172,medium
2023-11-16 18:36:23.004024,1227,397,long
2023-11-16 18:36:23.033672,4126,70,long
2023-11-16 18:36:23.058786,1219,417,long
2023-11-16 18:36:23.180113,375,63,medium
2023-11-16 18:36:23.311996,377,90,medium
2023-11-16 18:36:23.902418,1163,407,long
2023-11-16 18:36:24.064805,1326,409,long
2023-11-16 18:36:24.095300,1261,373,long
2023-11-16 18:36:24.157846,374,60,medium
2023-11-16 18:36:24.166577,394,51,medium
2023-11-16 18:36:25.022460,91,16,short
2023-11-16 18:36:25.028808,2524,90,long
2023-11-16 18:36:25.182087,200,217,medium
2023-11-16 18:36:25.442110,1217,395,long
2023-11-16 18:36:25.550303,165,217,medium
2023-11-16 18:36:25.676612,1066,421,long
2023-11-16 18:36:25.707183,52,188,short
2023-11-16 18:36:25.725952,206,165,medium
2023-11-16 18:36:25.841929,996,403,long
2023-11-16 18:36:25.976668,1087,383,long
2023-11-16 18:36:26.007475,203,152,medium
2023-11-16 18:36:26.136112,4078,114,long
2023-11-16 18:36:26.296908,407,137,medium
2023-11-16 18:36:26.393889,1089,396,long
2023-11-16 18:36:26.596876,1237,435,long
2023-11-16 18:36:26.717718,4097,45,long
2023-11-16 18:36:26.769196,1234,376,long
2023-11-16 18:36:26.985079,161,204,medium
2023-11-16 18:36:27.308717,1101,390,long
2023-11-16 18:36:27.374798,1089,396,long
2023-11-16 18:36:27.422565,1024,373,long
2023-11-16 18:36:27.482864,978,372,long
2023-11-16 18:36:27.572735,1160,400,long
2023-11-16 18:36:27.704904,1002,411,long
2023-11-16 18:36:27.970867,91,24,short
2023-11-16 18:36:28.055055,1312,213,long
2023-11-16 18:36:28.203949,382,80,medium
2023-11-16 18:36:28.485493,1045,378,long
2023-11-16 18:36:28.501304,10,179,short
2023-11-16 18:36:28.679874,1292,379,long
2023-11-16 18:36:28.812147,1087,393,long
2023-11-16 18:36:28.888607,1165,373,long
2023-11-16 18:36:29.107767,391,106,medium
2023-11-16 18:36:29.123053,4111,65,long
2023-11-16 18:36:29.192873,1052,390,long
2023-11-16 18:36:29.235276,1180,406,long
2023-11-16 18:36:29.256397,1340,714,long
2023-11-16 18:36:29.289850,384,82,medium
2023-11-16 18:36:29.360164,1118,394,long
2023-11-16 18:36:29.449093,41,169,short
2023-11-16 18:36:29.795531,197,163,medium
2023-11-16 18:36:29.939968,1315,147,long
2023-11-16 18:36:29.940588,377,89,medium
2023-11-16 18:36:29.982578,1103,405,long
2023-11-16 18:36:30.100332,163,217,medium
2023-11-16 18:36:30.262760,999,414,long
2023-11-16 18:36:30.342111,1062,397,long
2023-11-16 18:36:30.642024,4092,36,long
2023-11-16 18:36:30.931690,203,187,medium
2023-11-16 18:36:31.026171,1019,388,long
2023-11-16 18:36:31.485413,4079,151,long
2023-11-16 18:36:31.887160,1066,459,long
2023-11-16 18:36:32.147497,1055,397,long
2023-11-16 18:36:32.268380,1101,379,long
2023-11-16 18:36:32.345016,120,12,short
2023-11-16 18:36:32.522680,1021,396,long
2023-11-16 18:36:32.654080,1286,373,long
2023-11-16 18:36:32.686014,1025,415,long
2023-11-16 18:36:32.785840,1224,400,long
2023-11-16 18:36:33.083232,423,127,medium
2023-11-16 18:36:33.099190,405,95,medium
2023-11-16 18:36:33.143178,412,106,medium
2023-11-16 18:36:33.325696,1174,429,long
2023-11-16 18:36:33.483587,1199,413,long
2023-11-16 18:36:33.521605,1225,415,long
2023-11-16 18:36:33.522342,127,159,short
2023-11-16 18:36:33.593705,4088,46,long
2023-11-16 18:36:33.684004,1249,398,long
2023-11-16 18:36:33.747334,4086,34,long
2023-11-16 18:36:33.913481,1025,421,long
2023-11-16 18:36:34.314964,1096,433,long
2023-11-16 18:36:34.693610,406,98,medium
2023-11-16 18:36:34.875230,406,100,medium
2023-11-16 18:36:34.923424,1121,447,long
2023-11-16 18:36:35.085346,1046,398,long
2023-11-16 18:36:35.101978,1066,417,long
2023-11-16 18:36:35.301560,206,179,medium
2023-11-16 18:36:35.321354,4072,36,long
2023-11-16 18:36:35.506378,200,183,medium
2023-11-16 18:36:35.789788,1003,394,long
2023-11-16 18:36:35.800786,4104,119,long
2023-11-16 18:36:35.810023,1223,438,long
2023-11-16 18:36:35.840235,978,421,long
2023-11-16 18:36:35.898156,1026,509,long
2023-11-16 18:36:36.145359,1000,416,long
2023-11-16 18:36:36.826638,1233,373,long
2023-11-16 18:36:36.954370,4073,31,long
2023-11-16 18:36:37.112561,1149,390,long
2023-11-16 18:36:37.118793,1190,466,long
2023-11-16 18:36:37.456076,1314,251,long
2023-11-16 18:36:37.485106,459,387,medium
2023-11-16 18:36:37.542553,1136,396,long
2023-11-16 18:36:37.690576,372,63,medium
2023-11-16 18:36:37.695890,374,47,medium
2023-11-16 18:36:37.724687,212,138,medium
2023-11-16 18:36:37.764005,604,649,long
2023-11-16 18:36:37.795056,403,102,medium
2023-11-16 18:36:37.853777,407,104,medium
2023-11-16 18:36:38.161839,203,167,medium
2023-11-16 18:36:38.241594,181,141,medium
2023-11-16 18:36:38.279971,863,71,long
2023-11-16 18:36:38.353698,1101,638,long
2023-11-16 18:36:38.496128,383,82,medium
2023-11-16 18:36:38.747150,1237,373,long
2023-11-16 18:36:39.025749,1169,511,long
2023-11-16 18:36:39.127559,404,148,medium
2023-11-16 18:36:39.133604,1223,434,long
2023-11-16 18:36:39.332463,209,217,medium
2023-11-16 18:36:39.417957,194,138,medium
2023-11-16 18:36:39.547080,1313,177,long
2023-11-16 18:36:39.614142,4083,100,long
2023-11-16 18:36:40.000731,398,140,medium
2023-11-16 18:36:40.438108,4075,36,long
2023-11-16 18:36:40.492465,408,157,medium
2023-11-16 18:36:40.671534,1022,443,long
2023-11-16 18:36:40.701205,1128,375,long
2023-11-16 18:36:40.982664,370,52,medium
2023-11-16 18:36:41.492033,417,92,medium
2023-11-16 18:36:41.731610,401,106,medium
2023-11-16 18:36:41.748818,4079,46,long
2023-11-16 18:36:41.762739,1315,205,long
2023-11-16 18:36:41.832312,1995,50,long
2023-11-16 18:36:41.918607,1025,415,long
2023-11-16 18:36:41.919838,1152,383,long
2023-11-16 18:36:42.333445,163,202,medium
2023-11-16 18:36:42.503148,4075,43,long
2023-11-16 18:36:42.544682,389,76,medium
2023-11-16 18:36:42.711753,4087,140,long
2023-11-16 18:36:43.894275,4074,42,long
2023-11-16 18:36:44.184938,1031,397,long
2023-11-16 18:36:44.279298,1120,391,long
2023-11-16 18:36:44.425124,1335,570,long
2023-11-16 18:36:44.780804,996,378,long
2023-11-16 18:36:44.998905,376,75,medium
2023-11-16 18:36:45.080449,1066,403,long
2023-11-16 18:36:45.164545,1103,402,long
2023-11-16 18:36:45.205269,4131,51,long
2023-11-16 18:36:45.320129,1037,560,long
2023-11-16 18:36:45.871475,1044,396,long
2023-11-16 18:36:45.960493,428,66,medium
2023-11-16 18:36:45.963069,1363,60,long
2023-11-16 18:36:46.352680,4083,28,long
2023-11-16 18:36:46.494009,385,66,medium
2023-11-16 18:36:46.635174,4086,27,long
2023-11-16 18:36:46.662045,1312,165,long
2023-11-16 18:36:46.695528,1227,401,long
2023-11-16 18:36:46.786390,371,76,medium
2023-11-16 18:36:46.955108,399,130,medium
2023-11-16 18:36:47.108531,370,73,medium
2023-11-16 18:36:47.110004,371,57,medium
2023-11-16 18:36:47.556123,443,95,medium
2023-11-16 18:36:47.650049,1069,400,long
2023-11-16 18:36:47.995479,4076,25,long
2023-11-16 18:36:48.310439,407,106,medium
2023-11-16 18:36:48.818461,429,97,medium
2023-11-16 18:36:48.818753,1296,169,long
2023-11-16 18:36:48.937323,4084,73,long
2023-11-16 18:36:48.995433,1223,438,long
2023-11-16 18:36:49.979864,181,112,medium
2023-11-16 18:36:49.980571,209,217,medium
2023-11-16 18:36:50.072593,1037,418,long
2023-11-16 18:36:50.552011,1135,416,long
2023-11-16 18:36:50.660994,181,66,medium
2023-11-16 18:36:50.708405,402,98,medium
2023-11-16 18:36:50.717886,405,81,medium
2023-11-16 18:36:50.786118,878,115,long
2023-11-16 18:36:50.790532,863,71,long
2023-11-16 18:36:51.341612,209,144,medium
2023-11-16 18:36:51.721166,1340,519,long
2023-11-16 18:36:51.964142,1320,264,long
2023-11-16 18:36:52.142732,4106,51,long
2023-11-16 18:36:52.256109,380,68,medium
2023-11-16 18:36:52.392087,1106,414,long
2023-11-16 18:36:52.431787,127,169,short
2023-11-16 18:36:52.472460,376,54,medium
2023-11-16 18:36:52.539753,372,81,medium
2023-11-16 18:36:53.011536,1073,375,long
2023-11-16 18:36:53.029706,1121,643,long
2023-11-16 18:36:53.254634,1089,396,long
2023-11-16 18:36:53.357938,1317,210,long
2023-11-16 18:36:53.709557,4073,84,long
2023-11-16 18:36:54.153967,209,223,medium
2023-11-16 18:36:54.239104,1219,375,long
2023-11-16 18:36:54.430336,4081,27,long
2023-11-16 18:36:54.589766,91,16,short
2023-11-16 18:36:54.842723,1152,376,long
2023-11-16 18:36:54.860950,191,223,medium
2023-11-16 18:36:54.945621,4080,63,long
2023-11-16 18:36:55.081456,4088,33,long
2023-11-16 18:36:55.107554,1087,396,long
2023-11-16 18:36:55.576486,1130,396,long
2023-11-16 18:36:55.593315,951,675,long
2023-11-16 18:36:55.627098,206,217,medium
2023-11-16 18:36:55.670063,203,194,medium
2023-11-16 18:36:55.760057,91,16,short
2023-11-16 18:36:55.809925,1046,442,long
2023-11-16 18:36:55.897706,4080,33,long
2023-11-16 18:36:56.096359,2662,140,long
2023-11-16 18:36:56.122983,1313,183,long
2023-11-16 18:36:57.040250,378,60,medium
2023-11-16 18:36:57.429666,371,59,medium
2023-11-16 18:36:57.449563,386,73,medium
2023-11-16 18:36:57.707415,377,95,medium
2023-11-16 18:36:57.713854,375,70,medium
2023-11-16 18:36:57.760760,194,217,medium
2023-11-16 18:36:58.144788,4084,63,long
2023-11-16 18:36:58.250743,309,18,medium
2023-11-16 18:36:58.310776,1174,394,long
2023-11-16 18:36:58.841649,197,144,medium
2023-11-16 18:36:59.046080,395,105,medium
2023-11-16 18:36:59.144419,206,217,medium
2023-11-16 18:36:59.144578,323,18,medium
2023-11-16 18:36:59.588326,983,394,long
2023-11-16 18:36:59.610581,404,92,medium
2023-11-16 18:36:59.684291,406,99,medium
2023-11-16 18:37:00.074720,181,167,medium
2023-11-16 18:37:00.103718,389,100,medium
2023-11-16 18:37:00.679711,996,384,long
2023-11-16 18:37:00.868978,1312,212,long
2023-11-16 18:37:00.970633,4072,39,long
2023-11-16 18:37:01.107990,435,89,medium
2023-11-16 18:37:01.545165,1000,383,long
2023-11-16 18:37:01.552016,1084,415,long
2023-11-16 18:37:01.586562,4097,41,long
2023-11-16 18:37:01.885014,408,89,medium
2023-11-16 18:37:02.181095,402,92,medium
2023-11-16 18:37:02.317771,4078,58,long
2023-11-16 18:37:02.418230,206,183,medium
2023-11-16 18:37:02.434730,4085,46,long
2023-11-16 18:37:03.317807,1088,448,long
2023-11-16 18:37:04.014705,382,93,medium
2023-11-16 18:37:04.028891,4078,41,long
2023-11-16 18:37:04.430606,1278,385,long
2023-11-16 18:37:04.651360,1112,418,long
2023-11-16 18:37:04.700011,1136,559,long
2023-11-16 18:37:04.966808,1871,75,long
2023-11-16 18:37:05.029235,4089,35,long
2023-11-16 18:37:05.393374,373,82,medium
2023-11-16 18:37:05.775437,4108,65,long
2023-11-16 18:37:05.797470,1223,395,long
2023-11-16 18:37:06.426127,410,107,medium
2023-11-16 18:37:06.808666,1035,68,long
2023-11-16 18:37:06.984921,159,192,medium
2023-11-16 18:37:07.141981,2584,147,long
2023-11-16 18:37:07.286386,1019,396,long
2023-11-16 18:37:07.792316,2211,35,long
2023-11-16 18:37:08.216125,1031,397,long
2023-11-16 18:37:08.479326,4109,66,long
2023-11-16 18:37:09.256922,1010,406,long
2023-11-16 18:37:09.290632,1252,375,long
2023-11-16 18:37:09.376484,1316,198,long
2023-11-16 18:37:09.453201,450,108,medium
2023-11-16 18:37:09.558566,378,88,medium
2023-11-16 18:37:09.785607,395,36,medium
2023-11-16 18:37:09.827745,212,162,medium
2023-11-16 18:37:09.844023,1002,417,long
2023-11-16 18:37:10.098276,1110,390,long
2023-11-16 18:37:10.119927,2487,57,long
2023-11-16 18:37:10.155007,409,120,medium
2023-11-16 18:37:10.193763,1039,396,long
2023-11-16 18:37:10.341169,385,61,medium
2023-11-16 18:37:10.488257,1122,43,long
2023-11-16 18:37:10.641508,1044,397,long
2023-11-16 18:37:11.198557,394,101,medium
2023-11-16 18:37:11.441727,40,161,short
2023-11-16 18:37:11.449211,1101,418,long
2023-11-16 18:37:11.558388,197,217,medium
2023-11-16 18:37:11.697671,1058,419,long
2023-11-16 18:37:11.842653,1084,411,long
2023-11-16 18:37:11.936989,1116,396,long
2023-11-16 18:37:12.243898,1037,414,long
2023-11-16 18:37:12.410089,394,74,medium
2023-11-16 18:37:12.517851,1038,437,long
2023-11-16 18:37:12.584712,1003,520,long
2023-11-16 18:37:12.770311,408,89,medium
2023-11-16 18:37:12.801575,397,109,medium
2023-11-16 18:37:12.894410,1041,405,long
2023-11-16 18:37:12.894571,427,94,medium
2023-11-16 18:37:13.019325,721,120,long
2023-11-16 18:37:13.087991,1065,406,long
2023-11-16 18:37:13.207056,4088,111,long
2023-11-16 18:37:13.241031,398,113,medium
2023-11-16 18:37:13.284056,197,162,medium
2023-11-16 18:37:13.421823,1024,437,long
2023-11-16 18:37:13.529452,461,103,medium
2023-11-16 18:37:13.583851,4081,112,long
2023-11-16 18:37:13.717267,203,162,medium
2023-11-16 18:37:13.717908,378,77,medium
2023-11-16 18:37:14.313743,203,158,medium
2023-11-16 18:37:14.418978,4080,58,long
2023-11-16 18:37:14.508670,1014,401,long
2023-11-16 18:37:14.512189,4080,79,long
2023-11-16 18:37:14.515309,335,18,medium
2023-11-16 18:37:14.577473,379,79,medium
2023-11-16 18:37:14.705812,1314,198,long
2023-11-16 18:37:15.306193,983,401,long
2023-11-16 18:37:15.404822,181,144,medium
2023-11-16 18:37:15.522152,1015,406,long
2023-11-16 18:37:15.571848,381,66,medium
2023-11-16 18:37:15.746319,181,154,medium
2023-11-16 18:37:16.062591,1026,935,long
2023-11-16 18:37:16.335839,1057,440,long
2023-11-16 18:37:16.618013,418,107,medium
2023-11-16 18:37:16.677808,1165,387,long
2023-11-16 18:37:16.714771,383,84,medium
2023-11-16 18:37:17.217169,161,192,medium
2023-11-16 18:37:17.787871,412,104,medium
2023-11-16 18:37:17.843427,1314,139,long
2023-11-16 18:37:17.869516,12,204,short
2023-11-16 18:37:17.937952,420,98,medium
2023-11-16 18:37:18.056228,1112,392,long
2023-11-16 18:37:18.682189,1038,397,long
2023-11-16 18:37:18.853340,994,429,long
2023-11-16 18:37:18.927418,1014,84,long
2023-11-16 18:37:19.157669,1007,397,long
2023-11-16 18:37:19.239899,1027,385,long
2023-11-16 18:37:19.299660,1118,399,long
2023-11-16 18:37:19.305259,209,183,medium
2023-11-16 18:37:19.312932,1116,396,long
2023-11-16 18:37:19.562256,405,65,medium
2023-11-16 18:37:19.865544,4087,39,long
2023-11-16 18:37:20.404528,1062,394,long
2023-11-16 18:37:20.429752,400,106,medium
2023-11-16 18:37:20.590904,393,99,medium
2023-11-16 18:37:20.825212,999,396,long
2023-11-16 18:37:20.833943,384,67,medium
2023-11-16 18:37:20.844691,1030,417,long
2023-11-16 18:37:20.846240,200,179,medium
2023-11-16 18:37:20.900177,1090,363,long
2023-11-16 18:37:20.933823,373,89,medium
2023-11-16 18:37:21.039138,4081,91,long
2023-11-16 18:37:21.039144,1012,375,long
2023-11-16 18:37:21.164840,1110,379,long
2023-11-16 18:37:21.283658,395,43,medium
2023-11-16 18:37:21.367211,1298,376,long
2023-11-16 18:37:21.750633,407,132,medium
2023-11-16 18:37:22.044515,314,18,medium
2023-11-16 18:37:22.289163,1032,397,long
2023-11-16 18:37:22.453285,1695,91,long
2023-11-16 18:37:22.520496,1066,399,long
2023-11-16 18:37:22.603085,1298,523,long
2023-11-16 18:37:22.803328,1003,417,long
2023-11-16 18:37:22.896970,2501,49,long
2023-11-16 18:37:22.901688,1203,415,long
2023-11-16 18:37:23.156188,1036,389,long
2023-11-16 18:37:23.460936,181,95,medium
2023-11-16 18:37:23.523887,1030,429,long
2023-11-16 18:37:23.652787,1136,432,long
2023-11-16 18:37:23.717523,1954,106,long
2023-11-16 18:37:24.085737,1027,421,long
2023-11-16 18:37:24.148494,426,91,medium
2023-11-16 18:37:24.186515,1136,82,long
2023-11-16 18:37:24.187822,1007,373,long
2023-11-16 18:37:24.226538,4082,34,long
2023-11-16 18:37:24.334650,404,108,medium
2023-11-16 18:37:24.627676,1018,430,long
2023-11-16 18:37:24.649838,1076,395,long
2023-11-16 18:37:24.707938,2051,108,long
2023-11-16 18:37:24.879298,430,104,medium
2023-11-16 18:37:24.973244,1252,390,long
2023-11-16 18:37:25.089923,1055,413,long
2023-11-16 18:37:25.195791,4091,37,long
2023-11-16 18:37:25.245113,377,48,medium
2023-11-16 18:37:25.263163,1160,62,long
2023-11-16 18:37:25.270096,4098,41,long
2023-11-16 18:37:25.567591,1028,397,long
2023-11-16 18:37:25.680786,385,84,medium
2023-11-16 18:37:25.727859,977,393,long
2023-11-16 18:37:25.931702,406,86,medium
2023-11-16 18:37:26.003134,1078,417,long
2023-11-16 18:37:26.117568,1002,429,long
2023-11-16 18:37:26.647713,2846,68,long
2023-11-16 18:37:26.685041,400,82,medium
2023-11-16 18:37:26.755523,377,68,medium
2023-11-16 18:37:26.808133,1065,413,long
2023-11-16 18:37:26.872795,392,106,medium
2023-11-16 18:37:26.995276,1071,411,long
2023-11-16 18:37:27.026166,1007,397,long
2023-11-16 18:37:27.237142,1278,405,long
2023-11-16 18:37:27.315949,1050,396,long
2023-11-16 18:37:27.359601,1311,164,long
2023-11-16 18:37:27.413007,25,165,short
2023-11-16 18:37:27.476526,1062,470,long
2023-11-16 18:37:27.587603,1019,375,long
2023-11-16 18:37:27.694291,1315,204,long
2023-11-16 18:37:27.818370,203,217,medium
2023-11-16 18:37:28.087106,992,416,long
2023-11-16 18:37:28.403170,400,96,medium
2023-11-16 18:37:28.404995,429,84,medium
2023-11-16 18:37:28.475764,2059,171,long
2023-11-16 18:37:28.944810,4098,65,long
2023-11-16 18:37:29.177027,721,120,long
2023-11-16 18:37:29.542314,4082,71,long
2023-11-16 18:37:29.651677,1495,85,long
2023-11-16 18:37:29.890450,1065,433,long
2023-11-16 18:37:30.138834,1079,462,long
2023-11-16 18:37:30.143534,4081,47,long
2023-11-16 18:37:30.229233,1041,429,long
2023-11-16 18:37:30.400816,1216,81,long
2023-11-16 18:37:30.510496,375,58,medium
2023-11-16 18:37:30.515465,1004,477,long
2023-11-16 18:37:30.738214,410,115,medium
2023-11-16 18:37:30.789381,1363,375,long
2023-11-16 18:37:31.284096,1016,399,long
2023-11-16 18:37:31.448570,1351,165,long
2023-11-16 18:37:31.484656,395,76,medium
2023-11-16 18:37:31.569793,1712,104,long
2023-11-16 18:37:31.598091,209,223,medium
2023-11-16 18:37:31.655938,191,174,medium
2023-11-16 18:37:31.859229,1090,411,long
2023-11-16 18:37:31.886312,161,192,medium
2023-11-16 18:37:32.007090,4090,88,long
2023-11-16 18:37:32.007735,1035,68,long
2023-11-16 18:37:32.120368,1313,167,long
2023-11-16 18:37:32.549938,375,77,medium
2023-11-16 18:37:32.750767,1116,421,long
2023-11-16 18:37:32.825008,787,85,long
2023-11-16 18:37:32.848182,1108,414,long
2023-11-16 18:37:33.212710,327,18,medium
2023-11-16 18:37:33.257250,1055,448,long
2023-11-16 18:37:33.322317,984,396,long
2023-11-16 18:37:33.342251,1465,99,long
2023-11-16 18:37:33.472421,976,375,long
2023-11-16 18:37:33.586912,181,123,medium
2023-11-16 18:37:33.720187,1116,406,long
2023-11-16 18:37:34.255916,4143,36,long
2023-11-16 18:37:34.582418,1437,82,long
2023-11-16 18:37:34.970284,407,90,medium
2023-11-16 18:37:34.987087,1049,411,long
2023-11-16 18:37:35.215652,2341,46,long
2023-11-16 18:37:35.593415,4084,29,long
2023-11-16 18:37:35.596129,384,87,medium
2023-11-16 18:37:36.431435,1080,559,long
2023-11-16 18:37:36.589827,407,96,medium
2023-11-16 18:37:36.699046,4077,34,long
2023-11-16 18:37:36.786713,453,53,medium
2023-11-16 18:37:37.057851,381,93,medium
2023-11-16 18:37:37.095367,1164,414,long
2023-11-16 18:37:37.350049,1010,419,long
2023-11-16 18:37:37.624322,1014,429,long
2023-11-16 18:37:37.628905,2008,50,long
2023-11-16 18:37:37.868729,384,67,medium
2023-11-16 18:37:37.929797,1014,419,long
2023-11-16 18:37:37.940905,1024,428,long
2023-11-16 18:37:38.082675,4098,43,long
2023-11-16 18:37:38.113693,1118,415,long
2023-11-16 18:37:38.295006,1190,53,long
2023-11-16 18:37:38.455687,403,86,medium
2023-11-16 18:37:38.625143,1065,406,long
2023-11-16 18:37:38.793952,1065,447,long
2023-11-16 18:37:38.838391,1065,474,long
2023-11-16 18:37:38.899412,999,418,long
2023-11-16 18:37:38.958160,1795,122,long
2023-11-16 18:37:39.284469,1037,386,long
2023-11-16 18:37:39.350433,1036,418,long
2023-11-16 18:37:39.576655,395,95,medium
2023-11-16 18:37:39.769345,3683,47,long
2023-11-16 18:37:39.913796,1084,445,long
2023-11-16 18:37:40.118342,1090,554,long
2023-11-16 18:37:40.222704,1819,69,long
2023-11-16 18:37:40.376517,998,429,long
2023-11-16 18:37:40.787602,2014,71,long
2023-11-16 18:37:41.141762,385,102,medium
2023-11-16 18:37:41.551105,4081,48,long
2023-11-16 18:37:41.895888,2248,69,long
2023-11-16 18:37:42.022662,200,162,medium
2023-11-16 18:37:42.277986,406,90,medium
2023-11-16 18:37:42.650851,4074,44,long
2023-11-16 18:37:42.748859,46,233,short
2023-11-16 18:37:42.795833,1318,198,long
2023-11-16 18:37:42.899179,237,14,medium
2023-11-16 18:37:43.490879,1354,148,long
2023-11-16 18:37:43.500715,1054,589,long
2023-11-16 18:37:43.632849,374,59,medium
2023-11-16 18:37:43.839591,1079,515,long
2023-11-16 18:37:43.916838,4077,37,long
2023-11-16 18:37:44.005195,4087,84,long
2023-11-16 18:37:44.243619,395,101,medium
2023-11-16 18:37:44.281994,1727,129,long
2023-11-16 18:37:44.358144,1018,442,long
2023-11-16 18:37:44.498087,29,177,short
2023-11-16 18:37:44.608273,421,81,medium
2023-11-16 18:37:44.958963,1122,427,long
2023-11-16 18:37:44.979378,1315,160,long
2023-11-16 18:37:45.082057,4080,53,long
2023-11-16 18:37:45.179950,895,100,long
2023-11-16 18:37:45.331921,403,132,medium
2023-11-16 18:37:46.409012,1066,429,long
2023-11-16 18:37:46.778953,392,94,medium
2023-11-16 18:37:46.908677,399,127,medium
2023-11-16 18:37:47.275967,408,89,medium
2023-11-16 18:37:47.694336,1007,405,long
2023-11-16 18:37:47.802543,2855,47,long
2023-11-16 18:37:47.995905,400,118,medium
2023-11-16 18:37:48.029860,976,384,long
2023-11-16 18:37:48.266450,977,368,long
2023-11-16 18:37:48.300685,1118,531,long
2023-11-16 18:37:48.348414,120,11,short
2023-11-16 18:37:48.548070,1135,377,long
2023-11-16 18:37:48.569058,1096,523,long
2023-11-16 18:37:48.654780,2605,91,long
2023-11-16 18:37:49.074966,372,77,medium
2023-11-16 18:37:49.311567,194,183,medium
2023-11-16 18:37:50.064663,1023,421,long
2023-11-16 18:37:50.064823,411,162,medium
2023-11-16 18:37:50.095559,1079,44,long
2023-11-16 18:37:50.124067,393,146,medium
2023-11-16 18:37:50.152866,429,87,medium
2023-11-16 18:37:50.219679,3072,99,long
2023-11-16 18:37:50.322260,409,143,medium
2023-11-16 18:37:50.332104,1299,43,long
2023-11-16 18:37:50.447223,1049,398,long
2023-11-16 18:37:50.509071,4086,757,long
2023-11-16 18:37:50.599150,419,147,medium
2023-11-16 18:37:50.655634,1062,406,long
2023-11-16 18:37:50.669563,91,24,short
2023-11-16 18:37:50.770407,378,76,medium
2023-11-16 18:37:50.794620,1018,397,long
2023-11-16 18:37:50.807828,4073,40,long
2023-11-16 18:37:50.947427,1057,413,long
2023-11-16 18:37:51.017614,375,70,medium
2023-11-16 18:37:51.124951,1010,391,long
2023-11-16 18:37:51.219420,1016,397,long
2023-11-16 18:37:51.360726,2321,74,long
2023-11-16 18:37:51.379692,4075,38,long
2023-11-16 18:37:51.498944,397,88,medium
2023-11-16 18:37:51.558999,1050,396,long
2023-11-16 18:37:51.740083,1118,415,long
2023-11-16 18:37:51.764418,1077,51,long
2023-11-16 18:37:51.814598,1164,414,long
2023-11-16 18:37:52.022889,1591,96,long
2023-11-16 18:37:52.083352,1147,392,long
2023-11-16 18:37:52.141780,408,96,medium
2023-11-16 18:37:52.144708,388,49,medium
2023-11-16 18:37:52.348220,382,65,medium
2023-11-16 18:37:52.532465,1995,56,long
2023-11-16 18:37:52.760702,1079,422,long
2023-11-16 18:37:52.762241,1090,411,long
2023-11-16 18:37:52.884330,403,100,medium
2023-11-16 18:37:53.385106,1215,33,long
2023-11-16 18:37:53.391582,395,88,medium
2023-11-16 18:37:53.567857,387,60,medium
2023-11-16 18:37:53.741228,2346,93,long
2023-11-16 18:37:54.166660,1047,414,long
2023-11-16 18:37:54.259128,1110,379,long
2023-11-16 18:37:54.525097,374,66,medium
2023-11-16 18:37:54.628888,379,86,medium
2023-11-16 18:37:55.188929,4125,41,long
2023-11-16 18:37:55.600560,370,70,medium
2023-11-16 18:37:55.716619,1025,421,long
2023-11-16 18:37:55.892405,181,101,medium
2023-11-16 18:37:56.027363,1128,377,long
2023-11-16 18:37:56.038294,405,79,medium
2023-11-16 18:37:56.970380,1337,96,long
2023-11-16 18:37:57.215657,994,468,long
2023-11-16 18:37:57.267324,1112,418,long
2023-11-16 18:37:57.360219,389,91,medium
2023-11-16 18:37:57.403594,1128,363,long
2023-11-16 18:37:57.517815,1065,527,long
2023-11-16 18:37:57.552447,4156,71,long
2023-11-16 18:37:57.762399,440,82,medium
2023-11-16 18:37:57.982827,1018,387,long
2023-11-16 18:37:58.011916,203,217,medium
2023-11-16 18:37:58.145064,237,14,medium
2023-11-16 18:37:58.185906,418,94,medium
2023-11-16 18:37:58.469891,1252,375,long
2023-11-16 18:37:58.482230,992,416,long
2023-11-16 18:37:58.603730,1086,396,long
2023-11-16 18:37:58.643824,1044,428,long
2023-11-16 18:37:58.653622,4081,46,long
2023-11-16 18:37:58.674706,4105,57,long
2023-11-16 18:37:58.674946,1313,135,long
2023-11-16 18:37:58.699370,2683,27,long
2023-11-16 18:37:59.139672,10,143,short
2023-11-16 18:37:59.254935,1076,395,long
2023-11-16 18:38:00.061233,381,35,medium
2023-11-16 18:38:00.102654,4074,40,long
2023-11-16 18:38:00.178960,398,118,medium
2023-11-16 18:38:00.234730,378,83,medium
2023-11-16 18:38:00.565741,10,140,short
2023-11-16 18:38:01.002249,975,417,long
2023-11-16 18:38:01.101704,1190,425,long
2023-11-16 18:38:01.182649,400,82,medium
2023-11-16 18:38:01.194333,197,217,medium
2023-11-16 18:38:01.204429,4089,42,long
2023-11-16 18:38:01.348768,4081,48,long
2023-11-16 18:38:01.370689,1030,432,long
2023-11-16 18:38:01.439503,406,102,medium
2023-11-16 18:38:01.441531,1063,383,long
2023-11-16 18:38:01.505121,401,102,medium
2023-11-16 18:38:01.505297,428,101,medium
2023-11-16 18:38:01.515966,1352,230,long
2023-11-16 18:38:01.521372,4074,67,long
2023-11-16 18:38:01.565969,1062,565,long
2023-11-16 18:38:01.602795,1041,396,long
2023-11-16 18:38:01.803762,412,89,medium
2023-11-16 18:38:01.878473,1316,43,long
2023-11-16 18:38:02.036963,1155,432,long
2023-11-16 18:38:02.167368,2858,124,long
2023-11-16 18:38:02.278195,432,89,medium
2023-11-16 18:38:02.671614,34,136,short
2023-11-16 18:38:02.725916,977,478,long
2023-11-16 18:38:03.191983,422,84,medium
2023-11-16 18:38:03.564013,2554,72,long
2023-11-16 18:38:03.917558,1464,77,long
2023-11-16 18:38:04.050127,181,161,medium
2023-11-16 18:38:04.081288,2584,104,long
2023-11-16 18:38:04.123373,1054,449,long
2023-11-16 18:38:04.503779,402,102,medium
2023-11-16 18:38:04.576895,395,81,medium
2023-11-16 18:38:04.728930,386,91,medium
2023-11-16 18:38:04.791110,4075,59,long
2023-11-16 18:38:04.863024,1055,429,long
2023-11-16 18:38:05.144596,1142,413,long
2023-11-16 18:38:05.146184,4090,120,long
2023-11-16 18:38:05.233173,4073,39,long
2023-11-16 18:38:05.287131,1388,62,long
2023-11-16 18:38:05.435346,383,88,medium
2023-11-16 18:38:05.540345,1124,399,long
2023-11-16 18:38:06.081719,371,49,medium
2023-11-16 18:38:06.091905,1314,187,long
2023-11-16 18:38:06.127753,327,18,medium
2023-11-16 18:38:06.134226,1096,363,long
2023-11-16 18:38:06.247234,1082,386,long
2023-11-16 18:38:06.248175,4080,70,long
2023-11-16 18:38:06.328376,371,72,medium
2023-11-16 18:38:06.435869,4135,52,long
2023-11-16 18:38:06.450010,4078,38,long
2023-11-16 18:38:06.665417,4080,328,long
2023-11-16 18:38:06.957731,778,81,long
2023-11-16 18:38:07.038778,4073,32,long
2023-11-16 18:38:07.147667,4075,44,long
2023-11-16 18:38:07.401455,1014,419,long
2023-11-16 18:38:07.407022,783,53,long
2023-11-16 18:38:07.478644,403,91,medium
2023-11-16 18:38:07.551983,387,66,medium
2023-11-16 18:38:08.103253,1090,363,long
2023-11-16 18:38:08.478853,4074,50,long
2023-11-16 18:38:08.734801,1034,437,long
2023-11-16 18:38:08.970553,1118,507,long
2023-11-16 18:38:09.124912,1457,84,long
2023-11-16 18:38:09.318795,1043,412,long
2023-11-16 18:38:09.490908,1688,44,long
2023-11-16 18:38:09.666581,918,575,long
2023-11-16 18:38:09.864430,4085,36,long
2023-11-16 18:38:10.000120,4090,46,long
2023-11-16 18:38:10.106715,1090,514,long
2023-11-16 18:38:10.182322,1073,426,long
2023-11-16 18:38:10.208995,407,142,medium
2023-11-16 18:38:10.490675,1096,513,long
2023-11-16 18:38:10.655882,4122,25,long
2023-11-16 18:38:10.655884,2285,44,long
2023-11-16 18:38:11.330879,4082,45,long
2023-11-16 18:38:11.392588,4077,57,long
2023-11-16 18:38:11.427414,1018,82,long
2023-11-16 18:38:11.721881,403,116,medium
2023-11-16 18:38:11.802392,390,96,medium
2023-11-16 18:38:12.364593,4074,37,long
2023-11-16 18:38:12.623109,370,92,medium
2023-11-16 18:38:13.102810,4081,27,long
2023-11-16 18:38:13.299948,4076,41,long
2023-11-16 18:38:13.354114,377,79,medium
2023-11-16 18:38:13.387638,393,88,medium
2023-11-16 18:38:13.653456,1057,539,long
2023-11-16 18:38:13.867737,4108,75,long
2023-11-16 18:38:14.081249,2300,66,long
2023-11-16 18:38:14.122095,1943,61,long
2023-11-16 18:38:14.158908,224,188,medium
2023-11-16 18:38:14.388501,4089,72,long
2023-11-16 18:38:14.391032,2478,127,long
2023-11-16 18:38:14.411096,247,14,medium
2023-11-16 18:38:14.590465,1099,501,long
2023-11-16 18:38:14.903500,977,403,long
2023-11-16 18:38:15.056518,1591,80,long
2023-11-16 18:38:15.139970,1116,406,long
2023-11-16 18:38:15.153640,1116,429,long
2023-11-16 18:38:15.192016,380,77,medium
2023-11-16 18:38:15.301132,383,75,medium
2023-11-16 18:38:15.565682,404,78,medium
2023-11-16 18:38:15.652081,1082,386,long
2023-11-16 18:38:15.652087,404,108,medium
2023-11-16 18:38:15.765277,1109,412,long
2023-11-16 18:38:15.785470,2348,95,long
2023-11-16 18:38:15.893196,203,217,medium
2023-11-16 18:38:15.900503,1624,30,long
2023-11-16 18:38:16.100752,1088,453,long
2023-11-16 18:38:16.101773,1116,399,long
2023-11-16 18:38:16.317730,918,393,long
2023-11-16 18:38:16.329069,4080,51,long
2023-11-16 18:38:16.443898,1549,71,long
2023-11-16 18:38:16.605135,1457,69,long
2023-11-16 18:38:16.759304,4085,49,long
2023-11-16 18:38:17.228386,2502,96,long
2023-11-16 18:38:17.261959,399,101,medium
2023-11-16 18:38:17.536373,1147,85,long
2023-11-16 18:38:17.735845,4083,28,long
2023-11-16 18:38:17.743808,128,180,short
2023-11-16 18:38:17.954761,1019,452,long
2023-11-16 18:38:18.011495,400,154,medium
2023-11-16 18:38:18.117845,1004,632,long
2023-11-16 18:38:18.401264,1050,396,long
2023-11-16 18:38:18.548699,388,119,medium
2023-11-16 18:38:18.550559,4082,54,long
2023-11-16 18:38:18.846319,406,124,medium
2023-11-16 18:38:18.922746,1349,206,long
2023-11-16 18:38:18.933275,374,86,medium
2023-11-16 18:38:19.006991,1027,396,long
2023-11-16 18:38:19.263058,1008,392,long
2023-11-16 18:38:19.316745,4086,33,long
2023-11-16 18:38:19.360292,1119,413,long
2023-11-16 18:38:19.365540,412,89,medium
2023-11-16 18:38:19.660434,2430,89,long
2023-11-16 18:38:19.951982,401,87,medium
2023-11-16 18:38:20.154837,1049,375,long
2023-11-16 18:38:20.215261,1108,414,long
2023-11-16 18:38:20.295789,393,99,medium
2023-11-16 18:38:20.359853,401,114,medium
2023-11-16 18:38:20.457670,3158,50,long
2023-11-16 18:38:20.532886,382,77,medium
2023-11-16 18:38:20.758958,181,101,medium
2023-11-16 18:38:20.878901,1866,101,long
2023-11-16 18:38:20.898608,399,117,medium
2023-11-16 18:38:21.403180,404,146,medium
2023-11-16 18:38:21.534555,120,12,short
2023-11-16 18:38:21.571288,1317,131,long
2023-11-16 18:38:21.638117,4073,30,long
2023-11-16 18:38:21.747733,401,119,medium
2023-11-16 18:38:21.782148,1101,375,long
2023-11-16 18:38:21.861466,1276,81,long
2023-11-16 18:38:22.049484,382,63,medium
2023-11-16 18:38:22.227507,901,89,long
2023-11-16 18:38:22.233524,1066,429,long
2023-11-16 18:38:22.507524,4069,41,long
2023-11-16 18:38:22.647313,200,174,medium
2023-11-16 18:38:23.010575,2603,56,long
2023-11-16 18:38:23.080949,4115,64,long
2023-11-16 18:38:23.162829,397,97,medium
2023-11-16 18:38:23.401451,424,94,medium
2023-11-16 18:38:23.467272,1056,413,long
2023-11-16 18:38:23.551454,247,14,medium
2023-11-16 18:38:23.679844,1010,464,long
2023-11-16 18:38:23.836028,1077,459,long
2023-11-16 18:38:24.060492,1073,669,long
2023-11-16 18:38:24.162065,412,107,medium
2023-11-16 18:38:24.316958,379,63,medium
2023-11-16 18:38:24.971850,377,110,medium
2023-11-16 18:38:25.003101,407,108,medium
2023-11-16 18:38:25.063376,313,18,medium
2023-11-16 18:38:25.571532,703,105,long
2023-11-16 18:38:25.753409,723,40,long
2023-11-16 18:38:25.789359,387,86,medium
2023-11-16 18:38:25.943560,2584,137,long
2023-11-16 18:38:26.023349,4077,168,long
2023-11-16 18:38:26.312159,406,87,medium
2023-11-16 18:38:26.694684,1087,459,long
2023-11-16 18:38:26.748001,657,89,long
2023-11-16 18:38:27.071083,1043,412,long
2023-11-16 18:38:27.228356,309,18,medium
2023-11-16 18:38:27.277009,410,135,medium
2023-11-16 18:38:27.348507,2159,95,long
2023-11-16 18:38:27.672742,2631,141,long
2023-11-16 18:38:27.686731,394,93,medium
2023-11-16 18:38:28.017745,1070,431,long
2023-11-16 18:38:28.079325,1326,224,long
2023-11-16 18:38:28.095183,1730,50,long
2023-11-16 18:38:28.285438,370,48,medium
2023-11-16 18:38:28.395493,409,166,medium
2023-11-16 18:38:28.509637,397,88,medium
2023-11-16 18:38:28.664563,369,65,medium
2023-11-16 18:38:28.681145,4088,73,long
2023-11-16 18:38:29.016337,425,107,medium
2023-11-16 18:38:29.065086,922,55,long
2023-11-16 18:38:29.095443,120,12,short
2023-11-16 18:38:29.344328,412,113,medium
2023-11-16 18:38:29.347952,393,131,medium
2023-11-16 18:38:29.475017,372,76,medium
2023-11-16 18:38:29.654259,387,106,medium
2023-11-16 18:38:29.842269,976,40,long
2023-11-16 18:38:30.579824,4075,28,long
2023-11-16 18:38:30.921293,1038,479,long
2023-11-16 18:38:30.953205,4029,50,long
2023-11-16 18:38:31.194403,373,76,medium
2023-11-16 18:38:31.289507,1478,116,long
2023-11-16 18:38:31.444041,425,83,medium
2023-11-16 18:38:31.751450,2000,63,long
2023-11-16 18:38:31.755589,1313,158,long
2023-11-16 18:38:31.769728,373,74,medium
2023-11-16 18:38:31.940573,1094,411,long
2023-11-16 18:38:32.182755,386,48,medium
2023-11-16 18:38:32.277081,4090,131,long
2023-11-16 18:38:32.638248,1190,453,long
2023-11-16 18:38:32.692983,1099,427,long
2023-11-16 18:38:32.810721,382,68,medium
2023-11-16 18:38:32.994883,120,11,short
2023-11-16 18:38:33.373507,1013,375,long
2023-11-16 18:38:33.671400,1000,375,long
2023-11-16 18:38:33.721586,4077,98,long
2023-11-16 18:38:34.031978,404,84,medium
2023-11-16 18:38:34.157780,659,47,long
2023-11-16 18:38:34.216298,423,97,medium
2023-11-16 18:38:34.488286,1704,101,long
2023-11-16 18:38:34.754447,405,96,medium
2023-11-16 18:38:34.855511,4079,29,long
2023-11-16 18:38:35.115923,2871,103,long
2023-11-16 18:38:35.185702,412,95,medium
2023-11-16 18:38:35.488587,1064,384,long
2023-11-16 18:38:35.680824,993,427,long
2023-11-16 18:38:35.816733,2410,99,long
2023-11-16 18:38:35.987031,918,393,long
2023-11-16 18:38:36.091036,412,94,medium
2023-11-16 18:38:36.138887,203,217,medium
2023-11-16 18:38:36.202182,393,98,medium
2023-11-16 18:38:36.242535,1114,396,long
2023-11-16 18:38:36.252824,1161,409,long
2023-11-16 18:38:36.287791,406,90,medium
2023-11-16 18:38:36.510136,1958,72,long
2023-11-16 18:38:36.514822,1043,419,long
2023-11-16 18:38:36.780141,237,14,medium
2023-11-16 18:38:36.985781,1557,56,long
2023-11-16 18:38:37.266588,1062,44,long
2023-11-16 18:38:37.329318,1082,506,long
2023-11-16 18:38:37.630944,372,47,medium
2023-11-16 18:38:37.698091,382,80,medium
2023-11-16 18:38:37.698611,371,76,medium
2023-11-16 18:38:37.740504,1097,397,long
2023-11-16 18:38:37.744493,1054,394,long
2023-11-16 18:38:37.789942,485,91,medium
2023-11-16 18:38:37.821366,39,132,short
2023-11-16 18:38:37.983335,371,93,medium
2023-11-16 18:38:38.129134,401,88,medium
2023-11-16 18:38:38.179102,4085,42,long
2023-11-16 18:38:38.268471,1060,56,long
2023-11-16 18:38:38.628067,165,217,medium
2023-11-16 18:38:38.666414,374,63,medium
2023-11-16 18:38:38.694990,4071,45,long
2023-11-16 18:38:38.753763,397,126,medium
2023-11-16 18:38:39.003564,1300,373,long
2023-11-16 18:38:39.061424,1043,422,long
2023-11-16 18:38:39.093356,1130,80,long
2023-11-16 18:38:39.202211,1079,426,long
2023-11-16 18:38:39.211843,4089,64,long
2023-11-16 18:38:39.264805,7650,102,long
2023-11-16 18:38:39.306171,2594,111,long
2023-11-16 18:38:39.435825,1430,52,long
2023-11-16 18:38:39.447142,4076,31,long
2023-11-16 18:38:39.458070,2277,107,long
2023-11-16 18:38:39.458178,401,109,medium
2023-11-16 18:38:39.625951,1008,400,long
2023-11-16 18:38:39.835635,659,47,long
2023-11-16 18:38:39.951060,417,139,medium
2023-11-16 18:38:39.999819,1101,391,long
2023-11-16 18:38:40.057506,4079,38,long
2023-11-16 18:38:40.081896,1102,418,long
2023-11-16 18:38:40.236658,1034,425,long
2023-11-16 18:38:40.341421,4076,60,long
2023-11-16 18:38:40.341428,381,71,medium
2023-11-16 18:38:40.394836,408,98,medium
2023-11-16 18:38:40.614500,1082,386,long
2023-11-16 18:38:41.002477,401,90,medium
2023-11-16 18:38:41.185718,398,108,medium
2023-11-16 18:38:41.658245,411,88,medium
2023-11-16 18:38:41.684179,181,121,medium
2023-11-16 18:38:41.881280,1017,405,long
2023-11-16 18:38:41.908408,389,88,medium
2023-11-16 18:38:42.032935,395,111,medium
2023-11-16 18:38:42.085477,994,433,long
2023-11-16 18:38:42.129517,2319,72,long
2023-11-16 18:38:42.165859,4122,52,long
2023-11-16 18:38:42.530243,1040,400,long
2023-11-16 18:38:42.531184,1041,391,long
2023-11-16 18:38:42.837840,1112,94,long
2023-11-16 18:38:42.839974,397,122,medium
2023-11-16 18:38:43.289270,237,14,medium
2023-11-16 18:38:43.300925,1019,386,long
2023-11-16 18:38:43.534023,408,97,medium
2023-11-16 18:38:43.666770,4095,56,long
2023-11-16 18:38:43.700910,1238,400,long
2023-11-16 18:38:43.822337,2496,49,long
2023-11-16 18:38:44.065591,379,81,medium
2023-11-16 18:38:44.110494,4088,70,long
2023-11-16 18:38:44.211512,388,101,medium
2023-11-16 18:38:44.568452,1318,242,long
2023-11-16 18:38:44.916527,993,401,long
2023-11-16 18:38:45.046953,988,417,long
2023-11-16 18:38:45.319766,2050,36,long
2023-11-16 18:38:45.635076,448,86,medium
2023-11-16 18:38:45.636585,2055,84,long
2023-11-16 18:38:45.652163,392,42,medium
2023-11-16 18:38:45.767348,369,60,medium
2023-11-16 18:38:45.996218,1040,35,long
2023-11-16 18:38:46.029822,401,97,medium
2023-11-16 18:38:46.037959,424,200,medium
2023-11-16 18:38:46.061446,1018,375,long
2023-11-16 18:38:46.297459,13,124,short
2023-11-16 18:38:46.371783,1313,210,long
2023-11-16 18:38:46.631814,394,139,medium
2023-11-16 18:38:46.857465,1673,83,long
2023-11-16 18:38:46.906005,4078,46,long
2023-11-16 18:38:47.279732,1001,432,long
2023-11-16 18:38:47.341937,1084,396,long
2023-11-16 18:38:47.452999,1170,43,long
2023-11-16 18:38:47.704317,390,89,medium
2023-11-16 18:38:47.737409,1046,429,long
2023-11-16 18:38:47.742627,4085,36,long
2023-11-16 18:38:47.778828,4075,49,long
2023-11-16 18:38:47.941934,4074,55,long
2023-11-16 18:38:48.003774,386,77,medium
2023-11-16 18:38:48.075151,1087,429,long
2023-11-16 18:38:48.099335,1042,568,long
2023-11-16 18:38:48.176873,375,107,medium
2023-11-16 18:38:48.362910,4143,74,long
2023-11-16 18:38:48.714146,4105,132,long
2023-11-16 18:38:48.763809,390,94,medium
2023-11-16 18:38:48.862573,430,95,medium
2023-11-16 18:38:49.117303,400,127,medium
2023-11-16 18:38:49.333770,385,75,medium
2023-11-16 18:38:49.512414,1342,58,long
2023-11-16 18:38:49.616000,4085,52,long
2023-11-16 18:38:49.705873,1047,443,long
2023-11-16 18:38:49.840867,410,118,medium
2023-11-16 18:38:50.667100,1101,385,long
2023-11-16 18:38:50.977618,1741,73,long
2023-11-16 18:38:51.189815,397,111,medium
2023-11-16 18:38:51.258726,398,93,medium
2023-11-16 18:38:51.325324,1458,59,long
2023-11-16 18:38:51.390360,2613,85,long
2023-11-16 18:38:51.482313,412,81,medium
2023-11-16 18:38:51.510339,1988,86,long
2023-11-16 18:38:51.692402,375,96,medium
2023-11-16 18:38:51.812176,448,95,medium
2023-11-16 18:38:51.856423,4081,30,long
2023-11-16 18:38:52.019902,304,18,medium
2023-11-16 18:38:52.432736,1321,234,long
2023-11-16 18:38:52.586812,1311,219,long
2023-11-16 18:38:52.911206,1185,523,long
2023-11-16 18:38:53.321520,387,74,medium
2023-11-16 18:38:53.470513,3145,25,long
2023-11-16 18:38:53.833182,4096,54,long
2023-11-16 18:38:53.890156,1064,429,long
2023-11-16 18:38:54.059121,1024,77,long
2023-11-16 18:38:54.249840,4075,38,long
2023-11-16 18:38:54.451625,1117,390,long
2023-11-16 18:38:54.552012,445,90,medium
2023-11-16 18:38:54.913239,394,86,medium
2023-11-16 18:38:54.921611,1013,477,long
2023-11-16 18:38:54.923478,4090,97,long
2023-11-16 18:38:54.923811,1999,63,long
2023-11-16 18:38:55.005684,385,74,medium
2023-11-16 18:38:55.659733,1421,75,long
2023-11-16 18:38:55.758763,1313,200,long
2023-11-16 18:38:56.560354,4082,104,long
2023-11-16 18:38:56.580292,4080,38,long
2023-11-16 18:38:56.601111,979,396,long
2023-11-16 18:38:56.698031,4079,37,long
2023-11-16 18:38:56.912949,382,83,medium
2023-11-16 18:38:56.956138,4091,33,long
2023-11-16 18:38:57.056030,411,120,medium
2023-11-16 18:38:57.379581,1137,383,long
2023-11-16 18:38:57.400452,1057,434,long
2023-11-16 18:38:57.485751,440,95,medium
2023-11-16 18:38:57.556386,404,115,medium
2023-11-16 18:38:57.692548,4093,59,long
2023-11-16 18:38:57.710745,997,517,long
2023-11-16 18:38:57.732384,203,162,medium
2023-11-16 18:38:57.838253,422,139,medium
2023-11-16 18:38:58.093293,410,86,medium
2023-11-16 18:38:58.229841,1328,60,long
2023-11-16 18:38:58.313235,1159,414,long
2023-11-16 18:38:58.316894,1196,418,long
2023-11-16 18:38:58.556857,1017,405,long
2023-11-16 18:38:58.703072,310,18,medium
2023-11-16 18:38:58.962646,4089,57,long
2023-11-16 18:38:58.989351,1008,414,long
2023-11-16 18:38:59.160933,4082,98,long
2023-11-16 18:38:59.188526,1039,397,long
2023-11-16 18:38:59.501310,4077,51,long
2023-11-16 18:38:59.524598,379,68,medium
2023-11-16 18:38:59.670216,1436,50,long
2023-11-16 18:38:59.756133,1021,391,long
2023-11-16 18:38:59.815169,1009,442,long
2023-11-16 18:38:59.911019,4088,218,long
2023-11-16 18:39:00.048634,383,91,medium
2023-11-16 18:39:00.146014,984,396,long
2023-11-16 18:39:00.370995,1046,429,long
2023-11-16 18:39:00.418869,383,67,medium
2023-11-16 18:39:00.441865,1054,399,long
2023-11-16 18:39:00.673530,386,74,medium
2023-11-16 18:39:00.774868,4084,61,long
2023-11-16 18:39:00.960556,390,95,medium
2023-11-16 18:39:00.985913,381,51,medium
2023-11-16 18:39:01.127437,4076,35,long
2023-11-16 18:39:01.153885,419,97,medium
2023-11-16 18:39:01.180962,1495,124,long
2023-11-16 18:39:01.359666,161,223,medium
2023-11-16 18:39:01.507787,434,82,medium
2023-11-16 18:39:01.694028,2584,163,long
2023-11-16 18:39:01.973654,4082,154,long
2023-11-16 18:39:02.063456,399,109,medium
2023-11-16 18:39:02.184762,411,100,medium
2023-11-16 18:39:02.221241,1079,391,long
2023-11-16 18:39:02.227725,1000,544,long
2023-11-16 18:39:02.314607,1177,413,long
2023-11-16 18:39:02.387337,1064,383,long
2023-11-16 18:39:02.441910,388,103,medium
2023-11-16 18:39:02.468149,2467,69,long
2023-11-16 18:39:02.535182,181,130,medium
2023-11-16 18:39:02.669788,1031,600,long
2023-11-16 18:39:03.062662,1194,598,long
2023-11-16 18:39:03.261753,307,18,medium
2023-11-16 18:39:03.346488,4086,59,long
2023-11-16 18:39:03.705495,1285,95,long
2023-11-16 18:39:03.724880,1019,396,long
2023-11-16 18:39:03.732438,402,99,medium
2023-11-16 18:39:03.744729,3102,77,long
2023-11-16 18:39:04.004629,1054,393,long
2023-11-16 18:39:04.121630,1097,427,long
2023-11-16 18:39:04.221841,1160,74,long
2023-11-16 18:39:04.326216,4086,53,long
2023-11-16 18:39:05.081680,1020,405,long
2023-11-16 18:39:05.228808,1116,436,long
2023-11-16 18:39:05.334173,1008,414,long
2023-11-16 18:39:05.405349,2584,137,long
2023-11-16 18:39:05.472195,399,89,medium
2023-11-16 18:39:05.477509,1319,129,long
2023-11-16 18:39:05.509137,397,105,medium
2023-11-16 18:39:05.624708,1081,385,long
2023-11-16 18:39:05.629459,4072,37,long
2023-11-16 18:39:05.668306,4087,28,long
2023-11-16 18:39:05.748178,1315,205,long
2023-11-16 18:39:05.992736,1313,142,long
2023-11-16 18:39:06.261605,2584,143,long
2023-11-16 18:39:06.364183,4108,47,long
2023-11-16 18:39:06.369381,163,205,medium
2023-11-16 18:39:06.465162,1064,96,long
2023-11-16 18:39:06.485524,165,173,medium
2023-11-16 18:39:06.697105,4075,31,long
2023-11-16 18:39:06.701538,996,418,long
2023-11-16 18:39:07.356576,4088,33,long
2023-11-16 18:39:07.604647,1002,391,long
2023-11-16 18:39:07.608915,1019,408,long
2023-11-16 18:39:07.839753,1100,128,long
2023-11-16 18:39:07.980472,4076,48,long
2023-11-16 18:39:08.036712,408,80,medium
2023-11-16 18:39:08.170231,405,85,medium
2023-11-16 18:39:08.336705,1047,383,long
2023-11-16 18:39:08.716379,1111,391,long
2023-11-16 18:39:08.727350,1447,84,long
2023-11-16 18:39:08.814097,4078,75,long
2023-11-16 18:39:09.106922,4109,63,long
2023-11-16 18:39:09.156554,372,45,medium
2023-11-16 18:39:09.408772,372,65,medium
2023-11-16 18:39:09.475818,1196,378,long
2023-11-16 18:39:09.729845,377,52,medium
2023-11-16 18:39:09.805188,4085,27,long
2023-11-16 18:39:09.838879,4110,77,long
2023-11-16 18:39:09.878607,431,87,medium
2023-11-16 18:39:10.039733,408,106,medium
2023-11-16 18:39:10.149739,1041,390,long
2023-11-16 18:39:10.150382,448,121,medium
2023-11-16 18:39:10.244910,387,84,medium
2023-11-16 18:39:10.356150,977,540,long
2023-11-16 18:39:10.507934,1354,155,long
2023-11-16 18:39:10.509101,417,108,medium
2023-11-16 18:39:10.701143,212,217,medium
2023-11-16 18:39:10.784615,405,149,medium
2023-11-16 18:39:11.246314,1059,373,long
2023-11-16 18:39:11.266978,407,73,medium
2023-11-16 18:39:11.278455,393,100,medium
2023-11-16 18:39:11.301723,1724,107,long
2023-11-16 18:39:11.476010,1109,435,long
2023-11-16 18:39:11.493264,8,188,short
2023-11-16 18:39:11.874443,4081,49,long
2023-11-16 18:39:12.106725,426,108,medium
2023-11-16 18:39:12.414080,4084,57,long
2023-11-16 18:39:12.892271,394,92,medium
2023-11-16 18:39:13.042030,4094,72,long
2023-11-16 18:39:13.234827,4093,62,long
2023-11-16 18:39:13.430017,406,96,medium
2023-11-16 18:39:13.859028,1101,385,long
2023-11-16 18:39:13.950784,2501,66,long
2023-11-16 18:39:14.042288,2238,81,long
2023-11-16 18:39:14.220005,388,100,medium
2023-11-16 18:39:14.342444,390,95,medium
2023-11-16 18:39:14.384302,1959,31,long
2023-11-16 18:39:14.406353,1662,93,long
2023-11-16 18:39:14.587714,4111,66,long
2023-11-16 18:39:14.622932,1025,431,long
2023-11-16 18:39:14.641183,396,138,medium
2023-11-16 18:39:14.653535,1040,433,long
2023-11-16 18:39:14.769739,420,107,medium
2023-11-16 18:39:14.935163,2343,43,long
2023-11-16 18:39:15.307806,120,12,short
2023-11-16 18:39:15.362796,391,98,medium
2023-11-16 18:39:15.568522,1027,56,long
2023-11-16 18:39:15.759522,404,105,medium
2023-11-16 18:39:15.883099,788,52,long
2023-11-16 18:39:16.111579,1971,109,long
2023-11-16 18:39:16.251509,402,95,medium
2023-11-16 18:39:16.591248,977,396,long
2023-11-16 18:39:16.746644,379,83,medium
2023-11-16 18:39:17.026809,1316,144,long
2023-11-16 18:39:17.401776,372,60,medium
2023-11-16 18:39:17.538455,401,100,medium
2023-11-16 18:39:17.711625,402,101,medium
2023-11-16 18:39:17.757901,299,18,medium
2023-11-16 18:39:17.787346,410,128,medium
2023-11-16 18:39:18.044296,1073,623,long
2023-11-16 18:39:18.056792,1037,430,long
2023-11-16 18:39:18.254617,2647,85,long
2023-11-16 18:39:18.273845,379,48,medium
2023-11-16 18:39:18.280928,1048,414,long
2023-11-16 18:39:18.510221,370,61,medium
2023-11-16 18:39:18.576778,403,108,medium
2023-11-16 18:39:18.597657,377,91,medium
2023-11-16 18:39:19.145974,873,87,long
2023-11-16 18:39:19.181459,382,72,medium
2023-11-16 18:39:19.203693,1645,41,long
2023-11-16 18:39:19.403936,4074,52,long
2023-11-16 18:39:20.133864,411,25,medium
2023-11-16 18:39:20.275203,1380,88,long
2023-11-16 18:39:20.335108,1077,375,long
2023-11-16 18:39:20.594982,181,108,medium
2023-11-16 18:39:20.631130,319,18,medium
2023-11-16 18:39:20.649093,1016,442,long
2023-11-16 18:39:20.702090,405,106,medium
2023-11-16 18:39:20.709106,4082,37,long
2023-11-16 18:39:20.770052,1001,372,long
2023-11-16 18:39:21.169965,4071,84,long
2023-11-16 18:39:21.306793,402,96,medium
2023-11-16 18:39:21.368383,988,383,long
2023-11-16 18:39:21.471907,1399,79,long
2023-11-16 18:39:21.728270,4088,27,long
2023-11-16 18:39:21.787283,1080,81,long
2023-11-16 18:39:21.832915,1566,57,long
2023-11-16 18:39:21.890508,314,436,medium
2023-11-16 18:39:22.043800,421,109,medium
2023-11-16 18:39:22.274344,1094,411,long
2023-11-16 18:39:22.298035,1698,50,long
2023-11-16 18:39:22.419333,27,129,short
2023-11-16 18:39:22.701172,1193,401,long
2023-11-16 18:39:22.845718,1005,420,long
2023-11-16 18:39:22.865428,2369,28,long
2023-11-16 18:39:23.109216,404,91,medium
2023-11-16 18:39:23.177421,371,84,medium
2023-11-16 18:39:23.181205,374,64,medium
2023-11-16 18:39:23.460846,895,83,long
2023-11-16 18:39:23.462445,4116,70,long
2023-11-16 18:39:23.765244,402,73,medium
2023-11-16 18:39:23.882452,1087,403,long
2023-11-16 18:39:23.944509,406,141,medium
2023-11-16 18:39:23.992871,383,63,medium
2023-11-16 18:39:24.273949,1627,78,long
2023-11-16 18:39:24.302944,4074,38,long
2023-11-16 18:39:24.361933,1117,401,long
2023-11-16 18:39:24.738163,412,102,medium
2023-11-16 18:39:24.920954,237,14,medium
2023-11-16 18:39:25.076023,417,83,medium
2023-11-16 18:39:25.135653,394,94,medium
2023-11-16 18:39:25.400805,404,139,medium
2023-11-16 18:39:25.431155,4082,39,long
2023-11-16 18:39:25.454705,994,427,long
2023-11-16 18:39:25.643466,413,91,medium
2023-11-16 18:39:25.699007,1087,372,long
2023-11-16 18:39:25.723035,1032,395,long
2023-11-16 18:39:25.751992,1020,461,long
2023-11-16 18:39:25.997286,4077,82,long
2023-11-16 18:39:26.181694,392,96,medium
2023-11-16 18:39:26.538867,4074,41,long
2023-11-16 18:39:26.538940,1662,92,long
2023-11-16 18:39:26.755384,401,85,medium
2023-11-16 18:39:26.818884,400,91,medium
2023-11-16 18:39:26.819298,1048,401,long
2023-11-16 18:39:27.326771,371,81,medium
2023-11-16 18:39:28.029970,1009,402,long
2023-11-16 18:39:28.132312,402,81,medium
2023-11-16 18:39:28.153806,1425,55,long
2023-11-16 18:39:28.361771,380,28,medium
2023-11-16 18:39:28.570651,1068,395,long
2023-11-16 18:39:28.623322,1038,401,long
2023-11-16 18:39:28.824523,409,96,medium
2023-11-16 18:39:29.137888,4086,134,long
2023-11-16 18:39:29.255288,3216,92,long
2023-11-16 18:39:29.394065,4089,35,long
2023-11-16 18:39:29.434825,931,46,long
2023-11-16 18:39:29.550885,203,162,medium
2023-11-16 18:39:30.130939,415,123,medium
2023-11-16 18:39:30.266556,1083,379,long
2023-11-16 18:39:30.267460,414,103,medium
2023-11-16 18:39:30.296237,1504,83,long
2023-11-16 18:39:30.325129,1038,431,long
2023-11-16 18:39:30.478463,1992,50,long
2023-11-16 18:39:30.510978,385,51,medium
2023-11-16 18:39:30.564909,1256,48,long
2023-11-16 18:39:30.613740,396,99,medium
2023-11-16 18:39:30.769711,396,113,medium
2023-11-16 18:39:31.112988,1050,440,long
2023-11-16 18:39:31.140376,396,108,medium
2023-11-16 18:39:31.150310,401,97,medium
2023-11-16 18:39:31.166022,4135,35,long
2023-11-16 18:39:31.485828,4082,43,long
2023-11-16 18:39:31.601664,1073,396,long
2023-11-16 18:39:31.618099,374,69,medium
2023-11-16 18:39:31.766993,1101,666,long
2023-11-16 18:39:31.778435,412,138,medium
2023-11-16 18:39:31.806319,393,102,medium
2023-11-16 18:39:31.870080,1011,384,long
2023-11-16 18:39:31.876268,1056,366,long
2023-11-16 18:39:32.026956,1064,433,long
2023-11-16 18:39:32.063630,1191,74,long
2023-11-16 18:39:32.154685,383,63,medium
2023-11-16 18:39:32.387137,368,48,medium
2023-11-16 18:39:32.420151,1315,230,long
2023-11-16 18:39:32.524308,1043,421,long
2023-11-16 18:39:32.672797,1204,72,long
2023-11-16 18:39:32.861155,988,395,long
2023-11-16 18:39:32.936331,978,80,long
2023-11-16 18:39:32.971699,4080,68,long
2023-11-16 18:39:33.277054,1048,395,long
2023-11-16 18:39:33.575740,4082,27,long
2023-11-16 18:39:33.651583,441,81,medium
2023-11-16 18:39:33.706342,4078,39,long
2023-11-16 18:39:33.738237,1101,449,long
2023-11-16 18:39:33.751938,1058,394,long
2023-11-16 18:39:33.938844,389,87,medium
2023-11-16 18:39:34.162851,381,75,medium
2023-11-16 18:39:34.201566,181,142,medium
2023-11-16 18:39:34.234484,1046,407,long
2023-11-16 18:39:34.300827,1081,385,long
2023-11-16 18:39:34.303671,403,90,medium
2023-11-16 18:39:34.775521,221,223,medium
2023-11-16 18:39:34.777306,427,90,medium
2023-11-16 18:39:34.831257,4079,27,long
2023-11-16 18:39:35.124726,373,53,medium
2023-11-16 18:39:35.146829,1035,397,long
2023-11-16 18:39:35.266492,378,83,medium
2023-11-16 18:39:36.223763,123,152,short
2023-11-16 18:39:36.236393,2013,67,long
2023-11-16 18:39:36.236399,379,95,medium
2023-11-16 18:39:36.356358,396,164,medium
2023-11-16 18:39:36.397438,181,86,medium
2023-11-16 18:39:36.457565,4084,25,long
2023-11-16 18:39:36.566963,376,66,medium
2023-11-16 18:39:36.753567,4079,100,long
2023-11-16 18:39:36.831674,4092,71,long
2023-11-16 18:39:37.066763,432,63,medium
2023-11-16 18:39:37.543215,1048,414,long
2023-11-16 18:39:38.000029,2517,109,long
2023-11-16 18:39:38.169829,890,32,long
2023-11-16 18:39:38.236649,400,101,medium
2023-11-16 18:39:38.411999,402,200,medium
2023-11-16 18:39:38.449810,398,134,medium
2023-11-16 18:39:38.615745,391,118,medium
2023-11-16 18:39:38.716323,402,82,medium
2023-11-16 18:39:38.950992,397,112,medium
2023-11-16 18:39:39.327058,4102,61,long
2023-11-16 18:39:39.726030,393,99,medium
2023-11-16 18:39:40.228244,408,91,medium
2023-11-16 18:39:40.327589,403,140,medium
2023-11-16 18:39:40.373057,1031,426,long
2023-11-16 18:39:41.233069,2738,63,long
2023-11-16 18:39:41.301308,1313,198,long
2023-11-16 18:39:41.591035,1004,374,long
2023-11-16 18:39:41.891249,4091,79,long
2023-11-16 18:39:42.558264,406,93,medium
2023-11-16 18:39:42.564234,4072,42,long
2023-11-16 18:39:42.583940,1106,530,long
2023-11-16 18:39:42.760913,4081,33,long
2023-11-16 18:39:42.847972,1425,100,long
2023-11-16 18:39:42.997411,395,100,medium
2023-11-16 18:39:43.008700,394,97,medium
2023-11-16 18:39:43.102125,27,219,short
2023-11-16 18:39:43.140709,391,111,medium
2023-11-16 18:39:43.425098,431,107,medium
2023-11-16 18:39:43.431900,1475,84,long
2023-11-16 18:39:43.436380,4081,79,long
2023-11-16 18:39:43.475064,414,105,medium
2023-11-16 18:39:43.898596,876,85,long
2023-11-16 18:39:43.926325,4072,56,long
2023-11-16 18:39:43.987865,4081,72,long
2023-11-16 18:39:44.216233,1663,71,long
2023-11-16 18:39:44.295178,4086,80,long
2023-11-16 18:39:44.535863,407,75,medium
2023-11-16 18:39:44.710342,2561,81,long
2023-11-16 18:39:44.733384,1315,203,long
2023-11-16 18:39:44.783524,412,117,medium
2023-11-16 18:39:44.838591,1044,374,long
2023-11-16 18:39:44.873530,384,103,medium
2023-11-16 18:39:45.070061,415,108,medium
2023-11-16 18:39:45.190734,394,90,medium
2023-11-16 18:39:45.580982,1086,95,long
2023-11-16 18:39:46.329699,1044,378,long
2023-11-16 18:39:46.625479,390,88,medium
2023-11-16 18:39:46.805442,390,61,medium
2023-11-16 18:39:47.075801,237,14,medium
2023-11-16 18:39:47.225684,1230,52,long
2023-11-16 18:39:47.292435,1062,51,long
2023-11-16 18:39:47.318082,2584,153,long
2023-11-16 18:39:47.356298,454,122,medium
2023-11-16 18:39:47.636665,1060,398,long
2023-11-16 18:39:47.717281,479,75,medium
2023-11-16 18:39:47.803590,2399,59,long
2023-11-16 18:39:47.991821,1045,418,long
2023-11-16 18:39:47.992876,399,80,medium
2023-11-16 18:39:48.223963,963,406,long
2023-11-16 18:39:48.394312,432,88,medium
2023-11-16 18:39:49.085478,395,106,medium
2023-11-16 18:39:49.446544,390,72,medium
2023-11-16 18:39:49.675672,1164,437,long
2023-11-16 18:39:49.889352,2613,85,long
2023-11-16 18:39:49.975818,242,14,medium
2023-11-16 18:39:50.043172,4134,49,long
2023-11-16 18:39:50.337192,389,89,medium
2023-11-16 18:39:50.360002,435,106,medium
2023-11-16 18:39:50.408484,1101,40,long
2023-11-16 18:39:50.468103,383,63,medium
2023-11-16 18:39:50.494173,1095,429,long
2023-11-16 18:39:50.531230,379,58,medium
2023-11-16 18:39:50.553331,4085,76,long
2023-11-16 18:39:50.905673,1188,48,long
2023-11-16 18:39:51.049962,988,395,long
2023-11-16 18:39:51.230509,1940,42,long
2023-11-16 18:39:51.268165,1076,434,long
2023-11-16 18:39:51.367817,412,102,medium
2023-11-16 18:39:51.405926,1109,410,long
2023-11-16 18:39:51.456623,4083,111,long
2023-11-16 18:39:51.544047,307,312,medium
2023-11-16 18:39:51.766407,983,546,long
2023-11-16 18:39:52.564731,386,86,medium
2023-11-16 18:39:52.881003,1054,414,long
2023-11-16 18:39:53.279042,1112,463,long
2023-11-16 18:39:53.288419,1013,375,long
2023-11-16 18:39:53.323878,1110,405,long
2023-11-16 18:39:53.469117,181,1000,medium
2023-11-16 18:39:54.061245,1091,410,long
2023-11-16 18:39:54.069305,405,160,medium
2023-11-16 18:39:54.126855,1194,598,long
2023-11-16 18:39:54.149833,4079,60,long
2023-11-16 18:39:54.150878,407,87,medium
2023-11-16 18:39:54.241688,1106,530,long
2023-11-16 18:39:54.252865,407,95,medium
2023-11-16 18:39:54.430255,1069,421,long
2023-11-16 18:39:54.436815,1118,458,long
2023-11-16 18:39:54.602621,2409,82,long
2023-11-16 18:39:54.704943,398,96,medium
2023-11-16 18:39:55.059194,4096,55,long
2023-11-16 18:39:55.086176,399,132,medium
2023-11-16 18:39:55.253958,402,84,medium
2023-11-16 18:39:55.266833,983,482,long
2023-11-16 18:39:55.285422,4152,64,long
2023-11-16 18:39:55.598277,4075,39,long
2023-11-16 18:39:55.661416,398,96,medium
2023-11-16 18:39:56.079451,2810,102,long
2023-11-16 18:39:56.185996,402,107,medium
2023-11-16 18:39:56.204303,2099,58,long
2023-11-16 18:39:56.205878,378,53,medium
2023-11-16 18:39:56.206566,1208,66,long
2023-11-16 18:39:56.228388,1992,56,long
2023-11-16 18:39:56.373953,4088,84,long
2023-11-16 18:39:56.508161,929,141,long
2023-11-16 18:39:56.624056,429,104,medium
2023-11-16 18:39:57.181531,1120,571,long
2023-11-16 18:39:57.187399,1518,130,long
2023-11-16 18:39:57.381499,394,100,medium
2023-11-16 18:39:57.559213,165,217,medium
2023-11-16 18:39:57.712024,2432,53,long
2023-11-16 18:39:57.846615,391,101,medium
2023-11-16 18:39:57.922299,1112,401,long
2023-11-16 18:39:57.995658,1032,399,long
2023-11-16 18:39:58.003554,446,101,medium
2023-11-16 18:39:58.137938,401,147,medium
2023-11-16 18:39:58.157353,1084,403,long
2023-11-16 18:39:58.256737,405,95,medium
2023-11-16 18:39:58.257335,4085,83,long
2023-11-16 18:39:58.356198,408,103,medium
2023-11-16 18:39:58.356303,4086,78,long
2023-11-16 18:39:58.424758,388,64,medium
2023-11-16 18:39:58.487002,1606,107,long
2023-11-16 18:39:58.488996,4133,44,long
2023-11-16 18:39:58.635989,440,95,medium
2023-11-16 18:39:58.685380,402,108,medium
2023-11-16 18:39:58.996338,369,88,medium
2023-11-16 18:39:59.036363,383,83,medium
2023-11-16 18:39:59.112525,426,93,medium
2023-11-16 18:39:59.165664,1005,405,long
2023-11-16 18:39:59.439131,383,38,medium
2023-11-16 18:39:59.736906,181,221,medium
2023-11-16 18:39:59.948814,1313,161,long
2023-11-16 18:40:00.524625,1350,264,long
2023-11-16 18:40:00.785149,417,200,medium
2023-11-16 18:40:00.839756,379,63,medium
2023-11-16 18:40:01.074219,4095,55,long
2023-11-16 18:40:01.256949,1034,398,long
2023-11-16 18:40:01.271168,120,12,short
2023-11-16 18:40:01.357816,1872,62,long
2023-11-16 18:40:01.373352,4080,197,long
2023-11-16 18:40:01.826268,1055,411,long
2023-11-16 18:40:01.911269,4085,28,long
2023-11-16 18:40:01.975631,4086,52,long
2023-11-16 18:40:02.006952,1087,516,long
2023-11-16 18:40:02.131031,393,97,medium
2023-11-16 18:40:02.335753,416,122,medium
2023-11-16 18:40:02.455347,1002,413,long
2023-11-16 18:40:02.591337,378,66,medium
2023-11-16 18:40:02.665771,181,187,medium
2023-11-16 18:40:03.098667,4090,45,long
2023-11-16 18:40:03.395211,411,105,medium
2023-11-16 18:40:03.559103,1291,58,long
2023-11-16 18:40:03.646623,383,91,medium
2023-11-16 18:40:04.146464,404,89,medium
2023-11-16 18:40:04.220036,878,40,long
2023-11-16 18:40:04.415771,1055,424,long
2023-11-16 18:40:04.476902,2584,164,long
2023-11-16 18:40:04.641458,299,18,medium
2023-11-16 18:40:04.695185,1044,381,long
2023-11-16 18:40:04.836873,4078,33,long
2023-11-16 18:40:05.194690,1089,401,long
2023-11-16 18:40:05.388570,1051,399,long
2023-11-16 18:40:05.826234,1001,608,long
2023-11-16 18:40:06.076094,1173,378,long
2023-11-16 18:40:06.081852,423,96,medium
2023-11-16 18:40:06.202452,1113,375,long
2023-11-16 18:40:06.262450,4084,55,long
2023-11-16 18:40:06.727405,3718,115,long
2023-11-16 18:40:06.771114,417,81,medium
2023-11-16 18:40:06.988668,1034,398,long
2023-11-16 18:40:07.351387,1539,43,long
2023-11-16 18:40:07.615704,388,88,medium
2023-11-16 18:40:08.074096,1034,89,long
2023-11-16 18:40:08.328175,1434,86,long
2023-11-16 18:40:08.523046,419,92,medium
2023-11-16 18:40:08.668726,411,91,medium
2023-11-16 18:40:09.149338,400,125,medium
2023-11-16 18:40:09.239114,392,110,medium
2023-11-16 18:40:09.574941,382,76,medium
2023-11-16 18:40:09.611928,1496,50,long
2023-11-16 18:40:09.777100,4103,36,long
2023-11-16 18:40:09.959015,385,25,medium
2023-11-16 18:40:10.319006,399,92,medium
2023-11-16 18:40:10.491485,194,162,medium
2023-11-16 18:40:10.674228,410,96,medium
2023-11-16 18:40:10.681410,969,395,long
2023-11-16 18:40:10.900666,389,101,medium
2023-11-16 18:40:10.917098,1124,96,long
2023-11-16 18:40:11.012382,402,99,medium
2023-11-16 18:40:11.189301,398,96,medium
2023-11-16 18:40:11.193989,1352,149,long
2023-11-16 18:40:11.387300,4084,69,long
2023-11-16 18:40:11.439585,430,72,medium
2023-11-16 18:40:11.654504,1009,523,long
2023-11-16 18:40:11.710859,4104,35,long
2023-11-16 18:40:11.925835,4086,46,long
2023-11-16 18:40:12.053125,4080,54,long
2023-11-16 18:40:12.138896,385,68,medium
2023-11-16 18:40:12.384819,1087,373,long
2023-11-16 18:40:12.392016,4081,64,long
2023-11-16 18:40:12.433887,4088,44,long
2023-11-16 18:40:12.692588,373,92,medium
2023-11-16 18:40:12.732782,3246,130,long
2023-11-16 18:40:12.739953,1109,374,long
2023-11-16 18:40:12.954692,2728,118,long
2023-11-16 18:40:12.967835,381,76,medium
2023-11-16 18:40:13.086874,4076,52,long
2023-11-16 18:40:13.130136,414,93,medium
2023-11-16 18:40:13.149453,1391,52,long
2023-11-16 18:40:13.200494,375,53,medium
2023-11-16 18:40:13.225537,376,105,medium
2023-11-16 18:40:13.239865,206,217,medium
2023-11-16 18:40:13.404853,4084,53,long
2023-11-16 18:40:13.448571,4076,75,long
2023-11-16 18:40:13.608879,161,168,medium
2023-11-16 18:40:13.715893,383,57,medium
2023-11-16 18:40:13.844413,1055,378,long
2023-11-16 18:40:13.935816,11,167,short
2023-11-16 18:40:14.024551,1103,392,long
2023-11-16 18:40:14.035335,1056,429,long
2023-11-16 18:40:14.081035,1328,82,long
2023-11-16 18:40:14.134692,398,96,medium
2023-11-16 18:40:14.806541,436,91,medium
2023-11-16 18:40:15.133152,126,203,short
2023-11-16 18:40:15.149279,1047,414,long
2023-11-16 18:40:15.636438,402,82,medium
2023-11-16 18:40:15.680531,394,71,medium
2023-11-16 18:40:15.748383,2221,190,long
2023-11-16 18:40:16.434609,375,61,medium
2023-11-16 18:40:16.587937,1164,401,long
2023-11-16 18:40:16.808574,1004,403,long
2023-11-16 18:40:16.883227,1076,81,long
2023-11-16 18:40:16.937043,1115,104,long
2023-11-16 18:40:17.004913,1277,390,long
2023-11-16 18:40:17.342463,391,80,medium
2023-11-16 18:40:17.348779,400,134,medium
2023-11-16 18:40:17.521213,1076,389,long
2023-11-16 18:40:17.739682,1662,88,long
2023-11-16 18:40:17.867063,379,81,medium
2023-11-16 18:40:17.985645,410,97,medium
2023-11-16 18:40:17.998796,396,81,medium
2023-11-16 18:40:18.108918,4100,56,long
2023-11-16 18:40:18.536096,1614,104,long
2023-11-16 18:40:18.556757,375,87,medium
2023-11-16 18:40:18.577152,2217,90,long
2023-11-16 18:40:18.604003,410,126,medium
2023-11-16 18:40:18.604111,419,81,medium
2023-11-16 18:40:18.639669,1120,396,long
2023-11-16 18:40:18.761837,395,108,medium
2023-11-16 18:40:18.964715,1054,414,long
2023-11-16 18:40:19.048461,464,90,medium
2023-11-16 18:40:19.054464,1161,428,long
2023-11-16 18:40:19.191797,371,62,medium
2023-11-16 18:40:19.346112,209,217,medium
2023-11-16 18:40:19.473779,181,171,medium
2023-11-16 18:40:19.476521,394,80,medium
2023-11-16 18:40:19.533765,1142,396,long
2023-11-16 18:40:19.567545,1044,407,long
2023-11-16 18:40:19.684461,995,396,long
2023-11-16 18:40:19.705769,1054,414,long
2023-11-16 18:40:19.934188,394,100,medium
2023-11-16 18:40:20.103273,429,112,medium
2023-11-16 18:40:20.194766,394,97,medium
2023-11-16 18:40:20.333431,906,114,long
2023-11-16 18:40:20.392809,400,106,medium
2023-11-16 18:40:20.396486,4087,99,long
2023-11-16 18:40:20.594012,381,89,medium
2023-11-16 18:40:20.656921,1352,130,long
2023-11-16 18:40:20.697903,4185,64,long
2023-11-16 18:40:20.734238,397,89,medium
2023-11-16 18:40:20.801810,4095,179,long
2023-11-16 18:40:20.871985,402,98,medium
2023-11-16 18:40:20.877262,9,190,short
2023-11-16 18:40:21.190618,4078,193,long
2023-11-16 18:40:21.424533,1134,397,long
2023-11-16 18:40:21.453162,2878,111,long
2023-11-16 18:40:21.731813,372,82,medium
2023-11-16 18:40:22.164141,1141,375,long
2023-11-16 18:40:22.766382,1109,462,long
2023-11-16 18:40:22.931723,4076,59,long
2023-11-16 18:40:22.998158,394,94,medium
2023-11-16 18:40:23.192786,1095,398,long
2023-11-16 18:40:23.287870,1525,88,long
2023-11-16 18:40:23.376188,4076,29,long
2023-11-16 18:40:23.691241,2496,109,long
2023-11-16 18:40:23.707231,2565,89,long
2023-11-16 18:40:23.884611,1052,398,long
2023-11-16 18:40:24.013218,1313,204,long
2023-11-16 18:40:24.514380,409,94,medium
2023-11-16 18:40:25.127112,1156,405,long
2023-11-16 18:40:25.563641,378,51,medium
2023-11-16 18:40:25.857509,404,100,medium
2023-11-16 18:40:26.134894,1050,423,long
2023-11-16 18:40:26.991127,373,58,medium
2023-11-16 18:40:27.270712,492,98,medium
2023-11-16 18:40:27.391039,4081,54,long
2023-11-16 18:40:27.674595,382,75,medium
2023-11-16 18:40:27.770974,4089,48,long
2023-11-16 18:40:27.878912,120,12,short
2023-11-16 18:40:27.908977,4073,62,long
2023-11-16 18:40:28.182136,1314,142,long
2023-11-16 18:40:28.207005,200,204,medium
2023-11-16 18:40:28.625548,386,65,medium
2023-11-16 18:40:28.721820,1124,419,long
2023-11-16 18:40:29.477430,1187,438,long
2023-11-16 18:40:29.639235,1112,401,long
2023-11-16 18:40:30.227623,1045,418,long
2023-11-16 18:40:30.316668,1095,398,long
2023-11-16 18:40:30.320587,400,46,medium
2023-11-16 18:40:30.498877,398,141,medium
2023-11-16 18:40:30.759452,4081,53,long
2023-11-16 18:40:31.245129,420,57,medium
2023-11-16 18:40:31.281805,4106,48,long
2023-11-16 18:40:31.433887,1182,477,long
2023-11-16 18:40:31.831346,1625,50,long
2023-11-16 18:40:32.096136,1358,174,long
2023-11-16 18:40:32.153690,390,85,medium
2023-11-16 18:40:32.285328,2100,55,long
2023-11-16 18:40:32.404537,422,85,medium
2023-11-16 18:40:32.592934,406,76,medium
2023-11-16 18:40:32.679845,419,88,medium
2023-11-16 18:40:32.871953,402,65,medium
2023-11-16 18:40:32.947827,4080,43,long
2023-11-16 18:40:33.019783,433,101,medium
2023-11-16 18:40:33.047387,386,63,medium
2023-11-16 18:40:33.063181,390,104,medium
2023-11-16 18:40:33.282863,1115,404,long
2023-11-16 18:40:33.295042,203,217,medium
2023-11-16 18:40:33.307736,391,90,medium
2023-11-16 18:40:33.662796,2183,55,long
2023-11-16 18:40:33.724699,394,90,medium
2023-11-16 18:40:33.789111,429,89,medium
2023-11-16 18:40:33.880527,4077,48,long
2023-11-16 18:40:33.970661,1015,451,long
2023-11-16 18:40:34.017138,247,14,medium
2023-11-16 18:40:34.127230,2607,32,long
2023-11-16 18:40:34.175506,4089,49,long
2023-11-16 18:40:34.245980,1203,379,long
2023-11-16 18:40:34.420009,10,114,short
2023-11-16 18:40:34.488775,392,99,medium
2023-11-16 18:40:34.851037,1209,595,long
2023-11-16 18:40:34.997132,1186,643,long
2023-11-16 18:40:35.022872,880,413,long
2023-11-16 18:40:35.281992,2948,54,long
2023-11-16 18:40:35.420469,397,93,medium
2023-11-16 18:40:35.459605,429,95,medium
2023-11-16 18:40:35.727369,2282,67,long
2023-11-16 18:40:35.977460,1317,176,long
2023-11-16 18:40:36.061613,378,76,medium
2023-11-16 18:40:36.598708,397,83,medium
2023-11-16 18:40:36.743691,379,79,medium
2023-11-16 18:40:36.769067,4096,67,long
2023-11-16 18:40:36.859404,4096,31,long
2023-11-16 18:40:36.933519,1125,90,long
2023-11-16 18:40:36.938650,4092,38,long
2023-11-16 18:40:36.974890,2308,99,long
2023-11-16 18:40:37.085931,1034,440,long
2023-11-16 18:40:37.376411,404,91,medium
2023-11-16 18:40:37.384324,1051,399,long
2023-11-16 18:40:37.410089,389,76,medium
2023-11-16 18:40:37.758188,1995,56,long
2023-11-16 18:40:37.876152,1050,379,long
2023-11-16 18:40:37.885921,420,113,medium
2023-11-16 18:40:38.019222,401,91,medium
2023-11-16 18:40:38.194799,4072,117,long
2023-11-16 18:40:38.222344,2135,75,long
2023-11-16 18:40:38.355906,1185,74,long
2023-11-16 18:40:38.356033,4082,35,long
2023-11-16 18:40:38.458144,4082,168,long
2023-11-16 18:40:38.703814,396,88,medium
2023-11-16 18:40:38.736356,1044,393,long
2023-11-16 18:40:38.736814,394,109,medium
2023-11-16 18:40:38.827188,961,399,long
2023-11-16 18:40:38.948001,1044,483,long
2023-11-16 18:40:39.151628,4081,47,long
2023-11-16 18:40:39.199717,4088,142,long
2023-11-16 18:40:39.384501,237,14,medium
2023-11-16 18:40:39.702049,4095,42,long
2023-11-16 18:40:39.895749,2339,39,long
2023-11-16 18:40:40.082549,1035,386,long
2023-11-16 18:40:40.124628,411,105,medium
2023-11-16 18:40:40.170974,2142,33,long
2023-11-16 18:40:40.198425,1047,414,long
2023-11-16 18:40:40.364758,1103,371,long
2023-11-16 18:40:40.433786,389,46,medium
2023-11-16 18:40:40.518636,1165,442,long
2023-11-16 18:40:40.651611,418,86,medium
2023-11-16 18:40:40.667570,4089,44,long
2023-11-16 18:40:40.719505,409,135,medium
2023-11-16 18:40:40.987843,4098,38,long
2023-11-16 18:40:41.120884,4084,63,long
2023-11-16 18:40:41.535072,2168,66,long
2023-11-16 18:40:41.906842,181,134,medium
2023-11-16 18:40:41.922058,4092,27,long
2023-11-16 18:40:41.979808,4076,99,long
2023-11-16 18:40:42.080607,450,83,medium
2023-11-16 18:40:42.416973,4082,26,long
2023-11-16 18:40:42.459000,409,94,medium
2023-11-16 18:40:42.765772,1159,398,long
2023-11-16 18:40:42.864012,880,413,long
2023-11-16 18:40:43.040366,1114,579,long
2023-11-16 18:40:43.092066,4105,46,long
2023-11-16 18:40:43.172405,4139,69,long
2023-11-16 18:40:43.478728,1062,460,long
2023-11-16 18:40:43.722881,420,117,medium
2023-11-16 18:40:43.754023,393,68,medium
2023-11-16 18:40:43.840530,4076,34,long
2023-11-16 18:40:44.315598,400,125,medium
2023-11-16 18:40:44.360254,393,71,medium
2023-11-16 18:40:44.393931,407,126,medium
2023-11-16 18:40:44.566354,386,77,medium
2023-11-16 18:40:44.837444,2005,131,long
2023-11-16 18:40:45.113595,4097,38,long
2023-11-16 18:40:45.113987,181,104,medium
2023-11-16 18:40:45.482841,2356,85,long
2023-11-16 18:40:45.600837,1067,436,long
2023-11-16 18:40:45.656555,1085,540,long
2023-11-16 18:40:45.993904,403,65,medium
2023-11-16 18:40:46.089546,397,89,medium
2023-11-16 18:40:46.269874,2669,49,long
2023-11-16 18:40:46.270732,1243,373,long
2023-11-16 18:40:46.330418,181,157,medium
2023-11-16 18:40:46.494151,4158,80,long
2023-11-16 18:40:46.951312,408,94,medium
2023-11-16 18:40:47.020929,1171,414,long
2023-11-16 18:40:47.047461,375,82,medium
2023-11-16 18:40:47.236168,402,119,medium
2023-11-16 18:40:47.508828,402,98,medium
2023-11-16 18:40:47.529275,4075,109,long
2023-11-16 18:40:47.593331,373,80,medium
2023-11-16 18:40:47.997796,403,103,medium
2023-11-16 18:40:48.052495,4161,53,long
2023-11-16 18:40:48.151553,411,163,medium
2023-11-16 18:40:48.161345,403,79,medium
2023-11-16 18:40:48.291920,374,75,medium
2023-11-16 18:40:48.368077,1881,115,long
2023-11-16 18:40:48.488342,4092,30,long
2023-11-16 18:40:48.593122,379,92,medium
2023-11-16 18:40:48.598039,373,58,medium
2023-11-16 18:40:48.734698,396,102,medium
2023-11-16 18:40:48.774167,390,78,medium
2023-11-16 18:40:48.911515,4080,73,long
2023-11-16 18:40:48.939682,1182,477,long
2023-11-16 18:40:48.985990,392,88,medium
2023-11-16 18:40:48.987706,4076,58,long
2023-11-16 18:40:49.126429,4153,206,long
2023-11-16 18:40:49.312816,3534,45,long
2023-11-16 18:40:49.839804,1315,184,long
2023-11-16 18:40:49.861828,411,100,medium
2023-11-16 18:40:49.912263,415,191,medium
2023-11-16 18:40:50.064627,379,105,medium
2023-11-16 18:40:50.110244,203,217,medium
2023-11-16 18:40:50.211365,1164,477,long
2023-11-16 18:40:50.272644,394,66,medium
2023-11-16 18:40:50.529364,4078,56,long
2023-11-16 18:40:50.587690,2605,57,long
2023-11-16 18:40:50.738347,413,93,medium
2023-11-16 18:40:51.075107,1194,428,long
2023-11-16 18:40:51.080435,392,85,medium
2023-11-16 18:40:51.139630,4115,65,long
2023-11-16 18:40:51.201724,2002,113,long
2023-11-16 18:40:51.273839,4073,27,long
2023-11-16 18:40:51.357892,961,433,long
2023-11-16 18:40:51.433468,1170,599,long
2023-11-16 18:40:51.453735,1067,427,long
2023-11-16 18:40:51.455370,4078,76,long
2023-11-16 18:40:51.497813,2615,80,long
2023-11-16 18:40:51.676222,1332,79,long
2023-11-16 18:40:51.742877,407,94,medium
2023-11-16 18:40:51.887285,1164,379,long
2023-11-16 18:40:51.991677,5244,47,long
2023-11-16 18:40:52.231249,1849,99,long
2023-11-16 18:40:52.316618,1976,67,long
2023-11-16 18:40:52.383816,1134,394,long
2023-11-16 18:40:52.396456,1352,180,long
2023-11-16 18:40:52.715282,459,98,medium
2023-11-16 18:40:52.816849,414,85,medium
2023-11-16 18:40:52.998448,1162,603,long
2023-11-16 18:40:53.017444,396,74,medium
2023-11-16 18:40:53.358377,374,72,medium
2023-11-16 18:40:53.400075,384,75,medium
2023-11-16 18:40:53.433445,4094,95,long
2023-11-16 18:40:53.451321,1166,598,long
2023-11-16 18:40:53.510359,1036,451,long
2023-11-16 18:40:53.614392,395,93,medium
2023-11-16 18:40:54.482178,4084,43,long
2023-11-16 18:40:54.609513,4076,50,long
2023-11-16 18:40:54.956612,4094,80,long
2023-11-16 18:40:55.074310,1114,516,long
2023-11-16 18:40:55.171106,1051,399,long
2023-11-16 18:40:55.245178,4088,49,long
2023-11-16 18:40:55.315105,457,112,medium
2023-11-16 18:40:55.455004,370,59,medium
2023-11-16 18:40:55.509188,194,217,medium
2023-11-16 18:40:55.580442,391,57,medium
2023-11-16 18:40:55.624393,1722,47,long
2023-11-16 18:40:55.653840,1142,396,long
2023-11-16 18:40:55.684190,421,70,medium
2023-11-16 18:40:55.789038,1165,386,long
2023-11-16 18:40:56.132057,375,76,medium
2023-11-16 18:40:56.457384,432,90,medium
2023-11-16 18:40:56.465028,379,83,medium
2023-11-16 18:40:56.618121,4124,51,long
2023-11-16 18:40:56.619650,401,75,medium
2023-11-16 18:40:56.632328,1457,103,long
2023-11-16 18:40:56.783027,304,18,medium
2023-11-16 18:40:56.995993,442,90,medium
2023-11-16 18:40:57.012876,1314,174,long
2023-11-16 18:40:57.013180,406,98,medium
2023-11-16 18:40:57.076762,1277,188,long
2023-11-16 18:40:57.079219,422,112,medium
2023-11-16 18:40:57.341362,1135,439,long
2023-11-16 18:40:57.548729,1186,607,long
2023-11-16 18:40:57.694079,1505,80,long
2023-11-16 18:40:57.801258,4082,35,long
2023-11-16 18:40:58.092326,181,136,medium
2023-11-16 18:40:58.346472,386,68,medium
2023-11-16 18:40:58.355600,1773,70,long
2023-11-16 18:40:58.609657,1159,398,long
2023-11-16 18:40:58.963107,4084,30,long
2023-11-16 18:40:59.041737,394,104,medium
2023-11-16 18:40:59.528267,412,78,medium
2023-11-16 18:40:59.609940,4078,32,long
2023-11-16 18:40:59.680599,789,140,long
2023-11-16 18:40:59.860683,2551,47,long
2023-11-16 18:40:59.962333,1068,939,long
2023-11-16 18:41:00.021181,2819,34,long
2023-11-16 18:41:00.055946,1317,160,long
2023-11-16 18:41:00.300304,377,59,medium
2023-11-16 18:41:00.566590,1164,603,long
2023-11-16 18:41:00.836569,401,91,medium
2023-11-16 18:41:00.858997,375,58,medium
2023-11-16 18:41:00.863849,1055,462,long
2023-11-16 18:41:01.159611,456,125,medium
2023-11-16 18:41:01.233815,408,88,medium
2023-11-16 18:41:01.459398,2310,54,long
2023-11-16 18:41:01.616771,382,106,medium
2023-11-16 18:41:01.816612,4833,59,long
2023-11-16 18:41:01.955504,391,126,medium
2023-11-16 18:41:02.259997,1474,56,long
2023-11-16 18:41:02.371618,2396,81,long
2023-11-16 18:41:02.371744,377,77,medium
2023-11-16 18:41:02.373009,375,69,medium
2023-11-16 18:41:02.483593,181,86,medium
2023-11-16 18:41:02.501893,1193,419,long
2023-11-16 18:41:02.524999,4075,36,long
2023-11-16 18:41:02.576323,438,81,medium
2023-11-16 18:41:02.663335,4083,41,long
2023-11-16 18:41:03.090693,4094,46,long
2023-11-16 18:41:03.350764,399,125,medium
2023-11-16 18:41:03.464316,396,121,medium
2023-11-16 18:41:03.657612,380,59,medium
2023-11-16 18:41:03.657839,403,79,medium
2023-11-16 18:41:03.738434,456,97,medium
2023-11-16 18:41:04.178099,391,95,medium
2023-11-16 18:41:04.369391,2378,72,long
2023-11-16 18:41:04.433327,400,114,medium
2023-11-16 18:41:04.460803,398,87,medium
2023-11-16 18:41:04.562602,872,467,long
2023-11-16 18:41:04.630903,419,175,medium
2023-11-16 18:41:04.674911,389,64,medium
2023-11-16 18:41:04.751861,389,98,medium
2023-11-16 18:41:04.769665,389,153,medium
2023-11-16 18:41:04.811001,4086,49,long
2023-11-16 18:41:04.830608,376,87,medium
2023-11-16 18:41:04.957977,403,109,medium
2023-11-16 18:41:05.162518,2221,193,long
2023-11-16 18:41:05.237504,2822,58,long
2023-11-16 18:41:05.372192,462,87,medium
2023-11-16 18:41:05.608976,392,75,medium
2023-11-16 18:41:05.668153,2185,74,long
2023-11-16 18:41:05.931907,398,154,medium
2023-11-16 18:41:05.954401,4082,48,long
2023-11-16 18:41:06.028365,383,74,medium
2023-11-16 18:41:06.204814,212,162,medium
2023-11-16 18:41:06.511683,408,87,medium
2023-11-16 18:41:06.578045,381,98,medium
2023-11-16 18:41:06.621393,1171,598,long
2023-11-16 18:41:06.904876,4085,82,long
2023-11-16 18:41:06.952939,181,131,medium
2023-11-16 18:41:07.020706,1184,643,long
2023-11-16 18:41:07.169049,391,71,medium
2023-11-16 18:41:07.171874,330,18,medium
2023-11-16 18:41:07.259726,4079,92,long
2023-11-16 18:41:07.291938,394,113,medium
2023-11-16 18:41:07.314383,4079,130,long
2023-11-16 18:41:07.511243,407,94,medium
2023-11-16 18:41:07.681830,1315,149,long
2023-11-16 18:41:07.809237,408,89,medium
2023-11-16 18:41:07.982522,4074,43,long
2023-11-16 18:41:08.078952,1044,393,long
2023-11-16 18:41:08.101863,4083,136,long
2023-11-16 18:41:08.127311,1141,365,long
2023-11-16 18:41:08.550241,2481,27,long
2023-11-16 18:41:08.580601,985,431,long
2023-11-16 18:41:08.603100,409,110,medium
2023-11-16 18:41:08.664065,1053,388,long
2023-11-16 18:41:08.826155,1095,429,long
2023-11-16 18:41:08.912258,414,104,medium
2023-11-16 18:41:09.211526,1995,50,long
2023-11-16 18:41:09.527181,4072,37,long
2023-11-16 18:41:10.002601,2642,68,long
2023-11-16 18:41:10.627582,4075,48,long
2023-11-16 18:41:11.209420,880,395,long
2023-11-16 18:41:11.292153,398,154,medium
2023-11-16 18:41:11.386649,1992,50,long
2023-11-16 18:41:11.805807,417,132,medium
2023-11-16 18:41:12.052760,379,56,medium
2023-11-16 18:41:12.112051,1189,598,long
2023-11-16 18:41:12.235361,4069,48,long
2023-11-16 18:41:12.238289,1203,539,long
2023-11-16 18:41:12.366256,410,106,medium
2023-11-16 18:41:12.663770,4088,67,long
2023-11-16 18:41:12.866609,2681,54,long
2023-11-16 18:41:12.895367,422,96,medium
2023-11-16 18:41:13.023565,4098,40,long
2023-11-16 18:41:13.079333,1067,397,long
2023-11-16 18:41:13.295193,1834,43,long
2023-11-16 18:41:13.297842,4082,30,long
2023-11-16 18:41:13.481140,373,62,medium
2023-11-16 18:41:13.549158,1203,45,long
2023-11-16 18:41:13.628618,397,92,medium
2023-11-16 18:41:13.700427,379,53,medium
2023-11-16 18:41:13.740251,2002,77,long
2023-11-16 18:41:13.819583,384,80,medium
2023-11-16 18:41:13.836967,372,60,medium
2023-11-16 18:41:13.934303,4074,45,long
2023-11-16 18:41:13.993684,1135,370,long
2023-11-16 18:41:14.045818,1313,177,long
2023-11-16 18:41:14.171303,1313,191,long
2023-11-16 18:41:14.193351,181,244,medium
2023-11-16 18:41:14.546055,434,82,medium
2023-11-16 18:41:14.681751,415,88,medium
2023-11-16 18:41:15.052437,380,115,medium
2023-11-16 18:41:15.236821,1003,501,long
2023-11-16 18:41:15.319864,1076,414,long
2023-11-16 18:41:15.633535,4084,86,long
2023-11-16 18:41:15.652401,1135,409,long
2023-11-16 18:41:15.655350,366,92,medium
2023-11-16 18:41:15.942407,372,72,medium
2023-11-16 18:41:16.345457,408,115,medium
2023-11-16 18:41:16.482445,128,205,short
2023-11-16 18:41:16.529244,385,88,medium
2023-11-16 18:41:16.615485,4087,119,long
2023-11-16 18:41:16.663764,1049,534,long
2023-11-16 18:41:16.867492,1168,414,long
2023-11-16 18:41:17.030760,951,429,long
2023-11-16 18:41:17.110671,1134,394,long
2023-11-16 18:41:17.393268,1209,598,long
2023-11-16 18:41:17.402267,397,86,medium
2023-11-16 18:41:17.639164,181,109,medium
2023-11-16 18:41:18.274926,1234,421,long
2023-11-16 18:41:18.319829,1171,395,long
2023-11-16 18:41:18.401717,372,75,medium
2023-11-16 18:41:18.562475,935,85,long
2023-11-16 18:41:18.655585,1284,57,long
2023-11-16 18:41:18.946683,405,94,medium
2023-11-16 18:41:19.018669,401,107,medium
2023-11-16 18:41:19.103434,449,83,medium
2023-11-16 18:41:19.649413,421,99,medium
2023-11-16 18:41:19.666136,1888,92,long
2023-11-16 18:41:19.934427,418,108,medium
2023-11-16 18:41:19.962773,4076,246,long
2023-11-16 18:41:19.998131,1371,72,long
2023-11-16 18:41:20.127248,1577,79,long
2023-11-16 18:41:20.538030,396,89,medium
2023-11-16 18:41:20.636661,20,142,short
2023-11-16 18:41:20.713607,409,112,medium
2023-11-16 18:41:20.789005,1127,379,long
2023-11-16 18:41:20.881331,1053,427,long
2023-11-16 18:41:20.884295,1165,387,long
2023-11-16 18:41:21.124612,411,102,medium
2023-11-16 18:41:21.166005,957,411,long
2023-11-16 18:41:21.839111,396,132,medium
2023-11-16 18:41:21.941860,388,96,medium
2023-11-16 18:41:22.057401,4104,49,long
2023-11-16 18:41:22.148493,396,72,medium
2023-11-16 18:41:22.260831,4078,137,long
2023-11-16 18:41:22.319491,2616,69,long
2023-11-16 18:41:22.356830,395,103,medium
2023-11-16 18:41:22.498503,393,100,medium
2023-11-16 18:41:22.501857,4081,67,long
2023-11-16 18:41:22.774963,181,154,medium
2023-11-16 18:41:22.915923,1018,471,long
2023-11-16 18:41:22.977127,1073,72,long
2023-11-16 18:41:23.624217,4145,47,long
2023-11-16 18:41:23.924658,379,95,medium
2023-11-16 18:41:23.995237,371,47,medium
2023-11-16 18:41:24.173807,1148,430,long
2023-11-16 18:41:24.184909,1010,400,long
2023-11-16 18:41:24.270631,317,18,medium
2023-11-16 18:41:24.510558,3018,79,long
2023-11-16 18:41:24.859720,4093,50,long
2023-11-16 18:41:24.946483,4079,30,long
2023-11-16 18:41:25.028051,1044,456,long
2023-11-16 18:41:25.114748,378,66,medium
2023-11-16 18:41:25.168051,394,91,medium
2023-11-16 18:41:25.169978,880,415,long
2023-11-16 18:41:25.195692,403,94,medium
2023-11-16 18:41:25.378247,1187,450,long
2023-11-16 18:41:25.447423,209,174,medium
2023-11-16 18:41:25.471493,4090,134,long
2023-11-16 18:41:25.895208,1159,398,long
2023-11-16 18:41:25.980540,413,90,medium
2023-11-16 18:41:26.221044,386,101,medium
2023-11-16 18:41:26.386303,1194,428,long
2023-11-16 18:41:26.401859,4089,154,long
2023-11-16 18:41:26.506220,1003,454,long
2023-11-16 18:41:26.525370,1076,414,long
2023-11-16 18:41:26.681125,4086,69,long
2023-11-16 18:41:26.719125,1992,108,long
2023-11-16 18:41:26.769642,1121,428,long
2023-11-16 18:41:26.971302,120,12,short
2023-11-16 18:41:27.037947,1182,595,long
2023-11-16 18:41:28.299587,2491,44,long
2023-11-16 18:41:28.683000,407,108,medium
2023-11-16 18:41:28.873411,1503,107,long
2023-11-16 18:41:29.824633,1266,405,long
2023-11-16 18:41:29.849872,4110,174,long
2023-11-16 18:41:29.993095,1168,414,long
2023-11-16 18:41:30.143028,391,101,medium
2023-11-16 18:41:30.161450,4142,75,long
2023-11-16 18:41:30.492611,381,73,medium
2023-11-16 18:41:30.719333,2218,47,long
2023-11-16 18:41:30.747509,2234,33,long
2023-11-16 18:41:30.801306,882,394,long
2023-11-16 18:41:31.083464,1094,31,long
2023-11-16 18:41:31.164155,4088,64,long
2023-11-16 18:41:31.240977,1239,428,long
2023-11-16 18:41:31.756373,1314,199,long
2023-11-16 18:41:31.923618,459,105,medium
2023-11-16 18:41:32.288368,4118,239,long
2023-11-16 18:41:32.319686,407,77,medium
2023-11-16 18:41:32.612530,391,84,medium
2023-11-16 18:41:32.673451,1182,595,long
2023-11-16 18:41:33.270909,393,103,medium
2023-11-16 18:41:33.317533,381,77,medium
2023-11-16 18:41:33.405190,2404,60,long
2023-11-16 18:41:33.655334,203,161,medium
2023-11-16 18:41:33.938868,376,57,medium
2023-11-16 18:41:34.144908,4074,30,long
2023-11-16 18:41:34.186227,181,126,medium
2023-11-16 18:41:34.199309,420,92,medium
2023-11-16 18:41:34.579250,4086,88,long
2023-11-16 18:41:34.714217,442,129,medium
2023-11-16 18:41:35.221872,377,62,medium
2023-11-16 18:41:35.476254,1135,394,long
2023-11-16 18:41:35.478264,383,56,medium
2023-11-16 18:41:35.598362,1234,410,long
2023-11-16 18:41:35.652289,2008,50,long
2023-11-16 18:41:35.710176,4089,69,long
2023-11-16 18:41:35.822650,3306,85,long
2023-11-16 18:41:36.163219,879,400,long
2023-11-16 18:41:36.321198,181,162,medium
2023-11-16 18:41:36.446865,2927,85,long
2023-11-16 18:41:36.483411,400,85,medium
2023-11-16 18:41:36.487813,1243,463,long
2023-11-16 18:41:36.844002,1273,421,long
2023-11-16 18:41:36.963806,408,137,medium
2023-11-16 18:41:37.039985,436,121,medium
2023-11-16 18:41:37.175439,386,48,medium
2023-11-16 18:41:37.197030,69,117,short
2023-11-16 18:41:37.320163,374,99,medium
2023-11-16 18:41:37.763436,4071,103,long
2023-11-16 18:41:37.924098,1049,443,long
2023-11-16 18:41:38.567164,399,96,medium
2023-11-16 18:41:38.581141,2363,82,long
2023-11-16 18:41:39.497129,4079,87,long
2023-11-16 18:41:39.691319,4094,69,long
2023-11-16 18:41:39.837179,1322,257,long
2023-11-16 18:41:39.840229,181,113,medium
2023-11-16 18:41:40.121539,1171,400,long
2023-11-16 18:41:40.170477,200,179,medium
2023-11-16 18:41:40.171639,380,62,medium
2023-11-16 18:41:40.363580,4080,70,long
2023-11-16 18:41:41.064087,1080,47,long
2023-11-16 18:41:41.185580,206,162,medium
2023-11-16 18:41:41.295271,1931,48,long
2023-11-16 18:41:41.307193,384,71,medium
2023-11-16 18:41:41.399385,181,135,medium
2023-11-16 18:41:41.409665,419,119,medium
2023-11-16 18:41:41.443807,385,104,medium
2023-11-16 18:41:41.672619,378,68,medium
2023-11-16 18:41:41.721749,434,96,medium
2023-11-16 18:41:41.997275,161,205,medium
2023-11-16 18:41:42.225009,2150,64,long
2023-11-16 18:41:42.406152,401,93,medium
2023-11-16 18:41:42.507951,1044,456,long
2023-11-16 18:41:42.788090,1500,119,long
2023-11-16 18:41:42.817195,4088,36,long
2023-11-16 18:41:42.973741,377,63,medium
2023-11-16 18:41:43.188951,393,56,medium
2023-11-16 18:41:43.287613,371,80,medium
2023-11-16 18:41:43.313209,385,80,medium
2023-11-16 18:41:43.322703,371,69,medium
2023-11-16 18:41:43.371567,75,138,short
2023-11-16 18:41:43.520984,392,55,medium
2023-11-16 18:41:43.579226,4089,26,long
2023-11-16 18:41:43.604325,4084,43,long
2023-11-16 18:41:43.728553,900,420,long
2023-11-16 18:41:43.778574,203,183,medium
2023-11-16 18:41:43.789762,376,87,medium
2023-11-16 18:41:43.905085,404,100,medium
2023-11-16 18:41:43.910915,1818,51,long
2023-11-16 18:41:44.406609,4939,65,long
2023-11-16 18:41:44.413078,415,162,medium
2023-11-16 18:41:44.510273,4095,80,long
2023-11-16 18:41:44.568022,1166,610,long
2023-11-16 18:41:44.594374,401,83,medium
2023-11-16 18:41:44.970520,1193,598,long
2023-11-16 18:41:45.164968,2584,109,long
2023-11-16 18:41:45.269154,4073,56,long
2023-11-16 18:41:45.381156,439,39,medium
2023-11-16 18:41:45.575663,395,82,medium
2023-11-16 18:41:45.575903,397,86,medium
2023-11-16 18:41:45.666240,403,109,medium
2023-11-16 18:41:45.681162,2338,93,long
2023-11-16 18:41:45.906106,381,51,medium
2023-11-16 18:41:46.135312,4096,102,long
2023-11-16 18:41:46.300792,4123,230,long
2023-11-16 18:41:46.585457,1047,394,long
2023-11-16 18:41:46.825781,1475,77,long
2023-11-16 18:41:46.992423,4076,68,long
2023-11-16 18:41:47.065367,409,103,medium
2023-11-16 18:41:47.228123,417,153,medium
2023-11-16 18:41:47.343562,378,57,medium
2023-11-16 18:41:47.554102,1848,101,long
2023-11-16 18:41:47.723092,2481,66,long
2023-11-16 18:41:47.934113,4119,52,long
2023-11-16 18:41:48.047677,4094,51,long
2023-11-16 18:41:48.081993,1193,598,long
2023-11-16 18:41:48.088826,1121,50,long
2023-11-16 18:41:48.153518,396,110,medium
2023-11-16 18:41:48.156106,1073,464,long
2023-11-16 18:41:48.190814,1148,403,long
2023-11-16 18:41:48.197050,4081,31,long
2023-11-16 18:41:48.532861,390,104,medium
2023-11-16 18:41:48.537167,933,405,long
2023-11-16 18:41:48.664801,4087,38,long
2023-11-16 18:41:48.735143,1116,378,long
2023-11-16 18:41:48.774871,4135,32,long
2023-11-16 18:41:49.562313,906,425,long
2023-11-16 18:41:49.587173,383,102,medium
2023-11-16 18:41:49.753139,1031,76,long
2023-11-16 18:41:49.845096,380,99,medium
2023-11-16 18:41:50.096918,405,111,medium
2023-11-16 18:41:50.166038,397,99,medium
2023-11-16 18:41:50.240581,1093,550,long
2023-11-16 18:41:50.302671,1992,80,long
2023-11-16 18:41:50.397745,388,79,medium
2023-11-16 18:41:50.424887,4113,57,long
2023-11-16 18:41:50.430640,1324,236,long
2023-11-16 18:41:50.554589,4080,48,long
2023-11-16 18:41:50.609036,378,99,medium
2023-11-16 18:41:50.934920,392,61,medium
2023-11-16 18:41:51.474691,4086,34,long
2023-11-16 18:41:51.703642,882,399,long
2023-11-16 18:41:51.887843,377,66,medium
2023-11-16 18:41:52.058654,4078,58,long
2023-11-16 18:41:52.084092,439,101,medium
2023-11-16 18:41:52.132250,1239,429,long
2023-11-16 18:41:52.146213,4088,89,long
2023-11-16 18:41:52.261504,4086,31,long
2023-11-16 18:41:52.386759,1018,30,long
2023-11-16 18:41:52.886394,1210,60,long
2023-11-16 18:41:52.989420,1314,236,long
2023-11-16 18:41:53.010725,1071,397,long
2023-11-16 18:41:53.053691,4074,116,long
2023-11-16 18:41:53.124262,422,144,medium
2023-11-16 18:41:53.493463,1184,393,long
2023-11-16 18:41:53.532775,1071,399,long
2023-11-16 18:41:53.703681,4078,41,long
2023-11-16 18:41:53.847761,1230,420,long
2023-11-16 18:41:53.869020,425,184,medium
2023-11-16 18:41:53.941030,1186,659,long
2023-11-16 18:41:54.175421,1101,385,long
2023-11-16 18:41:54.179548,1104,447,long
2023-11-16 18:41:54.415898,2716,74,long
2023-11-16 18:41:54.620094,237,14,medium
2023-11-16 18:41:54.626665,373,80,medium
2023-11-16 18:41:54.630128,1131,393,long
2023-11-16 18:41:55.089954,379,78,medium
2023-11-16 18:41:55.131686,1266,50,long
2023-11-16 18:41:55.480048,1082,424,long
2023-11-16 18:41:55.559151,4082,51,long
2023-11-16 18:41:55.753717,4079,53,long
2023-11-16 18:41:56.067212,4112,75,long
2023-11-16 18:41:56.184151,372,68,medium
2023-11-16 18:41:56.342690,1559,54,long
2023-11-16 18:41:56.459727,181,155,medium
2023-11-16 18:41:56.945215,372,53,medium
2023-11-16 18:41:57.060934,167,217,medium
2023-11-16 18:41:57.148776,1135,430,long
2023-11-16 18:41:57.496095,384,72,medium
2023-11-16 18:41:57.567060,2505,58,long
2023-11-16 18:41:57.703741,402,129,medium
2023-11-16 18:41:57.728769,1076,427,long
2023-11-16 18:41:57.805273,383,80,medium
2023-11-16 18:41:57.970816,1155,47,long
2023-11-16 18:41:58.634403,1241,126,long
2023-11-16 18:41:58.653530,1266,405,long
2023-11-16 18:41:58.692163,1182,595,long
2023-11-16 18:41:58.777488,4080,55,long
2023-11-16 18:41:59.199115,376,70,medium
2023-11-16 18:41:59.725880,404,95,medium
2023-11-16 18:41:59.754132,906,423,long
2023-11-16 18:42:00.140635,378,15,medium
2023-11-16 18:42:00.269011,4086,51,long
2023-11-16 18:42:00.431971,181,290,medium
2023-11-16 18:42:00.565618,4081,66,long
2023-11-16 18:42:00.674892,428,80,medium
2023-11-16 18:42:00.932547,409,109,medium
2023-11-16 18:42:00.986422,1313,163,long
2023-11-16 18:42:01.019829,4075,104,long
2023-11-16 18:42:01.043118,1120,409,long
2023-11-16 18:42:01.302458,1995,56,long
2023-11-16 18:42:01.313368,1140,416,long
2023-11-16 18:42:01.496449,163,205,medium
2023-11-16 18:42:01.507113,375,70,medium
2023-11-16 18:42:01.512113,1104,415,long
2023-11-16 18:42:01.911325,4077,37,long
2023-11-16 18:42:01.925347,4085,44,long
2023-11-16 18:42:02.022991,382,60,medium
2023-11-16 18:42:02.290908,1060,384,long
2023-11-16 18:42:02.297044,387,101,medium
2023-11-16 18:42:02.504138,6781,41,long
2023-11-16 18:42:02.565898,2911,131,long
2023-11-16 18:42:02.617790,4085,35,long
2023-11-16 18:42:02.628279,401,101,medium
2023-11-16 18:42:02.647456,1020,565,long
2023-11-16 18:42:02.797504,1129,401,long
2023-11-16 18:42:02.887490,1171,442,long
2023-11-16 18:42:03.020653,1148,388,long
2023-11-16 18:42:03.421314,383,116,medium
2023-11-16 18:42:03.435703,378,72,medium
2023-11-16 18:42:03.592483,377,55,medium
2023-11-16 18:42:03.631440,372,73,medium
2023-11-16 18:42:03.667355,4078,31,long
2023-11-16 18:42:03.912396,4081,42,long
2023-11-16 18:42:03.973938,1276,50,long
2023-11-16 18:42:03.985685,4099,64,long
2023-11-16 18:42:04.138231,1086,424,long
2023-11-16 18:42:04.274200,990,89,long
2023-11-16 18:42:04.297671,383,92,medium
2023-11-16 18:42:04.393180,1071,400,long
2023-11-16 18:42:04.407714,4085,63,long
2023-11-16 18:42:04.562400,431,112,medium
2023-11-16 18:42:04.700856,882,402,long
2023-11-16 18:42:04.966572,1316,143,long
2023-11-16 18:42:05.413921,1154,404,long
2023-11-16 18:42:05.637376,1292,88,long
2023-11-16 18:42:05.663463,1022,406,long
2023-11-16 18:42:05.682920,2402,72,long
2023-11-16 18:42:05.820776,379,74,medium
2023-11-16 18:42:06.231635,374,77,medium
2023-11-16 18:42:06.445678,1010,411,long
2023-11-16 18:42:06.502732,372,60,medium
2023-11-16 18:42:06.539527,1230,421,long
2023-11-16 18:42:06.597710,393,82,medium
2023-11-16 18:42:06.963059,375,82,medium
2023-11-16 18:42:07.067820,4112,42,long
2023-11-16 18:42:07.088298,1140,400,long
2023-11-16 18:42:07.340569,2212,97,long
2023-11-16 18:42:07.380814,407,107,medium
2023-11-16 18:42:08.013533,398,90,medium
2023-11-16 18:42:08.028553,425,89,medium
2023-11-16 18:42:08.231395,2165,59,long
2023-11-16 18:42:08.398588,4081,56,long
2023-11-16 18:42:08.417532,415,52,medium
2023-11-16 18:42:08.979843,382,70,medium
2023-11-16 18:42:09.238671,1073,411,long
2023-11-16 18:42:09.602903,396,59,medium
2023-11-16 18:42:09.660892,386,189,medium
2023-11-16 18:42:09.690736,414,84,medium
2023-11-16 18:42:10.651107,379,77,medium
2023-11-16 18:42:10.659656,432,78,medium
2023-11-16 18:42:10.680783,4135,36,long
2023-11-16 18:42:10.683148,1014,394,long
2023-11-16 18:42:10.684255,4095,63,long
2023-11-16 18:42:10.895661,971,36,long
2023-11-16 18:42:11.052947,381,85,medium
2023-11-16 18:42:11.127641,381,61,medium
2023-11-16 18:42:11.236392,396,95,medium
2023-11-16 18:42:11.360706,403,98,medium
2023-11-16 18:42:11.733144,1116,406,long
2023-11-16 18:42:11.786751,409,98,medium
2023-11-16 18:42:11.928078,2104,45,long
2023-11-16 18:42:11.935654,374,84,medium
2023-11-16 18:42:12.478100,400,150,medium
2023-11-16 18:42:12.603760,455,95,medium
2023-11-16 18:42:12.614354,1086,424,long
2023-11-16 18:42:12.690698,1026,429,long
2023-11-16 18:42:12.729150,382,72,medium
2023-11-16 18:42:12.920459,4154,42,long
2023-11-16 18:42:12.983305,933,401,long
2023-11-16 18:42:13.042970,423,94,medium
2023-11-16 18:42:13.078189,209,167,medium
2023-11-16 18:42:13.197405,1101,397,long
2023-11-16 18:42:13.335561,1254,26,long
2023-11-16 18:42:13.456751,1062,427,long
2023-11-16 18:42:13.512892,1358,52,long
2023-11-16 18:42:13.562266,4074,62,long
2023-11-16 18:42:13.703646,4085,39,long
2023-11-16 18:42:13.775065,378,51,medium
2023-11-16 18:42:13.963962,1172,75,long
2023-11-16 18:42:14.242393,4077,41,long
2023-11-16 18:42:14.335476,1077,483,long
2023-11-16 18:42:14.394307,392,60,medium
2023-11-16 18:42:14.445076,373,52,medium
2023-11-16 18:42:14.461756,1168,452,long
2023-11-16 18:42:14.531407,2726,86,long
2023-11-16 18:42:15.017388,1326,45,long
2023-11-16 18:42:15.086405,1131,424,long
2023-11-16 18:42:15.140266,382,86,medium
2023-11-16 18:42:15.140635,1162,607,long
2023-11-16 18:42:15.454794,385,83,medium
2023-11-16 18:42:15.464610,393,95,medium
2023-11-16 18:42:15.511213,1111,435,long
2023-11-16 18:42:15.618668,4092,189,long
2023-11-16 18:42:15.833449,1203,616,long
2023-11-16 18:42:15.886769,1080,393,long
2023-11-16 18:42:16.076422,374,63,medium
2023-11-16 18:42:16.140306,380,92,medium
2023-11-16 18:42:16.191035,1188,48,long
2023-11-16 18:42:16.231429,4082,167,long
2023-11-16 18:42:16.333698,4094,51,long
2023-11-16 18:42:16.525037,386,84,medium
2023-11-16 18:42:16.575594,4086,139,long
2023-11-16 18:42:16.693739,416,64,medium
2023-11-16 18:42:16.965055,4075,39,long
2023-11-16 18:42:17.073446,4090,51,long
2023-11-16 18:42:17.205737,409,98,medium
2023-11-16 18:42:17.334140,1085,424,long
2023-11-16 18:42:17.337479,378,75,medium
2023-11-16 18:42:17.396024,1168,395,long
2023-11-16 18:42:17.495648,4078,42,long
2023-11-16 18:42:17.497544,398,87,medium
2023-11-16 18:42:17.551688,404,93,medium
2023-11-16 18:42:17.594311,380,81,medium
2023-11-16 18:42:17.612210,399,57,medium
2023-11-16 18:42:17.940905,410,35,medium
2023-11-16 18:42:18.135367,412,114,medium
2023-11-16 18:42:18.151361,1070,409,long
2023-11-16 18:42:18.160428,398,117,medium
2023-11-16 18:42:18.176021,1020,565,long
2023-11-16 18:42:18.329586,377,95,medium
2023-11-16 18:42:18.375927,1120,423,long
2023-11-16 18:42:18.591497,416,136,medium
2023-11-16 18:42:18.976868,420,100,medium
2023-11-16 18:42:18.989377,997,529,long
2023-11-16 18:42:19.188606,1077,429,long
2023-11-16 18:42:19.339899,1093,611,long
2023-11-16 18:42:19.790415,997,427,long
2023-11-16 18:42:19.870196,414,82,medium
2023-11-16 18:42:19.995803,1028,442,long
2023-11-16 18:42:20.131365,389,136,medium
2023-11-16 18:42:20.134998,405,97,medium
2023-11-16 18:42:20.216780,181,128,medium
2023-11-16 18:42:20.313901,1132,75,long
2023-11-16 18:42:20.345648,1410,107,long
2023-11-16 18:42:20.384195,6061,133,long
2023-11-16 18:42:20.607639,4086,47,long
2023-11-16 18:42:21.021588,194,217,medium
2023-11-16 18:42:21.184469,25,174,short
2023-11-16 18:42:21.592125,1082,405,long
2023-11-16 18:42:21.664613,1588,48,long
2023-11-16 18:42:21.901330,197,217,medium
2023-11-16 18:42:22.064376,385,87,medium
2023-11-16 18:42:22.077087,4087,39,long
2023-11-16 18:42:22.136866,396,94,medium
2023-11-16 18:42:22.149276,1154,401,long
2023-11-16 18:42:22.394171,1014,385,long
2023-11-16 18:42:22.394240,906,429,long
2023-11-16 18:42:22.635919,375,59,medium
2023-11-16 18:42:22.636901,983,399,long
2023-11-16 18:42:22.714929,181,98,medium
2023-11-16 18:42:22.793863,407,89,medium
2023-11-16 18:42:22.821099,391,60,medium
2023-11-16 18:42:22.822124,409,88,medium
2023-11-16 18:42:22.878244,1187,606,long
2023-11-16 18:42:22.937083,206,194,medium
2023-11-16 18:42:23.101975,4162,50,long
2023-11-16 18:42:23.262261,1062,505,long
2023-11-16 18:42:23.374749,181,107,medium
2023-11-16 18:42:23.431352,1074,401,long
2023-11-16 18:42:23.493664,191,161,medium
2023-11-16 18:42:23.743324,420,68,medium
2023-11-16 18:42:23.861230,4119,32,long
2023-11-16 18:42:24.222671,375,154,medium
2023-11-16 18:42:24.476466,379,44,medium
2023-11-16 18:42:24.477915,452,51,medium
2023-11-16 18:42:24.645269,203,161,medium
2023-11-16 18:42:24.886646,1071,421,long
2023-11-16 18:42:24.940512,1104,395,long
2023-11-16 18:42:25.083796,377,93,medium
2023-11-16 18:42:25.142363,385,81,medium
2023-11-16 18:42:25.193052,406,100,medium
2023-11-16 18:42:25.318283,396,113,medium
2023-11-16 18:42:25.398802,4076,90,long
2023-11-16 18:42:25.405532,4101,53,long
2023-11-16 18:42:25.598802,197,217,medium
2023-11-16 18:42:25.713803,388,49,medium
2023-11-16 18:42:25.794689,382,78,medium
2023-11-16 18:42:26.015226,1074,393,long
2023-11-16 18:42:26.330321,418,86,medium
2023-11-16 18:42:26.642319,61,188,short
2023-11-16 18:42:26.821027,391,97,medium
2023-11-16 18:42:26.953194,1111,388,long
2023-11-16 18:42:27.457866,1014,401,long
2023-11-16 18:42:27.545720,1316,201,long
2023-11-16 18:42:27.622309,1182,591,long
2023-11-16 18:42:27.703009,394,72,medium
2023-11-16 18:42:27.738811,407,104,medium
2023-11-16 18:42:27.839860,1193,598,long
2023-11-16 18:42:28.067712,403,143,medium
2023-11-16 18:42:28.146506,399,43,medium
2023-11-16 18:42:28.172595,383,81,medium
2023-11-16 18:42:28.196617,1095,130,long
2023-11-16 18:42:28.249800,1026,400,long
2023-11-16 18:42:28.550895,2584,141,long
2023-11-16 18:42:28.564367,1510,74,long
2023-11-16 18:42:28.572845,416,68,medium
2023-11-16 18:42:28.616428,410,89,medium
2023-11-16 18:42:28.811554,4085,47,long
2023-11-16 18:42:29.219704,418,140,medium
2023-11-16 18:42:29.258945,1313,234,long
2023-11-16 18:42:29.303358,1070,439,long
2023-11-16 18:42:29.304910,427,88,medium
2023-11-16 18:42:29.558557,463,129,medium
2023-11-16 18:42:29.745816,14,180,short
2023-11-16 18:42:29.839447,411,103,medium
2023-11-16 18:42:29.911161,2734,68,long
2023-11-16 18:42:30.079866,4086,74,long
2023-11-16 18:42:30.159454,4080,42,long
2023-11-16 18:42:30.165657,407,95,medium
2023-11-16 18:42:30.219013,377,68,medium
2023-11-16 18:42:30.267255,393,89,medium
2023-11-16 18:42:30.352413,4090,34,long
2023-11-16 18:42:30.409424,4136,31,long
2023-11-16 18:42:30.411668,416,90,medium
2023-11-16 18:42:30.485054,4085,200,long
2023-11-16 18:42:30.505609,686,50,long
2023-11-16 18:42:30.599155,4080,92,long
2023-11-16 18:42:30.640812,393,86,medium
2023-11-16 18:42:30.696736,1082,581,long
2023-11-16 18:42:30.866397,4089,54,long
2023-11-16 18:42:30.952107,407,118,medium
2023-11-16 18:42:31.327393,375,69,medium
2023-11-16 18:42:31.411171,1955,95,long
2023-11-16 18:42:31.490717,391,85,medium
2023-11-16 18:42:31.514853,1016,93,long
2023-11-16 18:42:31.633876,1116,406,long
2023-11-16 18:42:31.648999,432,99,medium
2023-11-16 18:42:31.759381,2058,101,long
2023-11-16 18:42:31.883800,983,402,long
2023-11-16 18:42:32.239504,2022,68,long
2023-11-16 18:42:32.573830,4085,35,long
2023-11-16 18:42:32.949536,4141,45,long
2023-11-16 18:42:33.007894,4079,71,long
2023-11-16 18:42:33.232395,1062,383,long
2023-11-16 18:42:33.506094,1085,413,long
2023-11-16 18:42:33.661011,388,77,medium
2023-11-16 18:42:33.748628,4089,38,long
2023-11-16 18:42:33.756223,215,217,medium
2023-11-16 18:42:33.791974,4086,73,long
2023-11-16 18:42:33.896707,4116,58,long
2023-11-16 18:42:33.903650,1244,35,long
2023-11-16 18:42:34.013435,2731,55,long
2023-11-16 18:42:34.062964,1022,415,long
2023-11-16 18:42:34.785440,4100,37,long
2023-11-16 18:42:35.243884,1154,388,long
2023-11-16 18:42:35.317362,4078,52,long
2023-11-16 18:42:36.090134,1060,399,long
2023-11-16 18:42:36.107431,376,44,medium
2023-11-16 18:42:36.482642,392,86,medium
2023-11-16 18:42:36.506587,387,75,medium
2023-11-16 18:42:36.545500,4082,108,long
2023-11-16 18:42:36.546737,398,105,medium
2023-11-16 18:42:36.670966,404,88,medium
2023-11-16 18:42:37.009728,4081,482,long
2023-11-16 18:42:37.054729,386,142,medium
2023-11-16 18:42:37.081971,433,107,medium
2023-11-16 18:42:37.159484,389,100,medium
2023-11-16 18:42:37.477468,374,7,medium
2023-11-16 18:42:37.488015,122,171,short
2023-11-16 18:42:37.518116,407,95,medium
2023-11-16 18:42:37.625987,181,91,medium
2023-11-16 18:42:37.759037,1073,464,long
2023-11-16 18:42:37.771003,4091,51,long
2023-11-16 18:42:37.814828,1071,415,long
2023-11-16 18:42:37.954395,438,81,medium
2023-11-16 18:42:38.409575,1753,72,long
2023-11-16 18:42:38.439939,382,94,medium
2023-11-16 18:42:38.559159,407,104,medium
2023-11-16 18:42:38.746818,385,110,medium
2023-11-16 18:42:38.766252,4073,46,long
2023-11-16 18:42:38.883928,1698,39,long
2023-11-16 18:42:38.954952,398,79,medium
2023-11-16 18:42:39.030922,380,74,medium
2023-11-16 18:42:39.084658,941,103,long
2023-11-16 18:42:39.792107,181,111,medium
2023-11-16 18:42:39.892479,369,59,medium
2023-11-16 18:42:40.376987,4074,48,long
2023-11-16 18:42:40.599453,4078,67,long
2023-11-16 18:42:40.891926,2461,46,long
2023-11-16 18:42:41.134488,387,87,medium
2023-11-16 18:42:41.142596,900,396,long
2023-11-16 18:42:41.172797,4086,54,long
2023-11-16 18:42:41.264354,4089,27,long
2023-11-16 18:42:41.291574,4086,41,long
2023-11-16 18:42:41.377658,410,98,medium
2023-11-16 18:42:41.378609,407,89,medium
2023-11-16 18:42:41.703815,4077,36,long
2023-11-16 18:42:41.744992,399,89,medium
2023-11-16 18:42:41.914028,1044,420,long
2023-11-16 18:42:42.285655,1108,53,long
2023-11-16 18:42:42.487930,394,92,medium
2023-11-16 18:42:42.556860,407,96,medium
2023-11-16 18:42:42.653132,2341,56,long
2023-11-16 18:42:42.666612,383,61,medium
2023-11-16 18:42:42.733889,1060,420,long
2023-11-16 18:42:42.857929,437,138,medium
2023-11-16 18:42:42.859298,397,82,medium
2023-11-16 18:42:43.255132,1317,181,long
2023-11-16 18:42:43.386089,892,60,long
2023-11-16 18:42:43.621314,1080,393,long
2023-11-16 18:42:43.659904,2641,101,long
2023-11-16 18:42:43.692658,4089,39,long
2023-11-16 18:42:43.745205,4076,82,long
2023-11-16 18:42:44.276368,1091,396,long
2023-11-16 18:42:44.335186,1025,76,long
2023-11-16 18:42:44.369525,1077,428,long
2023-11-16 18:42:44.528773,2698,70,long
2023-11-16 18:42:44.661495,404,117,medium
2023-11-16 18:42:44.792194,4109,56,long
2023-11-16 18:42:44.883947,406,101,medium
2023-11-16 18:42:45.029530,390,86,medium
2023-11-16 18:42:45.229015,387,68,medium
2023-11-16 18:42:45.251533,384,145,medium
2023-11-16 18:42:45.355653,389,73,medium
2023-11-16 18:42:45.388787,2088,54,long
2023-11-16 18:42:45.625499,4084,51,long
2023-11-16 18:42:45.631346,2241,86,long
2023-11-16 18:42:45.790891,381,78,medium
2023-11-16 18:42:45.797986,399,120,medium
2023-11-16 18:42:46.037063,374,59,medium
2023-11-16 18:42:46.075916,393,92,medium
2023-11-16 18:42:46.238809,401,85,medium
2023-11-16 18:42:46.275950,1611,104,long
2023-11-16 18:42:46.368252,387,84,medium
2023-11-16 18:42:46.368991,2054,94,long
2023-11-16 18:42:46.508271,4114,55,long
2023-11-16 18:42:46.579404,4084,65,long
2023-11-16 18:42:46.730140,385,93,medium
2023-11-16 18:42:46.757918,383,127,medium
2023-11-16 18:42:46.758168,1086,536,long
2023-11-16 18:42:47.025317,382,62,medium
2023-11-16 18:42:47.092672,392,103,medium
2023-11-16 18:42:47.224935,4104,39,long
2023-11-16 18:42:47.394772,1182,591,long
2023-11-16 18:42:47.886331,396,148,medium
2023-11-16 18:42:48.034225,407,103,medium
2023-11-16 18:42:48.283562,4121,50,long
2023-11-16 18:42:48.779284,387,74,medium
2023-11-16 18:42:48.831806,387,92,medium
2023-11-16 18:42:48.954716,401,86,medium
2023-11-16 18:42:49.039878,25,132,short
2023-11-16 18:42:49.251706,4075,26,long
2023-11-16 18:42:49.307860,405,85,medium
2023-11-16 18:42:49.514103,1006,395,long
2023-11-16 18:42:49.544628,1062,428,long
2023-11-16 18:42:49.672735,4082,59,long
2023-11-16 18:42:49.724218,983,391,long
2023-11-16 18:42:49.760691,383,64,medium
2023-11-16 18:42:49.892894,4083,74,long
2023-11-16 18:42:49.956341,2596,50,long
2023-11-16 18:42:50.049676,2441,37,long
2023-11-16 18:42:50.085510,1028,442,long
2023-11-16 18:42:50.157449,181,183,medium
2023-11-16 18:42:50.361810,395,101,medium
2023-11-16 18:42:50.484609,379,76,medium
2023-11-16 18:42:50.701660,1085,395,long
2023-11-16 18:42:50.969931,426,89,medium
2023-11-16 18:42:50.985122,391,75,medium
2023-11-16 18:42:51.052196,1014,429,long
2023-11-16 18:42:51.090204,4088,53,long
2023-11-16 18:42:51.330588,404,102,medium
2023-11-16 18:42:51.549567,4084,67,long
2023-11-16 18:42:51.666871,396,102,medium
2023-11-16 18:42:51.724010,390,92,medium
2023-11-16 18:42:51.732842,4074,58,long
2023-11-16 18:42:51.974709,418,85,medium
2023-11-16 18:42:52.164208,371,68,medium
2023-11-16 18:42:52.545218,4074,39,long
2023-11-16 18:42:52.571855,4356,91,long
2023-11-16 18:42:52.690900,120,11,short
2023-11-16 18:42:52.763039,1168,452,long
2023-11-16 18:42:53.069620,1248,75,long
2023-11-16 18:42:53.179342,411,153,medium
2023-11-16 18:42:53.301649,4092,50,long
2023-11-16 18:42:53.513561,2221,174,long
2023-11-16 18:42:53.611818,371,108,medium
2023-11-16 18:42:53.639369,29,195,short
2023-11-16 18:42:53.640105,376,95,medium
2023-11-16 18:42:53.651347,1230,423,long
2023-11-16 18:42:54.165212,426,86,medium
2023-11-16 18:42:54.539514,438,107,medium
2023-11-16 18:42:54.544650,1070,400,long
2023-11-16 18:42:54.868043,411,103,medium
2023-11-16 18:42:55.061361,416,110,medium
2023-11-16 18:42:55.210807,389,110,medium
2023-11-16 18:42:55.616089,2339,34,long
2023-11-16 18:42:55.795235,1236,385,long
2023-11-16 18:42:55.881410,4073,82,long
2023-11-16 18:42:55.936089,376,68,medium
2023-11-16 18:42:56.027121,1020,565,long
2023-11-16 18:42:56.217790,419,146,medium
2023-11-16 18:42:56.901003,404,153,medium
2023-11-16 18:42:57.078240,390,58,medium
2023-11-16 18:42:57.252578,909,429,long
2023-11-16 18:42:57.333407,380,66,medium
2023-11-16 18:42:57.502754,396,96,medium
2023-11-16 18:42:57.601135,381,84,medium
2023-11-16 18:42:57.674869,2221,192,long
2023-11-16 18:42:57.731306,375,59,medium
2023-11-16 18:42:58.045828,4082,58,long
2023-11-16 18:42:58.077802,417,94,medium
2023-11-16 18:42:58.345778,1074,393,long
2023-11-16 18:42:58.387217,4081,69,long
2023-11-16 18:42:58.447129,4146,69,long
2023-11-16 18:42:58.758928,2359,52,long
2023-11-16 18:42:58.910877,4082,80,long
2023-11-16 18:42:58.928076,379,92,medium
2023-11-16 18:42:59.121494,959,450,long
2023-11-16 18:42:59.330498,396,116,medium
2023-11-16 18:42:59.507723,383,37,medium
2023-11-16 18:42:59.612910,4085,43,long
2023-11-16 18:42:59.808202,2315,80,long
2023-11-16 18:42:59.980147,4074,38,long
2023-11-16 18:43:00.190468,4091,63,long
2023-11-16 18:43:00.254283,181,102,medium
2023-11-16 18:43:00.269430,897,429,long
2023-11-16 18:43:00.275828,4090,169,long
2023-11-16 18:43:00.420769,1337,123,long
2023-11-16 18:43:00.535915,408,67,medium
2023-11-16 18:43:00.754523,1047,397,long
2023-11-16 18:43:00.766165,2170,60,long
2023-11-16 18:43:00.955249,1315,166,long
2023-11-16 18:43:01.169098,381,81,medium
2023-11-16 18:43:01.200352,997,529,long
2023-11-16 18:43:01.435171,404,92,medium
2023-11-16 18:43:01.509833,415,83,medium
2023-11-16 18:43:01.513259,401,94,medium
2023-11-16 18:43:01.518666,436,91,medium
2023-11-16 18:43:01.534604,394,84,medium
2023-11-16 18:43:01.537361,314,18,medium
2023-11-16 18:43:01.626860,373,50,medium
2023-11-16 18:43:01.713560,405,104,medium
2023-11-16 18:43:01.771264,385,66,medium
2023-11-16 18:43:02.035798,4091,44,long
2023-11-16 18:43:02.109816,206,163,medium
2023-11-16 18:43:02.358329,373,78,medium
2023-11-16 18:43:02.453382,389,89,medium
2023-11-16 18:43:03.013103,394,95,medium
2023-11-16 18:43:03.017660,91,16,short
2023-11-16 18:43:03.070766,394,103,medium
2023-11-16 18:43:03.186910,407,91,medium
2023-11-16 18:43:03.470355,2390,142,long
2023-11-16 18:43:03.475669,4083,35,long
2023-11-16 18:43:03.675285,393,112,medium
2023-11-16 18:43:04.009560,391,105,medium
2023-11-16 18:43:04.031857,4087,53,long
2023-11-16 18:43:04.052749,1014,394,long
2023-11-16 18:43:04.146897,4074,55,long
2023-11-16 18:43:04.153378,405,103,medium
2023-11-16 18:43:04.520251,1995,100,long
2023-11-16 18:43:04.599019,371,68,medium
2023-11-16 18:43:04.623307,1047,535,long
2023-11-16 18:43:04.687595,4081,86,long
2023-11-16 18:43:04.841703,393,83,medium
2023-11-16 18:43:04.859096,371,48,medium
2023-11-16 18:43:05.452467,398,141,medium
2023-11-16 18:43:05.685886,399,83,medium
2023-11-16 18:43:05.845878,371,91,medium
2023-11-16 18:43:05.861684,197,217,medium
2023-11-16 18:43:05.864453,4088,27,long
2023-11-16 18:43:05.953323,877,395,long
2023-11-16 18:43:06.043552,406,88,medium
2023-11-16 18:43:06.238685,4078,39,long
2023-11-16 18:43:06.261136,380,132,medium
2023-11-16 18:43:06.437648,380,53,medium
2023-11-16 18:43:06.475715,443,110,medium
2023-11-16 18:43:06.484518,4078,241,long
2023-11-16 18:43:06.495686,372,49,medium
2023-11-16 18:43:06.540560,3747,120,long
2023-11-16 18:43:06.806669,4092,45,long
2023-11-16 18:43:06.968047,425,87,medium
2023-11-16 18:43:07.208539,1091,412,long
2023-11-16 18:43:07.374418,4079,29,long
2023-11-16 18:43:07.718870,418,83,medium
2023-11-16 18:43:07.781115,4074,34,long
2023-11-16 18:43:08.000885,1680,48,long
2023-11-16 18:43:08.184502,374,49,medium
2023-11-16 18:43:08.212594,321,18,medium
2023-11-16 18:43:08.363387,2584,160,long
2023-11-16 18:43:08.386126,1070,373,long
2023-11-16 18:43:08.417918,4079,42,long
2023-11-16 18:43:08.595119,370,70,medium
2023-11-16 18:43:09.060205,4075,42,long
2023-11-16 18:43:09.118477,403,90,medium
2023-11-16 18:43:09.126949,418,88,medium
2023-11-16 18:43:09.207420,405,89,medium
2023-11-16 18:43:09.271629,397,134,medium
2023-11-16 18:43:09.356437,943,142,long
2023-11-16 18:43:09.464905,394,82,medium
2023-11-16 18:43:09.603430,376,68,medium
2023-11-16 18:43:10.019745,378,53,medium
2023-11-16 18:43:10.047802,378,70,medium
2023-11-16 18:43:10.085316,414,123,medium
2023-11-16 18:43:10.278225,212,183,medium
2023-11-16 18:43:10.368218,169,168,medium
2023-11-16 18:43:10.423214,4093,61,long
2023-11-16 18:43:10.430688,4083,54,long
2023-11-16 18:43:10.580349,4085,29,long
2023-11-16 18:43:10.586833,376,74,medium
2023-11-16 18:43:10.724326,181,201,medium
2023-11-16 18:43:10.738014,4076,107,long
2023-11-16 18:43:10.762508,408,89,medium
2023-11-16 18:43:10.901454,4079,61,long
2023-11-16 18:43:10.928757,4084,57,long
2023-11-16 18:43:11.110555,397,98,medium
2023-11-16 18:43:11.245492,2724,109,long
2023-11-16 18:43:11.281878,4083,75,long
2023-11-16 18:43:11.286362,391,161,medium
2023-11-16 18:43:11.324943,1014,394,long
2023-11-16 18:43:11.365738,385,97,medium
2023-11-16 18:43:11.378528,415,113,medium
2023-11-16 18:43:11.460475,4084,25,long
2023-11-16 18:43:11.580935,412,101,medium
2023-11-16 18:43:11.585766,4074,50,long
2023-11-16 18:43:11.819295,1111,459,long
2023-11-16 18:43:11.993827,2376,45,long
2023-11-16 18:43:11.994852,407,113,medium
2023-11-16 18:43:12.137806,2966,55,long
2023-11-16 18:43:12.378919,380,73,medium
2023-11-16 18:43:12.524622,382,99,medium
2023-11-16 18:43:12.549403,375,52,medium
2023-11-16 18:43:12.583765,206,158,medium
2023-11-16 18:43:12.591355,410,96,medium
2023-11-16 18:43:12.997442,1036,451,long
2023-11-16 18:43:13.166217,375,41,medium
2023-11-16 18:43:13.188812,385,102,medium
2023-11-16 18:43:13.342074,374,79,medium
2023-11-16 18:43:13.402416,4077,26,long
2023-11-16 18:43:13.481876,181,142,medium
2023-11-16 18:43:13.496914,428,95,medium
2023-11-16 18:43:13.635640,376,42,medium
2023-11-16 18:43:13.722871,1315,160,long
2023-11-16 18:43:13.766331,374,87,medium
2023-11-16 18:43:14.095798,382,78,medium
2023-11-16 18:43:14.107231,4081,53,long
2023-11-16 18:43:14.150012,334,18,medium
2023-11-16 18:43:14.188791,381,96,medium
2023-11-16 18:43:14.202711,4081,69,long
2023-11-16 18:43:14.526908,371,87,medium
2023-11-16 18:43:14.700312,4077,71,long
2023-11-16 18:43:14.829823,2584,115,long
2023-11-16 18:43:15.033886,200,183,medium
2023-11-16 18:43:15.186403,374,63,medium
2023-11-16 18:43:15.223124,873,382,long
2023-11-16 18:43:15.250670,4087,39,long
2023-11-16 18:43:15.489843,404,144,medium
2023-11-16 18:43:15.712189,4086,110,long
2023-11-16 18:43:15.802384,200,179,medium
2023-11-16 18:43:15.904532,376,52,medium
2023-11-16 18:43:16.314444,2335,93,long
2023-11-16 18:43:16.506983,4085,39,long
2023-11-16 18:43:16.625509,382,87,medium
2023-11-16 18:43:16.852930,913,447,long
2023-11-16 18:43:17.087458,1066,403,long
2023-11-16 18:43:17.122252,392,65,medium
2023-11-16 18:43:17.186083,396,162,medium
2023-11-16 18:43:17.212959,4078,92,long
2023-11-16 18:43:17.410888,2066,36,long
2023-11-16 18:43:17.411709,4086,34,long
2023-11-16 18:43:17.428313,1049,939,long
2023-11-16 18:43:17.957525,2284,111,long
2023-11-16 18:43:18.035531,1220,60,long
2023-11-16 18:43:18.040722,1152,394,long
2023-11-16 18:43:18.070830,9,118,short
2023-11-16 18:43:18.186986,382,45,medium
2023-11-16 18:43:18.230338,913,394,long
2023-11-16 18:43:18.263565,1152,418,long
2023-11-16 18:43:18.307523,4079,58,long
2023-11-16 18:43:18.671778,412,141,medium
2023-11-16 18:43:18.713274,385,85,medium
2023-11-16 18:43:18.910059,2511,105,long
2023-11-16 18:43:19.419972,1044,395,long
2023-11-16 18:43:19.507101,385,87,medium
2023-11-16 18:43:19.510417,376,76,medium
2023-11-16 18:43:19.678358,453,153,medium
2023-11-16 18:43:19.849371,1071,426,long
2023-11-16 18:43:20.054122,913,394,long
2023-11-16 18:43:20.057285,389,72,medium
2023-11-16 18:43:20.160047,1725,70,long
2023-11-16 18:43:20.365160,372,69,medium
2023-11-16 18:43:20.500939,4073,95,long
2023-11-16 18:43:20.578238,403,90,medium
2023-11-16 18:43:20.759079,4108,152,long
2023-11-16 18:43:20.776542,370,51,medium
2023-11-16 18:43:20.993605,964,49,long
2023-11-16 18:43:20.995603,4124,49,long
2023-11-16 18:43:21.001706,371,83,medium
2023-11-16 18:43:21.223003,909,425,long
2023-11-16 18:43:21.338833,1042,385,long
2023-11-16 18:43:21.683895,4090,39,long
2023-11-16 18:43:21.734506,303,18,medium
2023-11-16 18:43:21.790145,4078,56,long
2023-11-16 18:43:21.836363,1006,398,long
2023-11-16 18:43:21.869393,376,99,medium
2023-11-16 18:43:22.104524,1017,534,long
2023-11-16 18:43:22.236796,2265,71,long
2023-11-16 18:43:22.274385,403,95,medium
2023-11-16 18:43:22.325602,404,153,medium
2023-11-16 18:43:22.332888,1030,365,long
2023-11-16 18:43:22.768905,394,95,medium
2023-11-16 18:43:22.815763,405,70,medium
2023-11-16 18:43:23.123859,2304,54,long
2023-11-16 18:43:23.146298,4087,47,long
2023-11-16 18:43:23.286701,418,101,medium
2023-11-16 18:43:23.288160,426,88,medium
2023-11-16 18:43:23.309951,395,92,medium
2023-11-16 18:43:23.452682,954,50,long
2023-11-16 18:43:23.463779,392,89,medium
2023-11-16 18:43:23.637982,373,66,medium
2023-11-16 18:43:23.728542,1271,102,long
2023-11-16 18:43:23.729338,380,92,medium
2023-11-16 18:43:23.820644,376,85,medium
2023-11-16 18:43:23.878640,379,83,medium
2023-11-16 18:43:23.921062,421,67,medium
2023-11-16 18:43:23.978544,2221,127,long
2023-11-16 18:43:24.078519,4079,74,long
2023-11-16 18:43:24.078845,4081,41,long
2023-11-16 18:43:24.237290,379,121,medium
2023-11-16 18:43:24.241534,1014,394,long
2023-11-16 18:43:24.532402,383,93,medium
2023-11-16 18:43:24.612280,867,409,long
2023-11-16 18:43:24.659582,27,187,short
2023-11-16 18:43:25.128737,197,217,medium
2023-11-16 18:43:25.232196,877,395,long
2023-11-16 18:43:25.377502,874,394,long
2023-11-16 18:43:25.507927,4076,27,long
2023-11-16 18:43:25.565844,375,54,medium
2023-11-16 18:43:25.569246,431,158,medium
2023-11-16 18:43:25.617930,1247,401,long
2023-11-16 18:43:25.618061,898,403,long
2023-11-16 18:43:25.662306,412,112,medium
2023-11-16 18:43:25.725918,428,101,medium
2023-11-16 18:43:25.979354,403,92,medium
2023-11-16 18:43:25.980143,395,91,medium
2023-11-16 18:43:26.256585,4073,30,long
2023-11-16 18:43:27.498275,1313,130,long
2023-11-16 18:43:27.557748,394,92,medium
2023-11-16 18:43:27.636183,1011,56,long
2023-11-16 18:43:27.923255,406,106,medium
2023-11-16 18:43:28.011153,4099,49,long
2023-11-16 18:43:28.210961,405,98,medium
2023-11-16 18:43:28.361624,383,72,medium
2023-11-16 18:43:28.684776,1042,385,long
2023-11-16 18:43:28.691637,375,62,medium
2023-11-16 18:43:28.930923,383,66,medium
2023-11-16 18:43:29.035628,1060,384,long
2023-11-16 18:43:29.215872,385,91,medium
2023-11-16 18:43:29.276599,1099,403,long
2023-11-16 18:43:29.323801,403,120,medium
2023-11-16 18:43:29.326330,480,86,medium
2023-11-16 18:43:29.357937,399,158,medium
2023-11-16 18:43:29.699024,4082,24,long
2023-11-16 18:43:29.945831,4079,65,long
2023-11-16 18:43:29.991584,4074,57,long
2023-11-16 18:43:30.030174,1236,415,long
2023-11-16 18:43:30.203679,1785,58,long
2023-11-16 18:43:30.337829,4080,535,long
2023-11-16 18:43:30.383851,377,57,medium
2023-11-16 18:43:30.409385,4095,42,long
2023-11-16 18:43:30.440057,391,133,medium
2023-11-16 18:43:30.594769,1089,631,long
2023-11-16 18:43:30.668475,4086,100,long
2023-11-16 18:43:30.673091,4080,37,long
2023-11-16 18:43:30.924602,889,403,long
2023-11-16 18:43:30.990622,402,95,medium
2023-11-16 18:43:31.072269,397,98,medium
2023-11-16 18:43:31.129691,1078,416,long
2023-11-16 18:43:31.129972,2689,95,long
2023-11-16 18:43:31.198421,383,64,medium
2023-11-16 18:43:31.211465,1072,45,long
2023-11-16 18:43:31.234224,4078,46,long
2023-11-16 18:43:31.260110,1014,389,long
2023-11-16 18:43:31.288110,959,465,long
2023-11-16 18:43:31.299164,370,79,medium
2023-11-16 18:43:31.558504,4075,48,long
2023-11-16 18:43:31.737472,4093,70,long
2023-11-16 18:43:31.833323,410,98,medium
2023-11-16 18:43:31.845743,393,52,medium
2023-11-16 18:43:32.004358,181,106,medium
2023-11-16 18:43:32.094255,1070,412,long
2023-11-16 18:43:32.170018,913,397,long
2023-11-16 18:43:32.252851,4103,42,long
2023-11-16 18:43:32.384198,4083,72,long
2023-11-16 18:43:32.578309,897,429,long
2023-11-16 18:43:32.779389,1073,454,long
2023-11-16 18:43:32.964405,400,106,medium
2023-11-16 18:43:33.012427,1085,409,long
2023-11-16 18:43:33.098729,1102,400,long
2023-11-16 18:43:33.191019,402,113,medium
2023-11-16 18:43:33.204095,1029,396,long
2023-11-16 18:43:33.220164,4073,38,long
2023-11-16 18:43:33.251620,393,108,medium
2023-11-16 18:43:33.273042,203,159,medium
2023-11-16 18:43:33.365329,1082,577,long
2023-11-16 18:43:33.562523,370,79,medium
2023-11-16 18:43:33.594416,2008,66,long
2023-11-16 18:43:33.675279,4110,755,long
2023-11-16 18:43:33.740936,120,12,short
2023-11-16 18:43:33.926872,4074,45,long
2023-11-16 18:43:33.947355,4078,75,long
2023-11-16 18:43:34.012270,400,110,medium
2023-11-16 18:43:34.022282,2444,50,long
2023-11-16 18:43:34.057075,1560,52,long
2023-11-16 18:43:34.171533,4075,92,long
2023-11-16 18:43:34.195172,4088,69,long
2023-11-16 18:43:34.325117,215,163,medium
2023-11-16 18:43:34.423727,379,85,medium
2023-11-16 18:43:34.739958,4227,70,long
2023-11-16 18:43:34.912007,1928,98,long
2023-11-16 18:43:35.053393,375,76,medium
2023-11-16 18:43:35.063283,867,413,long
2023-11-16 18:43:35.163210,875,406,long
2023-11-16 18:43:35.348871,378,73,medium
2023-11-16 18:43:35.513619,380,51,medium
2023-11-16 18:43:35.940413,873,403,long
2023-11-16 18:43:36.074543,2361,73,long
2023-11-16 18:43:36.239276,4155,43,long
2023-11-16 18:43:36.335125,4077,50,long
2023-11-16 18:43:36.350069,4075,72,long
2023-11-16 18:43:36.396048,409,89,medium
2023-11-16 18:43:36.486455,4081,52,long
2023-11-16 18:43:36.518704,913,382,long
2023-11-16 18:43:36.856032,406,100,medium
2023-11-16 18:43:36.938500,1123,411,long
2023-11-16 18:43:37.178238,393,57,medium
2023-11-16 18:43:37.194007,398,101,medium
2023-11-16 18:43:37.514402,372,53,medium
2023-11-16 18:43:38.062143,4081,37,long
2023-11-16 18:43:38.149894,381,134,medium
2023-11-16 18:43:38.251837,3723,120,long
2023-11-16 18:43:38.311886,1075,362,long
2023-11-16 18:43:38.321774,4078,37,long
2023-11-16 18:43:38.589904,410,159,medium
2023-11-16 18:43:38.861029,385,80,medium
2023-11-16 18:43:39.440974,4073,198,long
2023-11-16 18:43:39.454351,404,79,medium
2023-11-16 18:43:39.507698,4086,41,long
2023-11-16 18:43:39.566922,384,78,medium
2023-11-16 18:43:39.761541,329,18,medium
2023-11-16 18:43:39.786343,4079,41,long
2023-11-16 18:43:39.992546,421,112,medium
2023-11-16 18:43:40.024294,395,84,medium
2023-11-16 18:43:40.048209,401,194,medium
2023-11-16 18:43:40.214730,4089,102,long
2023-11-16 18:43:40.349872,1314,202,long
2023-11-16 18:43:40.369947,423,103,medium
2023-11-16 18:43:40.376552,381,70,medium
2023-11-16 18:43:40.376973,402,134,medium
2023-11-16 18:43:40.483916,181,133,medium
2023-11-16 18:43:40.582865,2355,70,long
2023-11-16 18:43:40.862887,2495,116,long
2023-11-16 18:43:40.940772,4083,148,long
2023-11-16 18:43:41.305479,381,86,medium
2023-11-16 18:43:41.418811,2340,26,long
2023-11-16 18:43:41.530208,1291,48,long
2023-11-16 18:43:41.660169,1089,428,long
2023-11-16 18:43:41.685111,32,192,short
2023-11-16 18:43:41.879078,399,86,medium
2023-11-16 18:43:41.887451,383,60,medium
2023-11-16 18:43:41.887481,371,70,medium
2023-11-16 18:43:42.042834,406,83,medium
2023-11-16 18:43:42.362397,409,93,medium
2023-11-16 18:43:42.371651,410,91,medium
2023-11-16 18:43:42.510198,393,108,medium
2023-11-16 18:43:42.552967,4118,72,long
2023-11-16 18:43:42.690680,460,95,medium
2023-11-16 18:43:42.714783,1071,428,long
2023-11-16 18:43:42.780242,372,75,medium
2023-11-16 18:43:42.871339,4082,82,long
2023-11-16 18:43:43.009990,31,125,short
2023-11-16 18:43:43.107267,966,432,long
2023-11-16 18:43:43.147684,402,91,medium
2023-11-16 18:43:43.166049,377,49,medium
2023-11-16 18:43:43.188909,398,90,medium
2023-11-16 18:43:43.242957,447,117,medium
2023-11-16 18:43:43.363884,379,64,medium
2023-11-16 18:43:43.385910,1313,159,long
2023-11-16 18:43:43.455504,1017,613,long
2023-11-16 18:43:43.630606,425,84,medium
2023-11-16 18:43:43.836616,4089,49,long
2023-11-16 18:43:43.842746,412,110,medium
2023-11-16 18:43:44.013597,874,394,long
2023-11-16 18:43:44.283347,2200,43,long
2023-11-16 18:43:44.333596,1259,46,long
2023-11-16 18:43:44.486732,4120,44,long
2023-11-16 18:43:44.512331,371,64,medium
2023-11-16 18:43:44.528364,427,99,medium
2023-11-16 18:43:44.578260,1117,410,long
2023-11-16 18:43:44.838665,1041,576,long
2023-11-16 18:43:44.892043,181,311,medium
2023-11-16 18:43:44.900231,4094,45,long
2023-11-16 18:43:44.908042,397,88,medium
2023-11-16 18:43:44.964876,386,106,medium
2023-11-16 18:43:45.048516,897,397,long
2023-11-16 18:43:45.088571,411,110,medium
2023-11-16 18:43:45.202626,203,167,medium
2023-11-16 18:43:45.318505,3116,107,long
2023-11-16 18:43:45.526038,406,94,medium
2023-11-16 18:43:45.557066,410,113,medium
2023-11-16 18:43:45.582478,327,18,medium
2023-11-16 18:43:45.696475,397,96,medium
2023-11-16 18:43:45.842853,1030,408,long
2023-11-16 18:43:45.881330,1014,394,long
2023-11-16 18:43:46.071843,1115,396,long
2023-11-16 18:43:46.389289,376,87,medium
2023-11-16 18:43:46.474271,1168,452,long
2023-11-16 18:43:46.589176,424,107,medium
2023-11-16 18:43:46.708885,181,186,medium
2023-11-16 18:43:46.827588,4073,76,long
2023-11-16 18:43:46.887778,1147,93,long
2023-11-16 18:43:46.891571,4082,28,long
2023-11-16 18:43:46.906431,1020,565,long
2023-11-16 18:43:47.076898,2491,55,long
2023-11-16 18:43:47.190901,4084,136,long
2023-11-16 18:43:47.502243,393,100,medium
2023-11-16 18:43:47.743547,4079,232,long
2023-11-16 18:43:48.050868,371,55,medium
2023-11-16 18:43:48.356641,371,65,medium
2023-11-16 18:43:48.450458,1586,104,long
2023-11-16 18:43:48.558770,4073,35,long
2023-11-16 18:43:48.642888,1017,397,long
2023-11-16 18:43:48.677675,376,75,medium
2023-11-16 18:43:48.705196,379,48,medium
2023-11-16 18:43:48.727483,877,409,long
2023-11-16 18:43:48.756377,4087,52,long
2023-11-16 18:43:48.823430,1110,411,long
2023-11-16 18:43:48.880883,408,127,medium
2023-11-16 18:43:48.907812,1997,81,long
2023-11-16 18:43:49.042292,167,217,medium
2023-11-16 18:43:49.145153,1315,181,long
2023-11-16 18:43:49.232826,4078,43,long
2023-11-16 18:43:49.383207,410,132,medium
2023-11-16 18:43:49.434359,4076,42,long
2023-11-16 18:43:49.668672,404,92,medium
2023-11-16 18:43:49.745891,909,428,long
2023-11-16 18:43:49.761358,405,114,medium
2023-11-16 18:43:49.948610,181,112,medium
2023-11-16 18:43:50.119507,4082,46,long
2023-11-16 18:43:50.195304,5380,46,long
2023-11-16 18:43:50.215181,376,61,medium
2023-11-16 18:43:50.440413,389,90,medium
2023-11-16 18:43:50.504717,1031,395,long
2023-11-16 18:43:50.682566,1236,415,long
2023-11-16 18:43:50.864954,417,72,medium
2023-11-16 18:43:50.887006,1166,37,long
2023-11-16 18:43:50.911631,4087,50,long
2023-11-16 18:43:50.926456,373,107,medium
2023-11-16 18:43:50.953828,3356,90,long
2023-11-16 18:43:50.956283,424,54,medium
2023-11-16 18:43:51.052687,54,190,short
2023-11-16 18:43:51.087286,452,92,medium
2023-11-16 18:43:51.410259,401,88,medium
2023-11-16 18:43:51.424638,405,96,medium
2023-11-16 18:43:51.490561,375,67,medium
2023-11-16 18:43:51.538701,898,403,long
2023-11-16 18:43:51.854420,408,93,medium
2023-11-16 18:43:51.886554,430,96,medium
2023-11-16 18:43:51.919302,1094,442,long
2023-11-16 18:43:51.985209,746,68,long
2023-11-16 18:43:51.986284,4075,44,long
2023-11-16 18:43:52.015687,386,69,medium
2023-11-16 18:43:52.476863,412,102,medium
2023-11-16 18:43:53.055481,391,86,medium
2023-11-16 18:43:53.094064,1041,589,long
2023-11-16 18:43:53.341493,1085,409,long
2023-11-16 18:43:53.498357,370,51,medium
2023-11-16 18:43:53.537241,171,164,medium
2023-11-16 18:43:53.567718,3513,72,long
2023-11-16 18:43:53.828633,407,101,medium
2023-11-16 18:43:53.898202,4079,36,long
2023-11-16 18:43:53.990054,400,108,medium
2023-11-16 18:43:54.076966,1053,450,long
2023-11-16 18:43:54.204437,861,124,long
2023-11-16 18:43:54.224079,398,93,medium
2023-11-16 18:43:54.472399,375,72,medium
2023-11-16 18:43:54.606654,4078,36,long
2023-11-16 18:43:54.637032,423,103,medium
2023-11-16 18:43:54.648998,4088,60,long
2023-11-16 18:43:54.753803,406,102,medium
2023-11-16 18:43:54.894914,397,107,medium
2023-11-16 18:43:54.937710,1505,110,long
2023-11-16 18:43:54.969855,394,86,medium
2023-11-16 18:43:55.311508,2700,77,long
2023-11-16 18:43:55.430365,387,72,medium
2023-11-16 18:43:55.433817,1894,109,long
2023-11-16 18:43:55.478662,386,80,medium
2023-11-16 18:43:55.554292,2152,75,long
2023-11-16 18:43:55.777844,1123,409,long
2023-11-16 18:43:55.818079,406,108,medium
2023-11-16 18:43:55.840675,3086,45,long
2023-11-16 18:43:55.847970,322,18,medium
2023-11-16 18:43:55.974972,4073,56,long
2023-11-16 18:43:55.981484,401,90,medium
2023-11-16 18:43:56.524752,405,93,medium
2023-11-16 18:43:56.525945,397,82,medium
2023-11-16 18:43:56.683373,385,95,medium
2023-11-16 18:43:56.741544,406,132,medium
2023-11-16 18:43:56.742399,410,108,medium
2023-11-16 18:43:57.018540,4096,58,long
2023-11-16 18:43:57.086993,420,104,medium
2023-11-16 18:43:57.183372,408,85,medium
2023-11-16 18:43:57.314042,373,71,medium
2023-11-16 18:43:57.503346,4083,31,long
2023-11-16 18:43:57.613088,206,162,medium
2023-11-16 18:43:57.724476,376,50,medium
2023-11-16 18:43:57.842706,386,74,medium
2023-11-16 18:43:57.850412,4084,43,long
2023-11-16 18:43:57.917514,397,106,medium
2023-11-16 18:43:57.932453,399,105,medium
2023-11-16 18:43:57.976174,391,95,medium
2023-11-16 18:43:58.173100,4127,45,long
2023-11-16 18:43:58.537747,394,111,medium
2023-11-16 18:43:58.622981,401,93,medium
2023-11-16 18:43:58.697286,159,210,medium
2023-11-16 18:43:59.246729,58,129,short
2023-11-16 18:44:00.159974,1131,398,long
2023-11-16 18:44:00.221168,1314,204,long
2023-11-16 18:44:00.249293,4077,44,long
2023-11-16 18:44:00.384484,4089,92,long
2023-11-16 18:44:00.620939,405,85,medium
2023-11-16 18:44:00.651292,404,99,medium
2023-11-16 18:44:00.651854,392,85,medium
2023-11-16 18:44:00.723291,4075,28,long
2023-11-16 18:44:00.874534,400,126,medium
2023-11-16 18:44:00.979922,4079,78,long
2023-11-16 18:44:00.988644,433,86,medium
2023-11-16 18:44:00.990854,4088,86,long
2023-11-16 18:44:01.108216,4087,38,long
2023-11-16 18:44:01.289594,429,77,medium
2023-11-16 18:44:01.607061,2057,101,long
2023-11-16 18:44:01.717359,404,107,medium
2023-11-16 18:44:01.930680,4090,27,long
2023-11-16 18:44:02.003246,1111,48,long
2023-11-16 18:44:02.078012,400,86,medium
2023-11-16 18:44:02.182881,4077,109,long
2023-11-16 18:44:02.300213,405,141,medium
2023-11-16 18:44:02.326691,4081,38,long
2023-11-16 18:44:02.435588,403,97,medium
2023-11-16 18:44:02.462596,376,72,medium
2023-11-16 18:44:02.478244,372,50,medium
2023-11-16 18:44:02.526945,1037,385,long
2023-11-16 18:44:02.626539,4089,44,long
2023-11-16 18:44:02.630046,1247,396,long
2023-11-16 18:44:02.639821,1099,377,long
2023-11-16 18:44:03.277287,420,172,medium
2023-11-16 18:44:03.510970,4092,87,long
2023-11-16 18:44:03.514853,2451,32,long
2023-11-16 18:44:03.534050,390,63,medium
2023-11-16 18:44:03.605064,4081,42,long
2023-11-16 18:44:03.788270,125,158,short
2023-11-16 18:44:04.047040,1110,398,long
2023-11-16 18:44:04.465824,406,117,medium
2023-11-16 18:44:04.513962,181,83,medium
2023-11-16 18:44:04.668040,401,127,medium
2023-11-16 18:44:04.769053,395,112,medium
2023-11-16 18:44:04.782628,385,80,medium
2023-11-16 18:44:04.802016,1313,223,long
2023-11-16 18:44:04.900858,1992,63,long
2023-11-16 18:44:04.946963,372,58,medium
2023-11-16 18:44:05.021076,385,116,medium
2023-11-16 18:44:05.105974,4091,61,long
2023-11-16 18:44:05.190836,1101,421,long
2023-11-16 18:44:05.437581,409,92,medium
2023-11-16 18:44:05.641965,3732,147,long
2023-11-16 18:44:05.712060,398,96,medium
2023-11-16 18:44:05.721581,406,108,medium
2023-11-16 18:44:05.828992,407,143,medium
2023-11-16 18:44:05.875222,424,85,medium
2023-11-16 18:44:05.891513,4091,60,long
2023-11-16 18:44:05.917030,4078,232,long
2023-11-16 18:44:06.067839,419,54,medium
2023-11-16 18:44:06.162389,4374,114,long
2023-11-16 18:44:06.163980,393,83,medium
2023-11-16 18:44:06.256074,408,85,medium
2023-11-16 18:44:06.327800,1595,107,long
2023-11-16 18:44:06.438173,397,98,medium
2023-11-16 18:44:06.448080,1111,423,long
2023-11-16 18:44:06.670520,374,51,medium
2023-11-16 18:44:06.729482,1310,147,long
2023-11-16 18:44:07.028672,181,133,medium
2023-11-16 18:44:07.040340,399,143,medium
2023-11-16 18:44:07.148000,2628,96,long
2023-11-16 18:44:07.341956,431,115,medium
2023-11-16 18:44:07.647563,386,91,medium
2023-11-16 18:44:08.057151,36,133,short
2023-11-16 18:44:08.108263,4098,68,long
2023-11-16 18:44:08.227324,374,90,medium
2023-11-16 18:44:08.497790,413,96,medium
2023-11-16 18:44:08.913854,4100,62,long
2023-11-16 18:44:08.942695,440,92,medium
2023-11-16 18:44:09.214803,3984,113,long
2023-11-16 18:44:09.232377,4093,127,long
2023-11-16 18:44:09.374544,425,148,medium
2023-11-16 18:44:09.432521,404,104,medium
2023-11-16 18:44:09.437976,395,107,medium
2023-11-16 18:44:09.458281,385,49,medium
2023-11-16 18:44:09.673852,1141,520,long
2023-11-16 18:44:09.834727,1993,50,long
2023-11-16 18:44:10.026319,395,112,medium
2023-11-16 18:44:10.039681,181,160,medium
2023-11-16 18:44:10.083732,410,183,medium
2023-11-16 18:44:10.104713,1760,132,long
2023-11-16 18:44:10.196868,4076,78,long
2023-11-16 18:44:10.366178,4099,60,long
2023-11-16 18:44:10.494813,4094,28,long
2023-11-16 18:44:10.516145,4084,69,long
2023-11-16 18:44:10.744855,4094,43,long
2023-11-16 18:44:11.129655,390,90,medium
2023-11-16 18:44:11.233065,4082,38,long
2023-11-16 18:44:11.254804,398,96,medium
2023-11-16 18:44:11.267681,398,53,medium
2023-11-16 18:44:11.407088,399,92,medium
2023-11-16 18:44:11.456365,873,428,long
2023-11-16 18:44:11.606373,429,104,medium
2023-11-16 18:44:11.606965,2752,68,long
2023-11-16 18:44:11.734842,414,100,medium
2023-11-16 18:44:11.766218,1793,99,long
2023-11-16 18:44:11.957397,120,12,short
2023-11-16 18:44:12.052846,867,413,long
2023-11-16 18:44:12.122805,181,182,medium
2023-11-16 18:44:12.186072,380,72,medium
2023-11-16 18:44:12.211158,4086,60,long
2023-11-16 18:44:12.338584,4127,40,long
2023-11-16 18:44:12.382783,398,90,medium
2023-11-16 18:44:12.447688,424,68,medium
2023-11-16 18:44:12.510301,374,62,medium
2023-11-16 18:44:12.518470,4146,56,long
2023-11-16 18:44:12.659243,132,160,medium
2023-11-16 18:44:12.689373,1018,401,long
2023-11-16 18:44:12.775024,403,88,medium
2023-11-16 18:44:12.838024,387,24,medium
2023-11-16 18:44:12.846709,399,110,medium
2023-11-16 18:44:12.852179,4094,107,long
2023-11-16 18:44:12.852995,1077,96,long
2023-11-16 18:44:13.093229,398,92,medium
2023-11-16 18:44:13.208600,381,73,medium
2023-11-16 18:44:13.271808,370,54,medium
2023-11-16 18:44:13.302767,397,98,medium
2023-11-16 18:44:13.318301,1092,373,long
2023-11-16 18:44:13.372173,1349,199,long
2023-11-16 18:44:13.521549,386,69,medium
2023-11-16 18:44:13.632014,404,145,medium
2023-11-16 18:44:13.936552,386,131,medium
2023-11-16 18:44:14.425605,3602,93,long
2023-11-16 18:44:14.545567,399,103,medium
2023-11-16 18:44:14.614117,406,128,medium
2023-11-16 18:44:14.868448,966,427,long
2023-11-16 18:44:15.015682,1886,144,long
2023-11-16 18:44:15.017359,376,92,medium
2023-11-16 18:44:15.266692,312,18,medium
2023-11-16 18:44:15.459997,212,179,medium
2023-11-16 18:44:15.467268,4079,27,long
2023-11-16 18:44:15.503537,1060,507,long
2023-11-16 18:44:15.594012,401,168,medium
2023-11-16 18:44:15.738034,1042,385,long
2023-11-16 18:44:15.842818,1662,108,long
2023-11-16 18:44:16.211963,1053,428,long
2023-11-16 18:44:16.506298,376,48,medium
2023-11-16 18:44:16.555554,4080,31,long
2023-11-16 18:44:16.698137,378,69,medium
2023-11-16 18:44:17.114112,4143,79,long
2023-11-16 18:44:17.433947,420,81,medium
2023-11-16 18:44:17.536794,1061,416,long
2023-11-16 18:44:17.571980,411,104,medium
2023-11-16 18:44:17.682276,384,84,medium
2023-11-16 18:44:17.748033,1090,424,long
2023-11-16 18:44:17.976573,4085,43,long
2023-11-16 18:44:18.278663,394,109,medium
2023-11-16 18:44:18.523379,426,109,medium
2023-11-16 18:44:18.704041,300,18,medium
2023-11-16 18:44:18.903961,1101,385,long
2023-11-16 18:44:18.921370,4077,90,long
2023-11-16 18:44:19.065925,383,70,medium
2023-11-16 18:44:19.363660,4089,54,long
2023-11-16 18:44:19.383515,4075,56,long
2023-11-16 18:44:19.465148,4080,26,long
2023-11-16 18:44:19.598322,397,89,medium
2023-11-16 18:44:19.703380,1141,391,long
2023-11-16 18:44:19.728322,1648,60,long
2023-11-16 18:44:19.734091,402,119,medium
2023-11-16 18:44:19.739373,4084,66,long
2023-11-16 18:44:19.946170,4083,32,long
2023-11-16 18:44:20.014071,381,73,medium
2023-11-16 18:44:20.032662,412,151,medium
2023-11-16 18:44:20.242711,395,112,medium
2023-11-16 18:44:20.897911,2625,81,long
2023-11-16 18:44:20.921715,2460,114,long
2023-11-16 18:44:21.193727,421,108,medium
2023-11-16 18:44:21.267082,181,121,medium
2023-11-16 18:44:21.629090,393,95,medium
2023-11-16 18:44:22.003793,372,62,medium
2023-11-16 18:44:22.023198,409,136,medium
2023-11-16 18:44:22.057565,396,109,medium
2023-11-16 18:44:22.615467,1424,122,long
2023-11-16 18:44:22.668934,373,76,medium
2023-11-16 18:44:22.727359,4072,27,long
2023-11-16 18:44:22.751511,4087,39,long
2023-11-16 18:44:22.888693,1119,99,long
2023-11-16 18:44:22.893575,400,123,medium
2023-11-16 18:44:23.191610,4121,52,long
2023-11-16 18:44:23.314037,402,129,medium
2023-11-16 18:44:23.409675,393,95,medium
2023-11-16 18:44:23.445266,2411,45,long
2023-11-16 18:44:23.550123,4080,47,long
2023-11-16 18:44:23.575624,429,100,medium
2023-11-16 18:44:23.913280,397,78,medium
2023-11-16 18:44:23.933643,4083,56,long
2023-11-16 18:44:23.966695,395,93,medium
2023-11-16 18:44:24.131848,4128,59,long
2023-11-16 18:44:24.239489,409,90,medium
2023-11-16 18:44:24.302126,434,91,medium
2023-11-16 18:44:24.302651,1026,528,long
2023-11-16 18:44:24.351990,426,85,medium
2023-11-16 18:44:24.430299,986,592,long
2023-11-16 18:44:24.541350,408,87,medium
2023-11-16 18:44:24.739620,1430,78,long
2023-11-16 18:44:24.795616,399,95,medium
2023-11-16 18:44:25.021575,4088,336,long
2023-11-16 18:44:25.225109,385,74,medium
2023-11-16 18:44:25.354525,377,78,medium
2023-11-16 18:44:25.497554,4084,42,long
2023-11-16 18:44:25.500729,380,84,medium
2023-11-16 18:44:25.512712,1004,78,long
2023-11-16 18:44:25.681496,4083,161,long
2023-11-16 18:44:25.931305,4079,87,long
2023-11-16 18:44:26.039424,504,105,medium
2023-11-16 18:44:26.280933,373,82,medium
2023-11-16 18:44:27.183665,1424,65,long
2023-11-16 18:44:27.205153,430,104,medium
2023-11-16 18:44:27.728588,1894,90,long
2023-11-16 18:44:27.954151,398,94,medium
2023-11-16 18:44:28.011448,4081,111,long
2023-11-16 18:44:28.130985,427,92,medium
2023-11-16 18:44:28.186850,4075,27,long
2023-11-16 18:44:28.189769,978,110,long
2023-11-16 18:44:28.611342,375,69,medium
2023-11-16 18:44:28.663887,408,100,medium
2023-11-16 18:44:29.037876,377,75,medium
2023-11-16 18:44:29.308556,396,92,medium
2023-11-16 18:44:29.473161,1041,576,long
2023-11-16 18:44:29.538821,393,88,medium
2023-11-16 18:44:29.610226,212,162,medium
2023-11-16 18:44:29.784968,885,87,long
2023-11-16 18:44:29.833661,397,57,medium
2023-11-16 18:44:30.008854,396,76,medium
2023-11-16 18:44:30.009559,4080,73,long
2023-11-16 18:44:30.482300,1110,411,long
2023-11-16 18:44:30.710006,408,123,medium
2023-11-16 18:44:30.722439,375,83,medium
2023-11-16 18:44:30.764722,4090,54,long
2023-11-16 18:44:30.771838,4077,28,long
2023-11-16 18:44:30.825809,373,75,medium
2023-11-16 18:44:31.162664,4093,29,long
2023-11-16 18:44:31.213214,1827,103,long
2023-11-16 18:44:31.498582,382,59,medium
2023-11-16 18:44:31.847109,4082,36,long
2023-11-16 18:44:31.887331,1078,388,long
2023-11-16 18:44:32.151072,4088,42,long
2023-11-16 18:44:32.168218,380,84,medium
2023-11-16 18:44:32.520570,4075,135,long
2023-11-16 18:44:32.582080,4088,64,long
2023-11-16 18:44:32.606513,391,131,medium
2023-11-16 18:44:32.797653,4089,71,long
2023-11-16 18:44:32.826633,181,162,medium
2023-11-16 18:44:33.033711,4075,43,long
2023-11-16 18:44:33.101602,413,102,medium
2023-11-16 18:44:33.372264,4086,46,long
2023-11-16 18:44:33.395785,410,112,medium
2023-11-16 18:44:33.413575,237,14,medium
2023-11-16 18:44:33.437358,386,76,medium
2023-11-16 18:44:33.663787,409,115,medium
2023-11-16 18:44:33.711848,386,69,medium
2023-11-16 18:44:33.781203,1964,65,long
2023-11-16 18:44:33.855308,398,111,medium
2023-11-16 18:44:34.047013,397,116,medium
2023-11-16 18:44:34.068590,394,93,medium
2023-11-16 18:44:34.080681,120,12,short
2023-11-16 18:44:34.259835,407,101,medium
2023-11-16 18:44:34.350588,1058,418,long
2023-11-16 18:44:34.425935,1807,117,long
2023-11-16 18:44:34.427781,452,87,medium
2023-11-16 18:44:34.462074,406,200,medium
2023-11-16 18:44:34.560811,4080,79,long
2023-11-16 18:44:34.626141,383,106,medium
2023-11-16 18:44:34.651003,402,134,medium
2023-11-16 18:44:34.815848,4100,172,long
2023-11-16 18:44:35.011284,1821,112,long
2023-11-16 18:44:35.013160,1930,51,long
2023-11-16 18:44:35.097841,1174,73,long
2023-11-16 18:44:35.415760,382,95,medium
2023-11-16 18:44:35.464179,4080,47,long
2023-11-16 18:44:35.525393,1317,153,long
2023-11-16 18:44:35.930385,394,88,medium
2023-11-16 18:44:35.942013,402,91,medium
2023-11-16 18:44:35.971654,4149,41,long
2023-11-16 18:44:35.993314,1190,414,long
2023-11-16 18:44:36.524054,409,145,medium
2023-11-16 18:44:36.566832,383,90,medium
2023-11-16 18:44:36.797138,903,89,long
2023-11-16 18:44:36.844644,391,103,medium
2023-11-16 18:44:36.993094,4084,37,long
2023-11-16 18:44:37.008486,401,167,medium
2023-11-16 18:44:37.072342,397,55,medium
2023-11-16 18:44:37.137794,203,183,medium
2023-11-16 18:44:37.159934,404,82,medium
2023-11-16 18:44:37.181871,4095,30,long
2023-11-16 18:44:37.187787,401,97,medium
2023-11-16 18:44:37.212166,1813,53,long
2023-11-16 18:44:37.338830,387,109,medium
2023-11-16 18:44:37.555779,385,89,medium
2023-11-16 18:44:37.569603,4080,28,long
2023-11-16 18:44:37.618896,374,84,medium
2023-11-16 18:44:38.149955,2343,70,long
2023-11-16 18:44:38.372534,382,72,medium
2023-11-16 18:44:38.383437,406,97,medium
2023-11-16 18:44:38.413845,4087,171,long
2023-11-16 18:44:38.671503,1977,72,long
2023-11-16 18:44:38.696732,372,81,medium
2023-11-16 18:44:38.718639,4107,43,long
2023-11-16 18:44:38.789148,381,109,medium
2023-11-16 18:44:39.014468,1152,394,long
2023-11-16 18:44:39.167473,2510,107,long
2023-11-16 18:44:39.324706,409,105,medium
2023-11-16 18:44:39.399967,392,77,medium
2023-11-16 18:44:39.490502,374,65,medium
2023-11-16 18:44:39.601853,28,121,short
2023-11-16 18:44:39.679497,1018,401,long
2023-11-16 18:44:39.841609,399,110,medium
2023-11-16 18:44:39.977522,405,95,medium
2023-11-16 18:44:40.045853,1052,97,long
2023-11-16 18:44:40.110018,1734,85,long
2023-11-16 18:44:40.313445,398,109,medium
2023-11-16 18:44:40.472960,4089,41,long
2023-11-16 18:44:40.518531,427,109,medium
2023-11-16 18:44:40.705572,417,116,medium
2023-11-16 18:44:40.940358,406,96,medium
2023-11-16 18:44:41.079812,392,83,medium
2023-11-16 18:44:41.149254,1087,95,long
2023-11-16 18:44:41.410381,2383,78,long
2023-11-16 18:44:41.442004,1099,63,long
2023-11-16 18:44:41.497894,388,76,medium
2023-11-16 18:44:41.592794,392,80,medium
2023-11-16 18:44:41.726424,1024,608,long
2023-11-16 18:44:41.761667,395,136,medium
2023-11-16 18:44:41.763152,387,71,medium
2023-11-16 18:44:41.770754,4095,56,long
2023-11-16 18:44:41.811859,1890,79,long
2023-11-16 18:44:41.997549,1101,385,long
2023-11-16 18:44:42.139580,411,125,medium
2023-11-16 18:44:42.183799,456,101,medium
2023-11-16 18:44:42.288587,1027,430,long
2023-11-16 18:44:42.324050,377,71,medium
2023-11-16 18:44:42.335545,4085,51,long
2023-11-16 18:44:42.375014,384,54,medium
2023-11-16 18:44:42.681435,399,157,medium
2023-11-16 18:44:42.737080,397,101,medium
2023-11-16 18:44:42.861993,375,76,medium
2023-11-16 18:44:42.866930,391,51,medium
2023-11-16 18:44:42.876068,4078,154,long
2023-11-16 18:44:43.462331,402,103,medium
2023-11-16 18:44:43.491075,394,183,medium
2023-11-16 18:44:43.618985,422,180,medium
2023-11-16 18:44:43.695879,897,395,long
2023-11-16 18:44:43.900788,419,53,medium
2023-11-16 18:44:44.009714,404,77,medium
2023-11-16 18:44:44.076353,408,87,medium
2023-11-16 18:44:44.189761,397,91,medium
2023-11-16 18:44:44.394638,422,137,medium
2023-11-16 18:44:44.396987,439,94,medium
2023-11-16 18:44:44.487818,370,52,medium
2023-11-16 18:44:44.614086,4075,46,long
2023-11-16 18:44:44.707057,375,49,medium
2023-11-16 18:44:44.780724,405,78,medium
2023-11-16 18:44:45.234473,4083,87,long
2023-11-16 18:44:45.893376,1783,90,long
2023-11-16 18:44:45.981387,420,109,medium
2023-11-16 18:44:46.028350,181,326,medium
2023-11-16 18:44:46.249373,380,80,medium
2023-11-16 18:44:46.284588,405,117,medium
2023-11-16 18:44:46.406535,1087,534,long
2023-11-16 18:44:46.646124,1178,437,long
2023-11-16 18:44:46.659074,200,161,medium
2023-11-16 18:44:46.678701,447,114,medium
2023-11-16 18:44:47.046568,4087,57,long
2023-11-16 18:44:47.076506,1060,507,long
2023-11-16 18:44:47.321852,398,83,medium
2023-11-16 18:44:47.321974,4078,53,long
2023-11-16 18:44:47.343158,4090,144,long
2023-11-16 18:44:47.396141,1190,392,long
2023-11-16 18:44:47.468693,4090,28,long
2023-11-16 18:44:47.646028,4085,48,long
2023-11-16 18:44:47.680404,1610,88,long
2023-11-16 18:44:47.889295,4076,53,long
2023-11-16 18:44:47.961827,412,110,medium
2023-11-16 18:44:48.038079,398,99,medium
2023-11-16 18:44:48.330052,1092,422,long
2023-11-16 18:44:48.567301,4073,98,long
2023-11-16 18:44:48.662424,4126,59,long
2023-11-16 18:44:48.857177,375,91,medium
2023-11-16 18:44:49.069386,4097,53,long
2023-11-16 18:44:49.118657,371,78,medium
2023-11-16 18:44:49.312297,382,94,medium
2023-11-16 18:44:49.418383,394,100,medium
2023-11-16 18:44:49.457216,420,95,medium
2023-11-16 18:44:49.617208,379,76,medium
2023-11-16 18:44:49.649884,410,90,medium
2023-11-16 18:44:49.696535,378,61,medium
2023-11-16 18:44:49.866312,4079,32,long
2023-11-16 18:44:50.016297,385,32,medium
2023-11-16 18:44:50.038702,406,109,medium
2023-11-16 18:44:50.084733,4099,69,long
2023-11-16 18:44:50.107319,740,83,long
2023-11-16 18:44:50.229128,405,116,medium
2023-11-16 18:44:50.229139,389,96,medium
2023-11-16 18:44:50.276743,400,90,medium
2023-11-16 18:44:50.297218,7,142,short
2023-11-16 18:44:50.626231,4080,48,long
2023-11-16 18:44:50.737926,403,100,medium
2023-11-16 18:44:51.078341,384,65,medium
2023-11-16 18:44:51.153467,387,82,medium
2023-11-16 18:44:51.163894,422,96,medium
2023-11-16 18:44:51.169839,399,96,medium
2023-11-16 18:44:51.269781,4090,60,long
2023-11-16 18:44:51.388659,378,90,medium
2023-11-16 18:44:51.414938,1152,49,long
2023-11-16 18:44:51.458818,409,100,medium
2023-11-16 18:44:51.489703,395,85,medium
2023-11-16 18:44:51.521374,415,84,medium
2023-11-16 18:44:51.573478,1315,226,long
2023-11-16 18:44:51.842543,4083,127,long
2023-11-16 18:44:52.441842,1201,375,long
2023-11-16 18:44:52.575546,2367,56,long
2023-11-16 18:44:52.805923,1017,534,long
2023-11-16 18:44:52.869802,386,111,medium
2023-11-16 18:44:53.419867,4076,33,long
2023-11-16 18:44:53.460095,1141,95,long
2023-11-16 18:44:53.627834,4509,134,long
2023-11-16 18:44:53.727211,380,90,medium
2023-11-16 18:44:53.949575,398,126,medium
2023-11-16 18:44:53.992044,405,162,medium
2023-11-16 18:44:54.024262,374,110,medium
2023-11-16 18:44:54.031287,4078,154,long
2023-11-16 18:44:54.098856,4081,56,long
2023-11-16 18:44:54.217113,401,93,medium
2023-11-16 18:44:54.261053,406,93,medium
2023-11-16 18:44:54.299362,378,90,medium
2023-11-16 18:44:54.329373,401,109,medium
2023-11-16 18:44:54.390338,401,108,medium
2023-11-16 18:44:54.501431,910,91,long
2023-11-16 18:44:54.602477,381,87,medium
2023-11-16 18:44:55.017787,402,83,medium
2023-11-16 18:44:55.095718,4078,34,long
2023-11-16 18:44:55.412678,404,95,medium
2023-11-16 18:44:55.612100,422,111,medium
2023-11-16 18:44:55.797214,390,102,medium
2023-11-16 18:44:55.900801,1181,125,long
2023-11-16 18:44:56.151963,4133,83,long
2023-11-16 18:44:56.362361,4082,107,long
2023-11-16 18:44:56.466727,386,79,medium
2023-11-16 18:44:56.564035,378,152,medium
2023-11-16 18:44:56.706896,406,149,medium
2023-11-16 18:44:56.716314,400,91,medium
2023-11-16 18:44:56.724398,1010,444,long
2023-11-16 18:44:56.845103,389,92,medium
2023-11-16 18:44:57.360104,419,46,medium
2023-11-16 18:44:57.510236,1314,54,long
2023-11-16 18:44:57.526484,4149,88,long
2023-11-16 18:44:57.611224,407,86,medium
2023-11-16 18:44:58.285625,2178,133,long
2023-11-16 18:44:58.318611,374,59,medium
2023-11-16 18:44:58.588318,410,104,medium
2023-11-16 18:44:58.766340,405,98,medium
2023-11-16 18:44:58.768429,373,68,medium
2023-11-16 18:44:58.789495,440,132,medium
2023-11-16 18:44:58.871188,398,129,medium
2023-11-16 18:44:59.276026,4072,139,long
2023-11-16 18:44:59.390469,912,42,long
2023-11-16 18:44:59.468298,4088,52,long
2023-11-16 18:44:59.779063,398,78,medium
2023-11-16 18:44:59.825823,399,100,medium
2023-11-16 18:44:59.847917,4078,84,long
2023-11-16 18:44:59.937730,4159,68,long
2023-11-16 18:45:00.346317,4155,48,long
2023-11-16 18:45:00.580477,380,71,medium
2023-11-16 18:45:00.648861,400,137,medium
2023-11-16 18:45:00.691592,130,205,medium
2023-11-16 18:45:00.842755,1178,409,long
2023-11-16 18:45:00.947887,459,327,medium
2023-11-16 18:45:00.969679,403,147,medium
2023-11-16 18:45:01.142521,4079,57,long
2023-11-16 18:45:01.610887,438,95,medium
2023-11-16 18:45:01.648571,405,111,medium
2023-11-16 18:45:01.678865,8,159,short
2023-11-16 18:45:01.718867,1319,189,long
2023-11-16 18:45:02.110201,406,94,medium
2023-11-16 18:45:02.141485,396,90,medium
2023-11-16 18:45:02.188232,378,66,medium
2023-11-16 18:45:02.206182,403,125,medium
2023-11-16 18:45:02.248880,8,131,short
2023-11-16 18:45:02.343707,378,127,medium
2023-11-16 18:45:02.465788,408,113,medium
2023-11-16 18:45:02.633987,416,97,medium
2023-11-16 18:45:02.701457,430,52,medium
2023-11-16 18:45:02.924179,4074,39,long
2023-11-16 18:45:03.023762,386,70,medium
2023-11-16 18:45:03.045890,379,73,medium
2023-11-16 18:45:03.096051,395,41,medium
2023-11-16 18:45:03.119025,4080,36,long
2023-11-16 18:45:03.181531,30,139,short
2023-11-16 18:45:03.408019,4083,41,long
2023-11-16 18:45:03.443880,394,84,medium
2023-11-16 18:45:03.500588,377,80,medium
2023-11-16 18:45:03.833569,388,61,medium
2023-11-16 18:45:04.038496,1078,401,long
2023-11-16 18:45:04.301419,4095,40,long
2023-11-16 18:45:04.388141,399,85,medium
2023-11-16 18:45:04.462144,425,160,medium
2023-11-16 18:45:04.920319,1018,393,long
2023-11-16 18:45:05.205718,398,85,medium
2023-11-16 18:45:05.299891,1183,372,long
2023-11-16 18:45:05.318937,421,85,medium
2023-11-16 18:45:05.460596,387,85,medium
2023-11-16 18:45:05.487415,398,135,medium
2023-11-16 18:45:06.013257,1186,415,long
2023-11-16 18:45:06.093430,410,112,medium
2023-11-16 18:45:06.170253,407,89,medium
2023-11-16 18:45:06.210522,377,59,medium
2023-11-16 18:45:06.373245,4106,35,long
2023-11-16 18:45:06.448130,4091,35,long
2023-11-16 18:45:06.454191,4082,57,long
2023-11-16 18:45:06.697442,452,86,medium
2023-11-16 18:45:06.717598,4098,104,long
2023-11-16 18:45:06.790209,408,82,medium
2023-11-16 18:45:06.880654,1004,467,long
2023-11-16 18:45:07.041599,416,109,medium
2023-11-16 18:45:07.198244,1505,77,long
2023-11-16 18:45:07.297002,446,96,medium
2023-11-16 18:45:07.523024,4121,69,long
2023-11-16 18:45:07.540274,314,18,medium
2023-11-16 18:45:07.567821,4084,62,long
2023-11-16 18:45:07.618937,2946,90,long
2023-11-16 18:45:07.776851,404,87,medium
2023-11-16 18:45:07.914401,2309,67,long
2023-11-16 18:45:07.980633,392,93,medium
2023-11-16 18:45:08.068605,399,136,medium
2023-11-16 18:45:08.070698,419,107,medium
2023-11-16 18:45:08.101707,4084,36,long
2023-11-16 18:45:08.150948,4131,44,long
2023-11-16 18:45:08.210532,390,92,medium
2023-11-16 18:45:08.339232,1088,423,long
2023-11-16 18:45:08.353346,1993,50,long
2023-11-16 18:45:08.482447,372,88,medium
2023-11-16 18:45:08.513702,379,95,medium
2023-11-16 18:45:08.578152,404,97,medium
2023-11-16 18:45:08.817725,1508,114,long
2023-11-16 18:45:09.172088,371,71,medium
2023-11-16 18:45:09.246229,4084,66,long
2023-11-16 18:45:09.248816,4080,28,long
2023-11-16 18:45:09.251343,4086,133,long
2023-11-16 18:45:09.650240,1353,155,long
2023-11-16 18:45:09.702853,404,81,medium
2023-11-16 18:45:09.787782,398,88,medium
2023-11-16 18:45:09.911085,1010,407,long
2023-11-16 18:45:09.912627,462,84,medium
2023-11-16 18:45:10.045549,400,104,medium
2023-11-16 18:45:10.397415,401,78,medium
2023-11-16 18:45:10.542035,1321,75,long
2023-11-16 18:45:10.861048,443,88,medium
2023-11-16 18:45:10.894770,406,103,medium
2023-11-16 18:45:11.029142,1678,88,long
2023-11-16 18:45:11.126540,879,84,long
2023-11-16 18:45:11.428378,2738,137,long
2023-11-16 18:45:11.697193,4165,108,long
2023-11-16 18:45:11.756356,2700,77,long
2023-11-16 18:45:11.835836,838,91,long
2023-11-16 18:45:11.842684,384,48,medium
2023-11-16 18:45:11.879917,401,127,medium
2023-11-16 18:45:12.010032,381,75,medium
2023-11-16 18:45:12.012869,11,182,short
2023-11-16 18:45:12.083276,1190,414,long
2023-11-16 18:45:12.234830,393,77,medium
2023-11-16 18:45:12.417844,428,87,medium
2023-11-16 18:45:12.458678,395,64,medium
2023-11-16 18:45:12.616477,403,90,medium
2023-11-16 18:45:12.849479,4077,115,long
2023-11-16 18:45:12.878975,4087,42,long
2023-11-16 18:45:13.035584,1820,76,long
2023-11-16 18:45:13.333848,390,88,medium
2023-11-16 18:45:13.565438,4084,44,long
2023-11-16 18:45:13.699551,203,217,medium
2023-11-16 18:45:13.701077,378,82,medium
2023-11-16 18:45:13.924514,4143,47,long
2023-11-16 18:45:14.074504,2221,50,long
2023-11-16 18:45:14.189823,4081,67,long
2023-11-16 18:45:14.317010,393,92,medium
2023-11-16 18:45:14.356866,956,106,long
2023-11-16 18:45:14.554656,4098,41,long
2023-11-16 18:45:14.561728,4092,146,long
2023-11-16 18:45:14.604880,396,107,medium
2023-11-16 18:45:14.626609,372,63,medium
2023-11-16 18:45:14.626703,393,125,medium
2023-11-16 18:45:14.880169,371,54,medium
2023-11-16 18:45:15.165629,379,42,medium
2023-11-16 18:45:15.435679,397,92,medium
2023-11-16 18:45:15.581979,405,95,medium
2023-11-16 18:45:15.641959,4101,68,long
2023-11-16 18:45:15.652241,399,150,medium
2023-11-16 18:45:15.687483,387,84,medium
2023-11-16 18:45:15.696486,4076,46,long
2023-11-16 18:45:15.892977,4088,95,long
2023-11-16 18:45:15.894071,377,71,medium
2023-11-16 18:45:16.006412,383,78,medium
2023-11-16 18:45:16.199466,374,86,medium
2023-11-16 18:45:16.694888,396,89,medium
2023-11-16 18:45:16.697814,1110,28,long
2023-11-16 18:45:16.977166,986,592,long
2023-11-16 18:45:17.155920,4086,28,long
2023-11-16 18:45:17.477573,406,99,medium
2023-11-16 18:45:17.538195,429,82,medium
2023-11-16 18:45:17.692468,4086,42,long
2023-11-16 18:45:17.968478,373,76,medium
2023-11-16 18:45:18.095478,421,92,medium
2023-11-16 18:45:18.186189,378,49,medium
2023-11-16 18:45:18.232162,407,101,medium
2023-11-16 18:45:18.627431,4094,65,long
2023-11-16 18:45:18.805106,1884,43,long
2023-11-16 18:45:18.858195,381,78,medium
2023-11-16 18:45:19.574922,4098,98,long
2023-11-16 18:45:19.631680,402,108,medium
2023-11-16 18:45:19.656918,389,87,medium
2023-11-16 18:45:19.955997,371,71,medium
2023-11-16 18:45:20.006180,1026,42,long
2023-11-16 18:45:20.735877,374,70,medium
2023-11-16 18:45:20.824469,3795,56,long
2023-11-16 18:45:20.954110,397,82,medium
2023-11-16 18:45:20.977227,4074,40,long
2023-11-16 18:45:20.999260,1102,52,long
2023-11-16 18:45:21.008225,415,95,medium
2023-11-16 18:45:21.083545,398,83,medium
2023-11-16 18:45:21.083552,398,109,medium
2023-11-16 18:45:21.127495,306,18,medium
2023-11-16 18:45:21.394433,430,92,medium
2023-11-16 18:45:21.421611,2585,101,long
2023-11-16 18:45:21.558136,1792,94,long
2023-11-16 18:45:21.587045,4077,45,long
2023-11-16 18:45:21.625242,403,107,medium
2023-11-16 18:45:21.711675,407,139,medium
2023-11-16 18:45:21.764973,1783,73,long
2023-11-16 18:45:21.989813,4079,43,long
2023-11-16 18:45:22.006808,1010,409,long
2023-11-16 18:45:22.347193,404,103,medium
2023-11-16 18:45:22.591240,406,81,medium
2023-11-16 18:45:22.674695,181,148,medium
2023-11-16 18:45:22.676368,389,86,medium
2023-11-16 18:45:22.868604,372,84,medium
2023-11-16 18:45:23.037472,374,78,medium
2023-11-16 18:45:23.097553,1330,47,long
2023-11-16 18:45:23.119058,4074,66,long
2023-11-16 18:45:23.474122,883,47,long
2023-11-16 18:45:23.588398,4075,39,long
2023-11-16 18:45:23.826024,4087,37,long
2023-11-16 18:45:23.967814,369,74,medium
2023-11-16 18:45:24.023673,426,75,medium
2023-11-16 18:45:24.118395,4145,59,long
2023-11-16 18:45:24.586441,4098,47,long
2023-11-16 18:45:24.641142,4091,63,long
2023-11-16 18:45:24.645115,375,67,medium
2023-11-16 18:45:24.967714,4088,40,long
2023-11-16 18:45:25.086820,3807,56,long
2023-11-16 18:45:25.907885,4132,76,long
2023-11-16 18:45:25.956393,380,91,medium
2023-11-16 18:45:26.191650,22,105,short
2023-11-16 18:45:26.194855,1111,617,long
2023-11-16 18:45:26.341882,390,108,medium
2023-11-16 18:45:26.456063,4107,68,long
2023-11-16 18:45:26.489087,400,172,medium
2023-11-16 18:45:26.790143,386,111,medium
2023-11-16 18:45:27.359158,410,115,medium
2023-11-16 18:45:27.656172,1113,383,long
2023-11-16 18:45:27.677913,1314,150,long
2023-11-16 18:45:27.733894,4080,34,long
2023-11-16 18:45:27.776820,4088,49,long
2023-11-16 18:45:27.884290,371,61,medium
2023-11-16 18:45:28.219640,390,110,medium
2023-11-16 18:45:28.258212,418,126,medium
2023-11-16 18:45:28.392345,1085,440,long
2023-11-16 18:45:28.441906,423,145,medium
2023-11-16 18:45:28.488432,384,89,medium
2023-11-16 18:45:28.490472,380,77,medium
2023-11-16 18:45:28.523758,1773,102,long
2023-11-16 18:45:28.897447,1156,74,long
2023-11-16 18:45:29.062134,417,90,medium
2023-11-16 18:45:29.162396,402,93,medium
2023-11-16 18:45:29.238926,374,101,medium
2023-11-16 18:45:29.303306,374,94,medium
2023-11-16 18:45:29.462784,386,64,medium
2023-11-16 18:45:29.652714,1201,543,long
2023-11-16 18:45:29.700028,4077,57,long
2023-11-16 18:45:29.823054,4074,58,long
2023-11-16 18:45:29.923082,1622,95,long
2023-11-16 18:45:29.924562,407,88,medium
2023-11-16 18:45:29.948191,402,81,medium
2023-11-16 18:45:30.566721,372,120,medium
2023-11-16 18:45:30.642489,1051,388,long
2023-11-16 18:45:30.869374,395,73,medium
2023-11-16 18:45:30.884139,4089,53,long
2023-11-16 18:45:31.020338,4084,42,long
2023-11-16 18:45:31.133775,382,75,medium
2023-11-16 18:45:31.264856,2,93,short
2023-11-16 18:45:31.392688,381,176,medium
2023-11-16 18:45:31.406480,409,86,medium
2023-11-16 18:45:31.478079,375,136,medium
2023-11-16 18:45:31.518936,404,120,medium
2023-11-16 18:45:31.638487,392,91,medium
2023-11-16 18:45:31.808221,4088,48,long
2023-11-16 18:45:32.046467,420,95,medium
2023-11-16 18:45:32.067464,1315,142,long
2023-11-16 18:45:32.078972,1036,386,long
2023-11-16 18:45:32.309085,4078,103,long
2023-11-16 18:45:32.487234,1161,59,long
2023-11-16 18:45:32.909647,1099,526,long
2023-11-16 18:45:32.969003,1212,61,long
2023-11-16 18:45:33.042406,395,79,medium
2023-11-16 18:45:33.114205,4074,43,long
2023-11-16 18:45:33.376692,242,14,medium
2023-11-16 18:45:33.706623,495,95,medium
2023-11-16 18:45:33.965591,4089,28,long
2023-11-16 18:45:33.989873,399,83,medium
2023-11-16 18:45:34.114144,1058,415,long
2023-11-16 18:45:34.156821,428,81,medium
2023-11-16 18:45:34.193061,442,83,medium
2023-11-16 18:45:34.351731,1113,408,long
2023-11-16 18:45:34.456943,4078,45,long
2023-11-16 18:45:34.554211,374,73,medium
2023-11-16 18:45:34.586476,2118,110,long
2023-11-16 18:45:34.657199,396,60,medium
2023-11-16 18:45:34.765302,373,60,medium
2023-11-16 18:45:34.837952,383,78,medium
2023-11-16 18:45:34.930601,4081,41,long
2023-11-16 18:45:34.993047,387,64,medium
2023-11-16 18:45:35.042369,432,111,medium
2023-11-16 18:45:35.121081,414,99,medium
2023-11-16 18:45:35.176542,4086,55,long
2023-11-16 18:45:35.188067,375,104,medium
2023-11-16 18:45:35.375147,986,423,long
2023-11-16 18:45:35.382203,399,91,medium
2023-11-16 18:45:35.433901,203,217,medium
2023-11-16 18:45:35.758371,1364,39,long
2023-11-16 18:45:35.957863,1692,98,long
2023-11-16 18:45:36.100545,4078,40,long
2023-11-16 18:45:36.149521,2229,105,long
2023-11-16 18:45:36.304247,382,63,medium
2023-11-16 18:45:36.446826,411,94,medium
2023-11-16 18:45:36.499561,448,91,medium
2023-11-16 18:45:36.748448,383,97,medium
2023-11-16 18:45:36.824000,1136,396,long
2023-11-16 18:45:36.867360,385,145,medium
2023-11-16 18:45:37.051765,395,89,medium
2023-11-16 18:45:37.236783,379,77,medium
2023-11-16 18:45:37.245810,181,107,medium
2023-11-16 18:45:37.479834,400,92,medium
2023-11-16 18:45:37.599098,416,108,medium
2023-11-16 18:45:37.635602,384,90,medium
2023-11-16 18:45:37.988449,391,116,medium
2023-11-16 18:45:38.027364,2584,141,long
2023-11-16 18:45:38.126393,2159,88,long
2023-11-16 18:45:38.143856,417,107,medium
2023-11-16 18:45:38.224238,4090,94,long
2023-11-16 18:45:38.239891,415,81,medium
2023-11-16 18:45:38.499167,4100,142,long
2023-11-16 18:45:38.802959,372,79,medium
2023-11-16 18:45:38.878627,1065,413,long
2023-11-16 18:45:38.948645,1193,45,long
2023-11-16 18:45:39.123858,378,80,medium
2023-11-16 18:45:39.251548,384,63,medium
2023-11-16 18:45:39.336457,375,54,medium
2023-11-16 18:45:39.440326,880,96,long
2023-11-16 18:45:39.520466,442,92,medium
2023-11-16 18:45:39.574899,412,81,medium
2023-11-16 18:45:39.958044,1641,143,long
2023-11-16 18:45:40.297847,390,91,medium
2023-11-16 18:45:40.339427,410,102,medium
2023-11-16 18:45:40.357246,4075,55,long
2023-11-16 18:45:40.357252,1111,414,long
2023-11-16 18:45:40.424723,1025,426,long
2023-11-16 18:45:40.533638,879,89,long
2023-11-16 18:45:40.739562,440,86,medium
2023-11-16 18:45:40.777103,1467,113,long
2023-11-16 18:45:40.944082,385,79,medium
2023-11-16 18:45:41.096258,4084,46,long
2023-11-16 18:45:41.375457,395,135,medium
2023-11-16 18:45:41.514410,397,87,medium
2023-11-16 18:45:41.514420,417,96,medium
2023-11-16 18:45:41.571296,1231,45,long
2023-11-16 18:45:41.703813,2694,90,long
2023-11-16 18:45:42.030007,411,133,medium
2023-11-16 18:45:42.059555,1312,159,long
2023-11-16 18:45:42.097064,419,88,medium
2023-11-16 18:45:42.246309,393,88,medium
2023-11-16 18:45:42.269265,376,74,medium
2023-11-16 18:45:42.377588,4077,105,long
2023-11-16 18:45:42.578426,413,81,medium
2023-11-16 18:45:42.721401,374,68,medium
2023-11-16 18:45:42.840205,4081,67,long
2023-11-16 18:45:43.166160,418,86,medium
2023-11-16 18:45:43.224677,377,46,medium
2023-11-16 18:45:43.283748,404,120,medium
2023-11-16 18:45:43.340748,388,108,medium
2023-11-16 18:45:43.530986,398,90,medium
2023-11-16 18:45:43.576770,405,103,medium
2023-11-16 18:45:43.618958,421,106,medium
2023-11-16 18:45:43.997850,406,100,medium
2023-11-16 18:45:44.052258,4076,58,long
2023-11-16 18:45:44.056242,1080,413,long
2023-11-16 18:45:44.178964,1067,373,long
2023-11-16 18:45:44.209189,4077,31,long
2023-11-16 18:45:44.908638,4143,74,long
2023-11-16 18:45:44.995760,4077,32,long
2023-11-16 18:45:45.036815,4080,50,long
2023-11-16 18:45:45.090371,378,92,medium
2023-11-16 18:45:45.092131,181,118,medium
2023-11-16 18:45:45.168368,1200,399,long
2023-11-16 18:45:45.191978,4082,28,long
2023-11-16 18:45:45.259792,406,122,medium
2023-11-16 18:45:45.273525,375,55,medium
2023-11-16 18:45:45.300657,396,83,medium
2023-11-16 18:45:45.306977,4085,48,long
2023-11-16 18:45:45.322322,442,88,medium
2023-11-16 18:45:45.589833,385,78,medium
2023-11-16 18:45:46.129881,475,114,medium
2023-11-16 18:45:46.168115,1058,397,long
2023-11-16 18:45:46.233316,2296,54,long
2023-11-16 18:45:46.319468,2447,121,long
2023-11-16 18:45:46.448466,4077,48,long
2023-11-16 18:45:46.555847,2494,85,long
2023-11-16 18:45:46.579941,2538,94,long
2023-11-16 18:45:46.923275,1010,472,long
2023-11-16 18:45:46.936537,394,73,medium
2023-11-16 18:45:46.941170,396,153,medium
2023-11-16 18:45:47.138318,1099,572,long
2023-11-16 18:45:47.819313,380,79,medium
2023-11-16 18:45:48.055865,4081,87,long
2023-11-16 18:45:48.155936,1137,416,long
2023-11-16 18:45:48.568659,372,123,medium
2023-11-16 18:45:48.745888,3000,45,long
2023-11-16 18:45:48.780613,406,114,medium
2023-11-16 18:45:48.877131,393,121,medium
2023-11-16 18:45:48.881761,4092,54,long
2023-11-16 18:45:48.882136,403,92,medium
2023-11-16 18:45:48.915452,4085,41,long
2023-11-16 18:45:49.152083,459,102,medium
2023-11-16 18:45:49.373331,377,52,medium
2023-11-16 18:45:49.494613,4078,84,long
2023-11-16 18:45:49.509426,1069,396,long
2023-11-16 18:45:49.580198,392,137,medium
2023-11-16 18:45:50.127044,181,230,medium
2023-11-16 18:45:50.484816,942,86,long
2023-11-16 18:45:50.502355,392,98,medium
2023-11-16 18:45:50.587504,402,89,medium
2023-11-16 18:45:50.591739,1314,232,long
2023-11-16 18:45:50.796497,395,79,medium
2023-11-16 18:45:50.953886,395,89,medium
2023-11-16 18:45:51.214347,1138,395,long
2023-11-16 18:45:51.725947,1071,395,long
2023-11-16 18:45:51.736231,1094,429,long
2023-11-16 18:45:51.778413,4076,38,long
2023-11-16 18:45:51.815122,379,108,medium
2023-11-16 18:45:51.862170,2443,119,long
2023-11-16 18:45:52.409252,449,95,medium
2023-11-16 18:45:52.426794,4078,28,long
2023-11-16 18:45:52.511798,387,104,medium
2023-11-16 18:45:52.519047,4076,68,long
2023-11-16 18:45:52.616503,4076,29,long
2023-11-16 18:45:53.027860,1059,375,long
2023-11-16 18:45:53.211785,4987,54,long
2023-11-16 18:45:53.361078,412,84,medium
2023-11-16 18:45:53.386808,372,65,medium
2023-11-16 18:45:53.405685,377,86,medium
2023-11-16 18:45:53.716635,4076,73,long
2023-11-16 18:45:54.353748,392,160,medium
2023-11-16 18:45:54.382642,1134,385,long
2023-11-16 18:45:54.517548,181,84,medium
2023-11-16 18:45:54.681885,1086,77,long
2023-11-16 18:45:54.695166,4076,64,long
2023-11-16 18:45:54.933375,4086,54,long
2023-11-16 18:45:54.945632,1070,415,long
2023-11-16 18:45:54.945829,1066,415,long
2023-11-16 18:45:54.978436,4077,37,long
2023-11-16 18:45:55.354598,391,90,medium
2023-11-16 18:45:55.515292,212,191,medium
2023-11-16 18:45:55.614881,383,57,medium
2023-11-16 18:45:55.630942,4079,63,long
2023-11-16 18:45:55.676029,1036,565,long
2023-11-16 18:45:55.803697,375,65,medium
2023-11-16 18:45:56.613335,402,93,medium
2023-11-16 18:45:56.672387,1992,56,long
2023-11-16 18:45:56.875992,447,125,medium
2023-11-16 18:45:57.015765,4159,48,long
2023-11-16 18:45:57.486208,377,67,medium
2023-11-16 18:45:57.813669,908,90,long
2023-11-16 18:45:57.863880,1460,50,long
2023-11-16 18:45:58.444030,405,166,medium
2023-11-16 18:45:58.469456,2175,89,long
2023-11-16 18:45:58.498487,181,90,medium
2023-11-16 18:45:58.580219,4073,37,long
2023-11-16 18:45:58.626742,395,76,medium
2023-11-16 18:45:58.690740,372,84,medium
2023-11-16 18:45:58.776241,1042,395,long
2023-11-16 18:45:58.777419,181,116,medium
2023-11-16 18:45:58.780098,1358,52,long
2023-11-16 18:45:58.850183,392,99,medium
2023-11-16 18:45:58.907639,402,91,medium
2023-11-16 18:45:58.981758,406,139,medium
2023-11-16 18:45:58.993103,375,99,medium
2023-11-16 18:45:59.219145,4089,43,long
2023-11-16 18:45:59.411733,402,182,medium
2023-11-16 18:45:59.669926,1035,405,long
2023-11-16 18:46:00.045630,1070,406,long
2023-11-16 18:46:00.253682,424,87,medium
2023-11-16 18:46:00.327909,4086,34,long
2023-11-16 18:46:00.372321,4098,36,long
2023-11-16 18:46:00.454964,4075,28,long
2023-11-16 18:46:00.460091,4080,27,long
2023-11-16 18:46:00.663048,393,106,medium
2023-11-16 18:46:00.733623,1313,190,long
2023-11-16 18:46:00.844389,334,18,medium
2023-11-16 18:46:00.909868,456,78,medium
2023-11-16 18:46:01.046202,1316,213,long
2023-11-16 18:46:01.064198,416,118,medium
2023-11-16 18:46:01.119002,374,50,medium
2023-11-16 18:46:01.235056,398,95,medium
2023-11-16 18:46:01.259309,4091,137,long
2023-11-16 18:46:01.352349,382,82,medium
2023-11-16 18:46:01.377654,387,86,medium
2023-11-16 18:46:01.389198,437,90,medium
2023-11-16 18:46:01.409767,406,150,medium
2023-11-16 18:46:01.483286,394,90,medium
2023-11-16 18:46:01.483690,398,91,medium
2023-11-16 18:46:01.712820,1052,514,long
2023-11-16 18:46:01.826671,908,89,long
2023-11-16 18:46:01.851486,398,86,medium
2023-11-16 18:46:01.924937,389,100,medium
2023-11-16 18:46:02.062807,4078,108,long
2023-11-16 18:46:02.078170,457,88,medium
2023-11-16 18:46:02.836133,413,74,medium
2023-11-16 18:46:03.017063,440,82,medium
2023-11-16 18:46:03.108160,1604,96,long
2023-11-16 18:46:03.279937,1573,126,long
2023-11-16 18:46:03.308854,4075,49,long
2023-11-16 18:46:03.344157,1069,411,long
2023-11-16 18:46:03.667330,1099,572,long
2023-11-16 18:46:03.698095,405,98,medium
2023-11-16 18:46:03.761917,1040,439,long
2023-11-16 18:46:03.809771,403,100,medium
2023-11-16 18:46:03.867921,1059,446,long
2023-11-16 18:46:03.897877,405,125,medium
2023-11-16 18:46:04.063320,402,171,medium
2023-11-16 18:46:04.133064,1229,88,long
2023-11-16 18:46:04.142534,404,100,medium
2023-11-16 18:46:04.192535,398,88,medium
2023-11-16 18:46:04.335283,1357,138,long
2023-11-16 18:46:04.464554,4079,39,long
2023-11-16 18:46:04.503139,401,108,medium
2023-11-16 18:46:04.633585,998,96,long
2023-11-16 18:46:04.698920,4102,75,long
2023-11-16 18:46:05.219270,398,98,medium
2023-11-16 18:46:05.286774,375,68,medium
2023-11-16 18:46:05.385624,379,84,medium
2023-11-16 18:46:05.390131,120,12,short
2023-11-16 18:46:05.651038,1065,414,long
2023-11-16 18:46:05.761156,372,105,medium
2023-11-16 18:46:05.859262,423,86,medium
2023-11-16 18:46:05.867312,4113,52,long
2023-11-16 18:46:05.968621,1108,534,long
2023-11-16 18:46:06.195902,1933,97,long
2023-11-16 18:46:06.233569,4082,32,long
2023-11-16 18:46:06.350878,1136,437,long
2023-11-16 18:46:06.502596,4092,51,long
2023-11-16 18:46:06.633311,396,127,medium
2023-11-16 18:46:06.848926,396,94,medium
2023-11-16 18:46:06.876453,395,97,medium
2023-11-16 18:46:06.879420,2320,120,long
2023-11-16 18:46:07.375448,410,97,medium
2023-11-16 18:46:07.393293,2530,35,long
2023-11-16 18:46:07.448413,1315,149,long
2023-11-16 18:46:07.697935,4078,58,long
2023-11-16 18:46:07.823127,4071,38,long
2023-11-16 18:46:07.825561,4082,340,long
2023-11-16 18:46:07.986179,409,94,medium
2023-11-16 18:46:08.095160,381,93,medium
2023-11-16 18:46:08.122230,4075,72,long
2023-11-16 18:46:08.139838,384,46,medium
2023-11-16 18:46:08.274659,4075,41,long
2023-11-16 18:46:08.287610,1128,386,long
2023-11-16 18:46:08.470778,2026,78,long
2023-11-16 18:46:08.644273,4079,96,long
2023-11-16 18:46:08.693834,412,80,medium
2023-11-16 18:46:08.860694,376,69,medium
2023-11-16 18:46:09.372736,401,101,medium
2023-11-16 18:46:09.455435,1200,407,long
2023-11-16 18:46:09.797147,398,131,medium
2023-11-16 18:46:09.872893,4080,26,long
2023-11-16 18:46:10.001530,1217,135,long
2023-11-16 18:46:10.167735,399,87,medium
2023-11-16 18:46:10.611960,4077,103,long
2023-11-16 18:46:10.655616,408,97,medium
2023-11-16 18:46:10.676013,4087,53,long
2023-11-16 18:46:11.096189,12,151,short
2023-11-16 18:46:11.241166,4386,86,long
2023-11-16 18:46:11.257880,4089,45,long
2023-11-16 18:46:11.329810,374,106,medium
2023-11-16 18:46:11.768654,407,91,medium
2023-11-16 18:46:11.768874,402,107,medium
2023-11-16 18:46:12.032043,406,105,medium
2023-11-16 18:46:12.236802,397,121,medium
2023-11-16 18:46:12.241739,1086,560,long
2023-11-16 18:46:12.376668,398,124,medium
2023-11-16 18:46:12.413998,1029,407,long
2023-11-16 18:46:12.610428,385,97,medium
2023-11-16 18:46:12.613432,392,101,medium
2023-11-16 18:46:12.707451,181,119,medium
2023-11-16 18:46:12.749795,408,111,medium
2023-11-16 18:46:12.849154,4098,47,long
2023-11-16 18:46:13.191805,397,106,medium
2023-11-16 18:46:13.520157,4151,45,long
2023-11-16 18:46:13.626041,393,92,medium
2023-11-16 18:46:13.666280,396,130,medium
2023-11-16 18:46:13.971938,380,66,medium
2023-11-16 18:46:14.128286,394,81,medium
2023-11-16 18:46:14.186780,397,109,medium
2023-11-16 18:46:14.203176,393,104,medium
2023-11-16 18:46:14.284191,1358,69,long
2023-11-16 18:46:14.360605,1036,545,long
2023-11-16 18:46:14.689405,377,79,medium
2023-11-16 18:46:14.933657,375,163,medium
2023-11-16 18:46:14.935326,1144,396,long
2023-11-16 18:46:15.034785,2584,137,long
2023-11-16 18:46:15.088929,309,18,medium
2023-11-16 18:46:15.138787,1261,74,long
2023-11-16 18:46:15.239423,1242,124,long
2023-11-16 18:46:15.332491,423,137,medium
2023-11-16 18:46:15.410631,396,82,medium
2023-11-16 18:46:15.450346,438,132,medium
2023-11-16 18:46:15.678588,4080,51,long
2023-11-16 18:46:15.725679,1314,170,long
2023-11-16 18:46:15.761308,451,96,medium
2023-11-16 18:46:15.935188,385,82,medium
2023-11-16 18:46:16.136170,404,130,medium
2023-11-16 18:46:16.161596,396,97,medium
2023-11-16 18:46:16.166021,181,103,medium
2023-11-16 18:46:16.239722,404,90,medium
2023-11-16 18:46:16.324962,400,100,medium
2023-11-16 18:46:16.327773,412,116,medium
2023-11-16 18:46:16.658111,1083,384,long
2023-11-16 18:46:16.806454,382,74,medium
2023-11-16 18:46:17.162771,403,89,medium
2023-11-16 18:46:17.355782,385,69,medium
2023-11-16 18:46:17.554385,1460,70,long
2023-11-16 18:46:17.633817,4140,55,long
2023-11-16 18:46:17.675115,415,111,medium
2023-11-16 18:46:17.844089,4121,109,long
2023-11-16 18:46:17.917234,3436,36,long
2023-11-16 18:46:17.932184,1315,191,long
2023-11-16 18:46:17.937386,395,82,medium
2023-11-16 18:46:17.938910,4083,70,long
2023-11-16 18:46:18.014907,4085,38,long
2023-11-16 18:46:18.151962,373,74,medium
2023-11-16 18:46:18.184595,424,85,medium
2023-11-16 18:46:18.265459,390,126,medium
2023-11-16 18:46:18.348705,1315,195,long
2023-11-16 18:46:18.525254,4074,54,long
2023-11-16 18:46:19.303442,428,88,medium
2023-11-16 18:46:19.587672,2453,65,long
2023-11-16 18:46:19.733830,7,109,short
2023-11-16 18:46:19.839519,416,99,medium
2023-11-16 18:46:20.056143,1049,496,long
2023-11-16 18:46:20.136107,393,147,medium
2023-11-16 18:46:20.223432,4091,60,long
2023-11-16 18:46:20.492642,863,44,long
2023-11-16 18:46:20.538698,242,14,medium
2023-11-16 18:46:20.696656,400,140,medium
2023-11-16 18:46:20.795711,1193,71,long
2023-11-16 18:46:20.898848,449,61,medium
2023-11-16 18:46:21.025013,1017,388,long
2023-11-16 18:46:21.161393,120,12,short
2023-11-16 18:46:21.197733,1058,395,long
2023-11-16 18:46:21.228837,382,77,medium
2023-11-16 18:46:21.251300,386,90,medium
2023-11-16 18:46:21.251498,418,113,medium
2023-11-16 18:46:21.457795,382,84,medium
2023-11-16 18:46:21.485434,4082,56,long
2023-11-16 18:46:21.515922,2783,80,long
2023-11-16 18:46:21.786827,1593,84,long
2023-11-16 18:46:22.287135,397,99,medium
2023-11-16 18:46:22.356466,390,71,medium
2023-11-16 18:46:22.507151,4163,81,long
2023-11-16 18:46:22.516085,379,97,medium
2023-11-16 18:46:22.853957,395,118,medium
2023-11-16 18:46:22.933050,943,138,long
2023-11-16 18:46:23.139054,4131,72,long
2023-11-16 18:46:23.243016,22,150,short
2023-11-16 18:46:23.389236,1123,407,long
2023-11-16 18:46:23.464218,4097,42,long
2023-11-16 18:46:23.626541,380,93,medium
2023-11-16 18:46:23.627215,4089,58,long
2023-11-16 18:46:23.699234,377,109,medium
2023-11-16 18:46:23.817351,431,108,medium
2023-11-16 18:46:23.929111,1063,415,long
2023-11-16 18:46:23.947169,1096,412,long
2023-11-16 18:46:24.321519,432,89,medium
2023-11-16 18:46:24.341504,181,97,medium
2023-11-16 18:46:24.625973,326,18,medium
2023-11-16 18:46:24.645396,1137,445,long
2023-11-16 18:46:24.694558,413,83,medium
2023-11-16 18:46:24.694810,401,93,medium
2023-11-16 18:46:25.050827,414,110,medium
2023-11-16 18:46:25.188530,181,147,medium
2023-11-16 18:46:25.334253,372,63,medium
2023-11-16 18:46:25.381438,386,56,medium
2023-11-16 18:46:25.516159,411,146,medium
2023-11-16 18:46:25.731437,4072,60,long
2023-11-16 18:46:25.971722,400,124,medium
2023-11-16 18:46:26.040016,405,94,medium
2023-11-16 18:46:27.066905,394,80,medium
2023-11-16 18:46:27.216941,14,172,short
2023-11-16 18:46:27.719173,406,97,medium
2023-11-16 18:46:27.810823,1040,539,long
2023-11-16 18:46:27.832911,474,86,medium
2023-11-16 18:46:27.909617,405,131,medium
2023-11-16 18:46:27.993232,1153,118,long
2023-11-16 18:46:28.070741,374,76,medium
2023-11-16 18:46:28.174565,384,125,medium
2023-11-16 18:46:28.410167,400,71,medium
2023-11-16 18:46:28.501480,441,134,medium
2023-11-16 18:46:28.537388,989,396,long
2023-11-16 18:46:28.562884,1363,163,long
2023-11-16 18:46:28.691545,382,66,medium
2023-11-16 18:46:28.866363,437,74,medium
2023-11-16 18:46:28.867966,411,89,medium
2023-11-16 18:46:28.895878,387,47,medium
2023-11-16 18:46:29.118330,4079,49,long
2023-11-16 18:46:29.120071,406,88,medium
2023-11-16 18:46:29.558716,181,145,medium
2023-11-16 18:46:29.603822,4087,153,long
2023-11-16 18:46:29.612683,380,82,medium
2023-11-16 18:46:29.712260,372,68,medium
2023-11-16 18:46:30.002750,4075,40,long
2023-11-16 18:46:30.106959,120,12,short
2023-11-16 18:46:30.125845,1138,390,long
2023-11-16 18:46:30.205980,409,140,medium
2023-11-16 18:46:30.233416,386,79,medium
2023-11-16 18:46:30.381922,1307,43,long
2023-11-16 18:46:30.391441,2249,36,long
2023-11-16 18:46:30.521152,407,93,medium
2023-11-16 18:46:30.620581,4075,43,long
2023-11-16 18:46:30.767425,376,67,medium
2023-11-16 18:46:30.785956,406,102,medium
2023-11-16 18:46:30.899481,1074,371,long
2023-11-16 18:46:30.993330,1165,47,long
2023-11-16 18:46:31.082030,377,80,medium
2023-11-16 18:46:31.083258,4080,46,long
2023-11-16 18:46:31.257993,1616,87,long
2023-11-16 18:46:31.274808,877,105,long
2023-11-16 18:46:31.438069,392,95,medium
2023-11-16 18:46:31.544289,391,85,medium
2023-11-16 18:46:31.598692,4097,41,long
2023-11-16 18:46:31.976873,436,94,medium
2023-11-16 18:46:32.007869,1695,56,long
2023-11-16 18:46:32.078250,374,33,medium
2023-11-16 18:46:32.170664,385,65,medium
2023-11-16 18:46:32.686974,4110,67,long
2023-11-16 18:46:32.807850,385,79,medium
2023-11-16 18:46:33.083497,194,217,medium
2023-11-16 18:46:33.136404,399,110,medium
2023-11-16 18:46:33.169810,372,62,medium
2023-11-16 18:46:33.208891,408,132,medium
2023-11-16 18:46:33.346775,403,81,medium
2023-11-16 18:46:33.355275,181,127,medium
2023-11-16 18:46:33.381200,4085,103,long
2023-11-16 18:46:33.410290,4077,34,long
2023-11-16 18:46:33.487680,2240,115,long
2023-11-16 18:46:33.679892,417,100,medium
2023-11-16 18:46:33.739274,408,102,medium
2023-11-16 18:46:33.791976,181,176,medium
2023-11-16 18:46:34.193896,1036,386,long
2023-11-16 18:46:34.202298,407,104,medium
2023-11-16 18:46:34.236613,1010,536,long
2023-11-16 18:46:34.383325,405,92,medium
2023-11-16 18:46:34.388031,4081,44,long
2023-11-16 18:46:34.622223,414,142,medium
2023-11-16 18:46:34.624234,998,92,long
2023-11-16 18:46:34.640220,369,60,medium
2023-11-16 18:46:34.699187,438,84,medium
2023-11-16 18:46:34.890531,1821,137,long
2023-11-16 18:46:35.007645,4117,92,long
2023-11-16 18:46:35.076420,1096,400,long
2023-11-16 18:46:35.082968,4075,56,long
2023-11-16 18:46:35.168170,1026,446,long
2023-11-16 18:46:35.350649,1113,406,long
2023-11-16 18:46:35.710415,4087,67,long
2023-11-16 18:46:36.022955,4077,58,long
2023-11-16 18:46:36.032928,418,110,medium
2023-11-16 18:46:36.065160,1382,73,long
2023-11-16 18:46:36.086991,394,123,medium
2023-11-16 18:46:36.147271,392,97,medium
2023-11-16 18:46:36.269160,400,85,medium
2023-11-16 18:46:36.509758,391,93,medium
2023-11-16 18:46:36.510518,394,95,medium
2023-11-16 18:46:36.512224,4004,73,long
2023-11-16 18:46:36.523508,72,224,short
2023-11-16 18:46:36.535959,4090,86,long
2023-11-16 18:46:36.702062,4085,53,long
2023-11-16 18:46:36.738362,414,164,medium
2023-11-16 18:46:37.136256,382,61,medium
2023-11-16 18:46:37.145553,4089,174,long
2023-11-16 18:46:37.226503,405,159,medium
2023-11-16 18:46:37.749562,2674,47,long
2023-11-16 18:46:37.793888,389,84,medium
2023-11-16 18:46:37.916387,400,151,medium
2023-11-16 18:46:37.919932,1091,100,long
2023-11-16 18:46:37.968442,382,75,medium
2023-11-16 18:46:38.134857,4085,84,long
2023-11-16 18:46:38.155003,381,93,medium
2023-11-16 18:46:38.222124,1298,202,long
2023-11-16 18:46:38.752296,1996,77,long
2023-11-16 18:46:38.799862,4088,62,long
2023-11-16 18:46:38.800844,2557,132,long
2023-11-16 18:46:38.976384,1038,390,long
2023-11-16 18:46:39.366000,420,187,medium
2023-11-16 18:46:39.409652,964,396,long
2023-11-16 18:46:39.548923,404,123,medium
2023-11-16 18:46:39.774526,393,123,medium
2023-11-16 18:46:39.994656,421,99,medium
2023-11-16 18:46:40.169215,4103,40,long
2023-11-16 18:46:40.198966,461,86,medium
2023-11-16 18:46:40.482644,385,76,medium
2023-11-16 18:46:40.557112,4089,47,long
2023-11-16 18:46:40.590643,396,102,medium
2023-11-16 18:46:40.868684,2560,34,long
2023-11-16 18:46:40.904593,4077,29,long
2023-11-16 18:46:40.946236,378,64,medium
2023-11-16 18:46:40.994480,181,101,medium
2023-11-16 18:46:41.078277,4101,97,long
2023-11-16 18:46:41.559097,413,107,medium
2023-11-16 18:46:41.604466,4077,110,long
2023-11-16 18:46:41.670677,4093,44,long
2023-11-16 18:46:41.860999,4094,48,long
2023-11-16 18:46:41.920462,391,96,medium
2023-11-16 18:46:42.054287,4083,43,long
2023-11-16 18:46:42.087162,4091,47,long
2023-11-16 18:46:42.145675,4102,50,long
2023-11-16 18:46:42.162334,386,78,medium
2023-11-16 18:46:42.373631,410,87,medium
2023-11-16 18:46:42.457162,402,90,medium
2023-11-16 18:46:42.516487,395,97,medium
2023-11-16 18:46:42.652886,1048,470,long
2023-11-16 18:46:42.669487,308,18,medium
2023-11-16 18:46:42.951193,4074,38,long
2023-11-16 18:46:43.059040,431,86,medium
2023-11-16 18:46:43.461102,1316,198,long
2023-11-16 18:46:43.557442,376,70,medium
2023-11-16 18:46:43.634401,4088,29,long
2023-11-16 18:46:43.680093,758,49,long
2023-11-16 18:46:43.732930,1098,497,long
2023-11-16 18:46:44.077688,392,73,medium
2023-11-16 18:46:44.168650,393,85,medium
2023-11-16 18:46:44.559827,1017,436,long
2023-11-16 18:46:44.722618,1586,67,long
2023-11-16 18:46:44.899243,403,100,medium
2023-11-16 18:46:44.911676,4076,42,long
2023-11-16 18:46:44.994124,374,97,medium
2023-11-16 18:46:45.070695,1029,411,long
2023-11-16 18:46:45.173090,1335,49,long
2023-11-16 18:46:45.467859,374,77,medium
2023-11-16 18:46:45.619389,376,62,medium
2023-11-16 18:46:45.645792,425,98,medium
2023-11-16 18:46:45.783064,4087,44,long
2023-11-16 18:46:45.789034,410,93,medium
2023-11-16 18:46:45.837015,4075,41,long
2023-11-16 18:46:45.864739,400,110,medium
2023-11-16 18:46:45.956176,387,69,medium
2023-11-16 18:46:46.394103,4082,47,long
2023-11-16 18:46:46.559942,4088,34,long
2023-11-16 18:46:46.623130,4095,136,long
2023-11-16 18:46:46.736069,989,388,long
2023-11-16 18:46:46.791904,1058,47,long
2023-11-16 18:46:46.923176,1314,261,long
2023-11-16 18:46:47.129637,4075,43,long
2023-11-16 18:46:47.235031,403,87,medium
2023-11-16 18:46:47.391572,985,414,long
2023-11-16 18:46:47.790571,2000,76,long
2023-11-16 18:46:47.829485,382,63,medium
2023-11-16 18:46:47.990494,1313,144,long
2023-11-16 18:46:47.996773,417,144,medium
2023-11-16 18:46:48.167808,4093,42,long
2023-11-16 18:46:48.387305,1017,476,long
2023-11-16 18:46:48.612933,424,122,medium
2023-11-16 18:46:48.804214,1071,446,long
2023-11-16 18:46:48.911162,398,93,medium
2023-11-16 18:46:49.061157,418,86,medium
2023-11-16 18:46:49.467537,395,88,medium
2023-11-16 18:46:49.528494,1328,185,long
2023-11-16 18:46:49.548313,386,79,medium
2023-11-16 18:46:49.702348,4078,46,long
2023-11-16 18:46:49.861523,374,28,medium
2023-11-16 18:46:49.884327,399,147,medium
2023-11-16 18:46:50.014209,2427,83,long
2023-11-16 18:46:50.282658,2143,124,long
2023-11-16 18:46:50.521837,181,127,medium
2023-11-16 18:46:50.865728,4078,42,long
2023-11-16 18:46:50.866259,375,59,medium
2023-11-16 18:46:50.903222,392,84,medium
2023-11-16 18:46:51.329134,1713,58,long
2023-11-16 18:46:51.575582,393,100,medium
2023-11-16 18:46:51.606614,388,92,medium
2023-11-16 18:46:51.620912,1118,522,long
2023-11-16 18:46:51.692933,1081,411,long
2023-11-16 18:46:51.825842,392,75,medium
2023-11-16 18:46:51.878713,1112,423,long
2023-11-16 18:46:51.925550,372,59,medium
2023-11-16 18:46:52.034393,4116,91,long
2023-11-16 18:46:52.209004,1049,388,long
2023-11-16 18:46:52.218116,1083,422,long
2023-11-16 18:46:52.262532,4088,53,long
2023-11-16 18:46:52.291553,395,117,medium
2023-11-16 18:46:52.305700,405,119,medium
2023-11-16 18:46:52.368463,400,85,medium
2023-11-16 18:46:52.389235,402,81,medium
2023-11-16 18:46:52.777161,4078,140,long
2023-11-16 18:46:53.124652,4075,113,long
2023-11-16 18:46:53.269907,436,88,medium
2023-11-16 18:46:53.287045,387,93,medium
2023-11-16 18:46:53.370390,402,106,medium
2023-11-16 18:46:53.452699,4090,53,long
2023-11-16 18:46:53.805346,20,129,short
2023-11-16 18:46:53.823032,399,73,medium
2023-11-16 18:46:53.861361,375,70,medium
2023-11-16 18:46:53.923066,4095,39,long
2023-11-16 18:46:53.924636,392,90,medium
2023-11-16 18:46:54.150829,237,14,medium
2023-11-16 18:46:54.249545,4089,86,long
2023-11-16 18:46:54.387010,1797,97,long
2023-11-16 18:46:54.434454,399,126,medium
2023-11-16 18:46:54.551983,387,97,medium
2023-11-16 18:46:54.763396,1084,440,long
2023-11-16 18:46:54.790912,996,451,long
2023-11-16 18:46:54.801928,374,80,medium
2023-11-16 18:46:54.991217,1238,71,long
2023-11-16 18:46:55.212961,1046,440,long
2023-11-16 18:46:55.272322,396,108,medium
2023-11-16 18:46:55.281550,4081,39,long
2023-11-16 18:46:55.401210,410,86,medium
2023-11-16 18:46:55.657775,432,200,medium
2023-11-16 18:46:55.659293,394,119,medium
2023-11-16 18:46:55.669232,1040,534,long
2023-11-16 18:46:55.822642,1315,217,long
2023-11-16 18:46:55.854240,419,101,medium
2023-11-16 18:46:56.021654,428,97,medium
2023-11-16 18:46:56.039633,181,158,medium
2023-11-16 18:46:56.122087,398,168,medium
2023-11-16 18:46:56.127126,1684,77,long
2023-11-16 18:46:56.148757,4075,57,long
2023-11-16 18:46:56.215068,418,120,medium
2023-11-16 18:46:56.221501,4078,24,long
2023-11-16 18:46:56.246491,1036,564,long
2023-11-16 18:46:56.296780,402,97,medium
2023-11-16 18:46:56.386303,377,89,medium
2023-11-16 18:46:56.433083,1328,88,long
2023-11-16 18:46:56.484472,400,87,medium
2023-11-16 18:46:56.782401,414,89,medium
2023-11-16 18:46:56.784415,1046,489,long
2023-11-16 18:46:56.879900,181,110,medium
2023-11-16 18:46:56.896212,1074,433,long
2023-11-16 18:46:57.263305,4081,49,long
2023-11-16 18:46:57.284462,380,85,medium
2023-11-16 18:46:57.934193,382,123,medium
2023-11-16 18:46:57.975447,1086,85,long
2023-11-16 18:46:58.116702,2798,80,long
2023-11-16 18:46:58.152208,4085,46,long
2023-11-16 18:46:58.157667,373,50,medium
2023-11-16 18:46:58.256253,1048,480,long
2023-11-16 18:46:58.350060,424,96,medium
2023-11-16 18:46:58.350067,398,89,medium
2023-11-16 18:46:58.508871,1727,86,long
2023-11-16 18:46:58.733801,1085,440,long
2023-11-16 18:46:58.756042,371,64,medium
2023-11-16 18:46:58.793563,4100,54,long
2023-11-16 18:46:58.810681,1080,413,long
2023-11-16 18:46:58.901819,380,88,medium
2023-11-16 18:46:58.911169,2301,42,long
2023-11-16 18:46:58.975390,391,49,medium
2023-11-16 18:46:59.704464,386,48,medium
2023-11-16 18:46:59.768493,394,58,medium
2023-11-16 18:46:59.834327,1999,63,long
2023-11-16 18:46:59.897732,2361,81,long
2023-11-16 18:47:00.022983,4097,71,long
2023-11-16 18:47:00.062621,4084,88,long
2023-11-16 18:47:00.121505,386,78,medium
2023-11-16 18:47:00.122545,378,56,medium
2023-11-16 18:47:00.200583,1046,532,long
2023-11-16 18:47:00.203525,406,114,medium
2023-11-16 18:47:00.203651,414,94,medium
2023-11-16 18:47:00.223714,4081,55,long
2023-11-16 18:47:00.338790,1039,414,long
2023-11-16 18:47:00.405827,404,114,medium
2023-11-16 18:47:00.566503,181,147,medium
2023-11-16 18:47:00.662717,4076,47,long
2023-11-16 18:47:00.696316,4088,57,long
2023-11-16 18:47:00.700543,2303,83,long
2023-11-16 18:47:00.772081,405,133,medium
2023-11-16 18:47:00.783558,406,99,medium
2023-11-16 18:47:00.795753,369,57,medium
2023-11-16 18:47:00.863546,1017,462,long
2023-11-16 18:47:00.962770,4084,29,long
2023-11-16 18:47:01.352356,394,108,medium
2023-11-16 18:47:01.355520,408,73,medium
2023-11-16 18:47:01.385935,5305,43,long
2023-11-16 18:47:01.415638,400,120,medium
2023-11-16 18:47:01.426077,169,217,medium
2023-11-16 18:47:01.900485,422,107,medium
2023-11-16 18:47:02.003974,1313,124,long
2023-11-16 18:47:02.341280,4078,29,long
2023-11-16 18:47:02.435261,833,68,long
2023-11-16 18:47:02.588123,4075,98,long
2023-11-16 18:47:02.613944,4075,46,long
2023-11-16 18:47:02.676932,410,96,medium
2023-11-16 18:47:02.727510,1099,572,long
2023-11-16 18:47:02.733180,4080,53,long
2023-11-16 18:47:02.755596,385,69,medium
2023-11-16 18:47:02.767166,1122,587,long
2023-11-16 18:47:02.828530,4079,60,long
2023-11-16 18:47:02.893302,1988,48,long
2023-11-16 18:47:03.173690,373,53,medium
2023-11-16 18:47:03.255201,409,87,medium
2023-11-16 18:47:03.262057,373,105,medium
2023-11-16 18:47:03.309890,181,91,medium
2023-11-16 18:47:03.501829,375,100,medium
2023-11-16 18:47:03.695534,461,94,medium
2023-11-16 18:47:03.738514,4082,110,long
2023-11-16 18:47:03.764638,237,14,medium
2023-11-16 18:47:03.957499,4084,68,long
2023-11-16 18:47:03.977803,373,77,medium
2023-11-16 18:47:03.983021,372,60,medium
2023-11-16 18:47:04.019978,373,99,medium
2023-11-16 18:47:04.061572,4178,64,long
2023-11-16 18:47:04.116031,1314,206,long
2023-11-16 18:47:04.278167,2695,107,long
2023-11-16 18:47:04.344399,413,65,medium
2023-11-16 18:47:04.357373,1131,412,long
2023-11-16 18:47:04.453741,403,140,medium
2023-11-16 18:47:04.555856,3922,124,long
2023-11-16 18:47:04.591533,4089,54,long
2023-11-16 18:47:04.728638,1044,398,long
2023-11-16 18:47:04.888561,4089,36,long
2023-11-16 18:47:04.963774,4087,112,long
2023-11-16 18:47:05.154982,1043,413,long
2023-11-16 18:47:05.162440,386,122,medium
2023-11-16 18:47:05.164757,1834,95,long
2023-11-16 18:47:05.230411,1312,65,long
2023-11-16 18:47:05.231173,1095,50,long
2023-11-16 18:47:05.266578,4083,49,long
2023-11-16 18:47:05.366756,4088,77,long
2023-11-16 18:47:05.526079,1008,418,long
2023-11-16 18:47:06.056861,4086,78,long
2023-11-16 18:47:06.131837,397,64,medium
2023-11-16 18:47:06.242008,4084,46,long
2023-11-16 18:47:06.573183,407,72,medium
2023-11-16 18:47:06.680603,4086,33,long
2023-11-16 18:47:06.886261,399,121,medium
2023-11-16 18:47:06.996184,434,102,medium
2023-11-16 18:47:07.082810,2489,101,long
2023-11-16 18:47:07.115892,436,85,medium
2023-11-16 18:47:07.226587,181,91,medium
2023-11-16 18:47:07.303717,4077,64,long
2023-11-16 18:47:07.396519,419,64,medium
2023-11-16 18:47:07.464428,4079,89,long
2023-11-16 18:47:07.488940,395,101,medium
2023-11-16 18:47:07.815059,422,100,medium
2023-11-16 18:47:07.895564,912,85,long
2023-11-16 18:47:08.017122,382,61,medium
2023-11-16 18:47:08.158246,2125,132,long
2023-11-16 18:47:08.208208,1029,396,long
2023-11-16 18:47:08.592897,206,183,medium
2023-11-16 18:47:08.632566,377,65,medium
2023-11-16 18:47:08.736030,1081,402,long
2023-11-16 18:47:08.938944,376,64,medium
2023-11-16 18:47:09.179795,1014,396,long
2023-11-16 18:47:09.298995,374,28,medium
2023-11-16 18:47:09.419965,376,67,medium
2023-11-16 18:47:09.528321,897,141,long
2023-11-16 18:47:09.532927,4092,56,long
2023-11-16 18:47:09.546391,402,88,medium
2023-11-16 18:47:09.634902,2623,95,long
2023-11-16 18:47:09.730050,395,93,medium
2023-11-16 18:47:09.876228,2363,50,long
2023-11-16 18:47:09.959268,385,85,medium
2023-11-16 18:47:10.577579,2584,170,long
2023-11-16 18:47:10.732170,418,95,medium
2023-11-16 18:47:10.839047,399,123,medium
2023-11-16 18:47:11.296942,4070,49,long
2023-11-16 18:47:11.315651,4120,70,long
2023-11-16 18:47:11.609839,31,157,short
2023-11-16 18:47:11.611304,415,103,medium
2023-11-16 18:47:11.806007,1759,66,long
2023-11-16 18:47:11.809180,401,94,medium
2023-11-16 18:47:12.147174,120,12,short
2023-11-16 18:47:12.201569,389,97,medium
2023-11-16 18:47:12.373607,387,110,medium
2023-11-16 18:47:12.428940,4079,90,long
2023-11-16 18:47:12.525938,1317,243,long
2023-11-16 18:47:12.567352,401,127,medium
2023-11-16 18:47:12.599610,428,87,medium
2023-11-16 18:47:12.661498,4116,57,long
2023-11-16 18:47:12.916571,387,79,medium
2023-11-16 18:47:12.922442,1315,231,long
2023-11-16 18:47:12.924246,239,14,medium
2023-11-16 18:47:12.927232,426,92,medium
2023-11-16 18:47:12.929299,1919,70,long
2023-11-16 18:47:12.940937,4085,55,long
2023-11-16 18:47:13.127604,2840,99,long
2023-11-16 18:47:13.157688,1293,45,long
2023-11-16 18:47:13.196365,1017,426,long
2023-11-16 18:47:13.295706,397,87,medium
2023-11-16 18:47:13.442271,197,162,medium
2023-11-16 18:47:13.646476,4123,60,long
2023-11-16 18:47:13.701498,4320,116,long
2023-11-16 18:47:14.093343,394,155,medium
2023-11-16 18:47:14.131772,454,40,medium
2023-11-16 18:47:14.170146,4097,38,long
2023-11-16 18:47:14.280694,1192,393,long
2023-11-16 18:47:14.414211,373,80,medium
2023-11-16 18:47:14.470012,4082,48,long
2023-11-16 18:47:14.698886,396,134,medium
2023-11-16 18:47:14.793474,396,94,medium
2023-11-16 18:47:14.953558,408,88,medium
2023-11-16 18:47:15.066291,4072,199,long
2023-11-16 18:47:15.092055,406,98,medium
2023-11-16 18:47:15.173055,395,134,medium
2023-11-16 18:47:15.189885,203,158,medium
2023-11-16 18:47:15.214606,373,56,medium
2023-11-16 18:47:15.222490,811,42,long
2023-11-16 18:47:15.253298,397,133,medium
2023-11-16 18:47:15.274160,1316,159,long
2023-11-16 18:47:15.740105,375,68,medium
2023-11-16 18:47:15.747747,384,72,medium
2023-11-16 18:47:15.941541,4076,78,long
2023-11-16 18:47:15.960086,1218,45,long
2023-11-16 18:47:16.018696,865,47,long
2023-11-16 18:47:16.069583,473,110,medium
2023-11-16 18:47:16.072781,4076,33,long
2023-11-16 18:47:16.185845,181,73,medium
2023-11-16 18:47:16.199739,1048,420,long
2023-11-16 18:47:16.327792,1324,166,long
2023-11-16 18:47:16.400711,1113,406,long
2023-11-16 18:47:16.475082,381,69,medium
2023-11-16 18:47:16.756910,381,105,medium
2023-11-16 18:47:16.989000,413,81,medium
2023-11-16 18:47:17.021266,1029,394,long
2023-11-16 18:47:17.215160,409,96,medium
2023-11-16 18:47:17.476386,934,452,long
2023-11-16 18:47:17.488710,400,109,medium
2023-11-16 18:47:17.498979,4074,73,long
2023-11-16 18:47:17.759716,181,145,medium
2023-11-16 18:47:17.945073,398,100,medium
2023-11-16 18:47:18.158088,4083,63,long
2023-11-16 18:47:18.404235,381,76,medium
2023-11-16 18:47:18.567517,415,104,medium
2023-11-16 18:47:18.585465,1156,438,long
2023-11-16 18:47:19.008357,313,18,medium
2023-11-16 18:47:19.029128,403,97,medium
2023-11-16 18:47:19.038380,399,102,medium
2023-11-16 18:47:19.465694,725,36,long
2023-11-16 18:47:19.475549,401,84,medium
2023-11-16 18:47:19.476114,401,97,medium
2023-11-16 18:47:19.480360,1045,91,long
2023-11-16 18:47:19.600720,377,73,medium
2023-11-16 18:47:19.646798,407,131,medium
2023-11-16 18:47:20.543717,4092,35,long
2023-11-16 18:47:20.573357,1481,63,long
2023-11-16 18:47:20.672869,473,93,medium
2023-11-16 18:47:20.757218,709,106,long
2023-11-16 18:47:20.826040,374,93,medium
2023-11-16 18:47:20.889931,401,96,medium
2023-11-16 18:47:21.179911,387,83,medium
2023-11-16 18:47:21.381139,397,84,medium
2023-11-16 18:47:21.487720,2440,83,long
2023-11-16 18:47:21.578841,4078,87,long
2023-11-16 18:47:21.586621,4077,62,long
2023-11-16 18:47:21.772754,4074,43,long
2023-11-16 18:47:21.880942,1153,77,long
2023-11-16 18:47:21.992253,1038,436,long
2023-11-16 18:47:22.096447,374,64,medium
2023-11-16 18:47:22.104039,2092,72,long
2023-11-16 18:47:22.603983,374,56,medium
2023-11-16 18:47:22.942698,408,83,medium
2023-11-16 18:47:22.965347,4090,69,long
2023-11-16 18:47:22.973894,396,96,medium
2023-11-16 18:47:22.993730,181,179,medium
2023-11-16 18:47:23.040017,2744,89,long
2023-11-16 18:47:23.178706,374,109,medium
2023-11-16 18:47:23.189620,392,86,medium
2023-11-16 18:47:23.330074,2010,66,long
2023-11-16 18:47:23.414288,200,138,medium
2023-11-16 18:47:23.435606,374,61,medium
2023-11-16 18:47:23.511100,1073,396,long
2023-11-16 18:47:23.562621,419,76,medium
2023-11-16 18:47:23.634748,374,75,medium
2023-11-16 18:47:23.704516,410,81,medium
2023-11-16 18:47:23.794983,387,66,medium
2023-11-16 18:47:23.876893,4088,61,long
2023-11-16 18:47:23.957861,4158,40,long
2023-11-16 18:47:23.973120,1273,58,long
2023-11-16 18:47:24.106021,391,107,medium
2023-11-16 18:47:24.312151,381,77,medium
2023-11-16 18:47:24.446491,1100,33,long
2023-11-16 18:47:24.561775,1077,501,long
2023-11-16 18:47:24.570613,967,398,long
2023-11-16 18:47:24.683534,401,98,medium
2023-11-16 18:47:24.718778,1389,82,long
2023-11-16 18:47:24.853685,375,75,medium
2023-11-16 18:47:24.894316,1073,401,long
2023-11-16 18:47:25.029659,4079,66,long
2023-11-16 18:47:25.029825,4084,73,long
2023-11-16 18:47:25.329244,4075,26,long
2023-11-16 18:47:25.508934,2058,50,long
2023-11-16 18:47:25.911155,420,103,medium
2023-11-16 18:47:26.296677,398,90,medium
2023-11-16 18:47:26.383289,374,60,medium
2023-11-16 18:47:26.414952,4093,24,long
2023-11-16 18:47:26.455410,420,75,medium
2023-11-16 18:47:26.690309,410,140,medium
2023-11-16 18:47:26.732261,2604,51,long
2023-11-16 18:47:26.886698,4088,167,long
2023-11-16 18:47:26.982419,376,82,medium
2023-11-16 18:47:27.045356,398,92,medium
2023-11-16 18:47:27.060717,1081,375,long
2023-11-16 18:47:27.082698,4077,37,long
2023-11-16 18:47:27.266280,1156,373,long
2023-11-16 18:47:27.330610,390,89,medium
2023-11-16 18:47:27.517982,385,67,medium
2023-11-16 18:47:27.634600,4092,28,long
2023-11-16 18:47:27.662553,1197,90,long
2023-11-16 18:47:27.714193,304,18,medium
2023-11-16 18:47:27.803072,4077,27,long
2023-11-16 18:47:27.971477,398,104,medium
2023-11-16 18:47:28.391980,378,83,medium
2023-11-16 18:47:28.482678,2639,93,long
2023-11-16 18:47:28.584405,1057,427,long
2023-11-16 18:47:28.584885,419,167,medium
2023-11-16 18:47:28.625658,1038,557,long
2023-11-16 18:47:28.627261,404,121,medium
2023-11-16 18:47:28.674901,1118,414,long
2023-11-16 18:47:28.768119,1076,435,long
2023-11-16 18:47:28.813607,397,102,medium
2023-11-16 18:47:28.840571,49,161,short
2023-11-16 18:47:28.851806,418,109,medium
2023-11-16 18:47:29.002022,401,111,medium
2023-11-16 18:47:29.124341,4077,40,long
2023-11-16 18:47:29.157759,403,105,medium
2023-11-16 18:47:29.190706,4076,46,long
2023-11-16 18:47:29.339017,389,60,medium
2023-11-16 18:47:29.473160,435,140,medium
2023-11-16 18:47:29.493038,378,56,medium
2023-11-16 18:47:29.513503,409,92,medium
2023-11-16 18:47:29.697885,431,99,medium
2023-11-16 18:47:29.765147,406,143,medium
2023-11-16 18:47:29.797558,2778,87,long
2023-11-16 18:47:29.885489,4085,89,long
2023-11-16 18:47:30.003496,372,57,medium
2023-11-16 18:47:30.161471,373,85,medium
2023-11-16 18:47:30.193437,394,91,medium
2023-11-16 18:47:30.250717,404,103,medium
2023-11-16 18:47:30.362830,417,97,medium
2023-11-16 18:47:30.623534,4081,48,long
2023-11-16 18:47:30.780318,4075,17,long
2023-11-16 18:47:31.137217,1805,124,long
2023-11-16 18:47:31.157065,434,81,medium
2023-11-16 18:47:31.328716,1045,417,long
2023-11-16 18:47:31.419527,4084,135,long
2023-11-16 18:47:31.470016,4076,48,long
2023-11-16 18:47:31.514597,2689,83,long
2023-11-16 18:47:31.870938,1254,44,long
2023-11-16 18:47:31.903763,384,97,medium
2023-11-16 18:47:31.927908,400,92,medium
2023-11-16 18:47:32.135281,4078,47,long
2023-11-16 18:47:32.265780,371,78,medium
2023-11-16 18:47:32.297463,432,79,medium
2023-11-16 18:47:32.534803,52,124,short
2023-11-16 18:47:32.542515,398,111,medium
2023-11-16 18:47:32.811232,394,92,medium
2023-11-16 18:47:32.900049,1268,82,long
2023-11-16 18:47:33.250012,389,66,medium
2023-11-16 18:47:33.275693,4084,228,long
2023-11-16 18:47:33.408113,383,61,medium
2023-11-16 18:47:33.624598,1035,101,long
2023-11-16 18:47:33.730295,2161,109,long
2023-11-16 18:47:33.858823,402,110,medium
2023-11-16 18:47:34.140526,373,66,medium
2023-11-16 18:47:34.146579,4077,39,long
2023-11-16 18:47:34.175450,4073,34,long
2023-11-16 18:47:34.393199,1276,122,long
2023-11-16 18:47:34.425154,4074,38,long
2023-11-16 18:47:34.617678,3484,55,long
2023-11-16 18:47:34.692557,413,77,medium
2023-11-16 18:47:35.042671,391,99,medium
2023-11-16 18:47:35.061336,2266,79,long
2023-11-16 18:47:35.420747,380,85,medium
2023-11-16 18:47:35.747025,1313,184,long
2023-11-16 18:47:35.756005,17,206,short
2023-11-16 18:47:35.891798,402,122,medium
2023-11-16 18:47:35.909280,1056,415,long
2023-11-16 18:47:35.971457,181,139,medium
2023-11-16 18:47:36.030452,378,101,medium
2023-11-16 18:47:36.219098,4083,81,long
2023-11-16 18:47:36.319379,428,95,medium
2023-11-16 18:47:36.451181,374,68,medium
2023-11-16 18:47:36.783175,398,93,medium
2023-11-16 18:47:36.815168,964,396,long
2023-11-16 18:47:37.018604,387,101,medium
2023-11-16 18:47:37.018611,404,96,medium
2023-11-16 18:47:37.176081,4091,36,long
2023-11-16 18:47:37.179565,4075,46,long
2023-11-16 18:47:37.272101,4083,72,long
2023-11-16 18:47:37.412036,4085,67,long
2023-11-16 18:47:37.598710,985,414,long
2023-11-16 18:47:37.673795,386,95,medium
2023-11-16 18:47:37.711791,1077,501,long
2023-11-16 18:47:38.111315,371,44,medium
2023-11-16 18:47:38.280729,419,100,medium
2023-11-16 18:47:38.293429,4090,42,long
2023-11-16 18:47:38.527532,4086,30,long
2023-11-16 18:47:38.753477,384,58,medium
2023-11-16 18:47:39.058915,1529,68,long
2023-11-16 18:47:39.257868,396,97,medium
2023-11-16 18:47:39.271556,403,135,medium
2023-11-16 18:47:39.483739,1080,385,long
2023-11-16 18:47:39.488476,394,73,medium
2023-11-16 18:47:39.642870,4084,52,long
2023-11-16 18:47:39.656160,2494,84,long
2023-11-16 18:47:39.772558,4089,47,long
2023-11-16 18:47:39.793847,1174,388,long
2023-11-16 18:47:39.859023,382,72,medium
2023-11-16 18:47:40.016386,1969,110,long
2023-11-16 18:47:40.054430,374,56,medium
2023-11-16 18:47:40.180338,400,92,medium
2023-11-16 18:47:40.271891,1314,189,long
2023-11-16 18:47:40.276127,1056,415,long
2023-11-16 18:47:40.369999,384,82,medium
2023-11-16 18:47:40.604446,1010,385,long
2023-11-16 18:47:40.604518,1039,395,long
2023-11-16 18:47:41.005816,1083,394,long
2023-11-16 18:47:41.394146,4098,116,long
2023-11-16 18:47:41.548461,4097,49,long
2023-11-16 18:47:41.774745,430,93,medium
2023-11-16 18:47:41.872252,1056,396,long
2023-11-16 18:47:41.976367,418,81,medium
2023-11-16 18:47:42.200822,383,92,medium
2023-11-16 18:47:42.225546,1088,472,long
2023-11-16 18:47:42.305418,398,86,medium
2023-11-16 18:47:42.409674,4100,89,long
2023-11-16 18:47:42.663880,1055,420,long
2023-11-16 18:47:42.848787,372,69,medium
2023-11-16 18:47:43.111602,2318,101,long
2023-11-16 18:47:43.240808,2113,93,long
2023-11-16 18:47:43.468758,398,187,medium
2023-11-16 18:47:43.684135,402,91,medium
2023-11-16 18:47:43.850648,1131,533,long
2023-11-16 18:47:43.884212,1140,78,long
2023-11-16 18:47:43.978610,424,86,medium
2023-11-16 18:47:44.094207,2075,80,long
2023-11-16 18:47:44.238472,402,105,medium
2023-11-16 18:47:44.246994,4143,40,long
2023-11-16 18:47:44.521301,1017,539,long
2023-11-16 18:47:44.584562,395,97,medium
2023-11-16 18:47:44.762521,2343,95,long
2023-11-16 18:47:44.805497,194,161,medium
2023-11-16 18:47:44.922514,4086,79,long
2023-11-16 18:47:45.024269,2240,75,long
2023-11-16 18:47:45.081017,455,87,medium
2023-11-16 18:47:45.173442,2047,153,long
2023-11-16 18:47:45.320163,4083,45,long
2023-11-16 18:47:45.363856,409,138,medium
2023-11-16 18:47:45.373356,4088,110,long
2023-11-16 18:47:45.625598,761,87,long
2023-11-16 18:47:45.726745,4088,82,long
2023-11-16 18:47:45.727061,374,69,medium
2023-11-16 18:47:45.993050,1300,405,long
2023-11-16 18:47:46.259079,1043,642,long
2023-11-16 18:47:46.284446,430,100,medium
2023-11-16 18:47:46.578058,1042,396,long
2023-11-16 18:47:46.622910,392,77,medium
2023-11-16 18:47:46.722639,4087,103,long
2023-11-16 18:47:46.725205,385,88,medium
2023-11-16 18:47:46.869961,410,100,medium
2023-11-16 18:47:47.250440,1044,413,long
2023-11-16 18:47:47.439323,1464,82,long
2023-11-16 18:47:47.517667,385,73,medium
2023-11-16 18:47:47.533534,1093,517,long
2023-11-16 18:47:47.720583,181,255,medium
2023-11-16 18:47:47.831781,2000,63,long
2023-11-16 18:47:48.125766,2145,71,long
2023-11-16 18:47:48.156145,4095,54,long
2023-11-16 18:47:48.182455,1403,29,long
2023-11-16 18:47:48.194785,4088,42,long
2023-11-16 18:47:48.213332,408,84,medium
2023-11-16 18:47:48.320587,428,142,medium
2023-11-16 18:47:48.897848,4084,65,long
2023-11-16 18:47:48.919769,397,105,medium
2023-11-16 18:47:49.006409,1032,456,long
2023-11-16 18:47:49.382962,370,84,medium
2023-11-16 18:47:49.750834,410,91,medium
2023-11-16 18:47:50.292702,1020,394,long
2023-11-16 18:47:50.711742,386,70,medium
2023-11-16 18:47:50.817739,4083,41,long
2023-11-16 18:47:50.923935,376,81,medium
2023-11-16 18:47:51.056817,372,95,medium
2023-11-16 18:47:51.266967,2010,95,long
2023-11-16 18:47:51.304114,393,60,medium
2023-11-16 18:47:51.309179,387,87,medium
2023-11-16 18:47:51.374550,4088,53,long
2023-11-16 18:47:51.510809,399,110,medium
2023-11-16 18:47:51.546073,381,66,medium
2023-11-16 18:47:51.680033,388,67,medium
2023-11-16 18:47:51.713951,1321,144,long
2023-11-16 18:47:51.779444,2383,28,long
2023-11-16 18:47:51.848981,306,18,medium
2023-11-16 18:47:52.284209,447,111,medium
2023-11-16 18:47:52.319293,1313,186,long
2023-11-16 18:47:52.450611,398,87,medium
2023-11-16 18:47:52.461445,393,94,medium
2023-11-16 18:47:52.565950,400,95,medium
2023-11-16 18:47:52.627540,1113,89,long
2023-11-16 18:47:52.757455,1025,91,long
2023-11-16 18:47:52.902219,181,168,medium
2023-11-16 18:47:53.099135,1122,589,long
2023-11-16 18:47:53.373961,380,84,medium
2023-11-16 18:47:53.490378,20,168,short
2023-11-16 18:47:53.581537,389,102,medium
2023-11-16 18:47:53.581544,1037,414,long
2023-11-16 18:47:53.881257,395,88,medium
2023-11-16 18:47:53.918025,395,76,medium
2023-11-16 18:47:54.177198,376,98,medium
2023-11-16 18:47:54.520707,387,78,medium
2023-11-16 18:47:55.065557,4120,50,long
2023-11-16 18:47:55.107599,419,156,medium
2023-11-16 18:47:55.185035,398,92,medium
2023-11-16 18:47:55.278286,4078,42,long
2023-11-16 18:47:55.527311,395,117,medium
2023-11-16 18:47:55.644204,387,68,medium
2023-11-16 18:47:55.773406,4074,50,long
2023-11-16 18:47:55.923007,1016,413,long
2023-11-16 18:47:55.960865,1057,428,long
2023-11-16 18:47:56.075625,459,274,medium
2023-11-16 18:47:56.105636,410,83,medium
2023-11-16 18:47:56.606094,424,91,medium
2023-11-16 18:47:56.622104,2544,32,long
2023-11-16 18:47:56.682813,389,76,medium
2023-11-16 18:47:56.948170,396,90,medium
2023-11-16 18:47:56.998826,4093,75,long
2023-11-16 18:47:57.640029,408,89,medium
2023-11-16 18:47:57.647862,398,104,medium
2023-11-16 18:47:57.673599,1874,64,long
2023-11-16 18:47:57.789260,4157,466,long
2023-11-16 18:47:57.847074,393,95,medium
2023-11-16 18:47:57.854843,1055,415,long
2023-11-16 18:47:58.018759,393,89,medium
2023-11-16 18:47:58.019908,417,81,medium
2023-11-16 18:47:58.206525,392,80,medium
2023-11-16 18:47:58.222534,1314,212,long
2023-11-16 18:47:58.320651,408,101,medium
2023-11-16 18:47:58.368655,4076,57,long
2023-11-16 18:47:58.537420,1009,94,long
2023-11-16 18:47:58.548672,4078,182,long
2023-11-16 18:47:58.583362,1028,392,long
2023-11-16 18:47:58.584537,4092,53,long
2023-11-16 18:47:58.589615,4122,64,long
2023-11-16 18:47:58.615089,409,92,medium
2023-11-16 18:47:59.036595,375,69,medium
2023-11-16 18:47:59.170084,1604,96,long
2023-11-16 18:47:59.461462,1554,80,long
2023-11-16 18:47:59.465647,440,112,medium
2023-11-16 18:47:59.482925,2671,45,long
2023-11-16 18:47:59.504765,1381,373,long
2023-11-16 18:47:59.901712,395,95,medium
2023-11-16 18:48:00.004856,2054,106,long
2023-11-16 18:48:00.301591,1012,429,long
2023-11-16 18:48:00.429691,4077,40,long
2023-11-16 18:48:00.851582,1099,375,long
2023-11-16 18:48:00.905792,4075,70,long
2023-11-16 18:48:01.184735,4081,36,long
2023-11-16 18:48:01.204379,426,92,medium
2023-11-16 18:48:01.237000,385,96,medium
2023-11-16 18:48:01.893043,1785,58,long
2023-11-16 18:48:02.017718,985,397,long
2023-11-16 18:48:02.069904,988,63,long
2023-11-16 18:48:02.146343,1005,394,long
2023-11-16 18:48:02.281244,4089,35,long
2023-11-16 18:48:02.322888,2450,79,long
2023-11-16 18:48:02.346471,1075,403,long
2023-11-16 18:48:02.347109,1036,397,long
2023-11-16 18:48:02.528387,401,107,medium
2023-11-16 18:48:02.619420,1024,406,long
2023-11-16 18:48:02.992086,374,92,medium
2023-11-16 18:48:03.044539,387,80,medium
2023-11-16 18:48:03.183420,378,53,medium
2023-11-16 18:48:03.237701,410,110,medium
2023-11-16 18:48:03.372887,380,72,medium
2023-11-16 18:48:03.440451,4093,71,long
2023-11-16 18:48:03.479800,4079,38,long
2023-11-16 18:48:03.493581,1519,93,long
2023-11-16 18:48:03.493804,392,99,medium
2023-11-16 18:48:03.786102,4089,68,long
2023-11-16 18:48:03.946636,396,80,medium
2023-11-16 18:48:03.964824,4092,40,long
2023-11-16 18:48:03.988361,4076,42,long
2023-11-16 18:48:04.151023,181,226,medium
2023-11-16 18:48:04.151169,4134,55,long
2023-11-16 18:48:04.201395,391,108,medium
2023-11-16 18:48:04.286757,2592,168,long
2023-11-16 18:48:04.288532,408,114,medium
2023-11-16 18:48:04.434970,374,72,medium
2023-11-16 18:48:04.436129,647,54,long
2023-11-16 18:48:04.612299,381,61,medium
2023-11-16 18:48:04.741260,1025,396,long
2023-11-16 18:48:04.742898,379,58,medium
2023-11-16 18:48:04.984944,4087,102,long
2023-11-16 18:48:05.245434,405,90,medium
2023-11-16 18:48:05.288141,403,54,medium
2023-11-16 18:48:05.367187,4077,48,long
2023-11-16 18:48:05.405069,399,107,medium
2023-11-16 18:48:05.539263,367,62,medium
2023-11-16 18:48:05.666389,390,89,medium
2023-11-16 18:48:05.725569,400,94,medium
2023-11-16 18:48:05.940423,394,93,medium
2023-11-16 18:48:05.962605,1422,88,long
2023-11-16 18:48:06.124995,1720,85,long
2023-11-16 18:48:06.198271,4106,66,long
2023-11-16 18:48:06.295738,1012,396,long
2023-11-16 18:48:06.503645,181,112,medium
2023-11-16 18:48:06.627585,1359,115,long
2023-11-16 18:48:06.672452,4086,47,long
2023-11-16 18:48:06.731499,1320,107,long
2023-11-16 18:48:06.878486,4095,33,long
2023-11-16 18:48:07.081297,1111,406,long
2023-11-16 18:48:07.199533,1075,413,long
2023-11-16 18:48:07.267893,400,101,medium
2023-11-16 18:48:07.389662,393,94,medium
2023-11-16 18:48:07.434151,416,93,medium
2023-11-16 18:48:07.562464,2584,142,long
2023-11-16 18:48:07.765763,2283,81,long
2023-11-16 18:48:07.831222,395,124,medium
2023-11-16 18:48:07.902121,4087,64,long
2023-11-16 18:48:08.046138,209,162,medium
2023-11-16 18:48:08.047215,1619,122,long
2023-11-16 18:48:08.197845,206,162,medium
2023-11-16 18:48:08.229838,405,93,medium
2023-11-16 18:48:08.383360,378,69,medium
2023-11-16 18:48:08.474176,4105,61,long
2023-11-16 18:48:08.597087,383,76,medium
2023-11-16 18:48:08.753821,393,82,medium
2023-11-16 18:48:08.935050,1485,56,long
2023-11-16 18:48:09.103725,4129,169,long
2023-11-16 18:48:09.237978,4092,45,long
2023-11-16 18:48:09.240598,393,85,medium
2023-11-16 18:48:09.283623,388,52,medium
2023-11-16 18:48:09.342634,380,63,medium
2023-11-16 18:48:09.524342,4075,30,long
2023-11-16 18:48:09.609206,4078,31,long
2023-11-16 18:48:09.948107,386,57,medium
2023-11-16 18:48:09.980093,1016,413,long
2023-11-16 18:48:09.993771,419,64,medium
2023-11-16 18:48:10.029354,4083,36,long
2023-11-16 18:48:10.085090,386,59,medium
2023-11-16 18:48:10.168585,4102,39,long
2023-11-16 18:48:10.275152,389,104,medium
2023-11-16 18:48:10.371058,387,57,medium
2023-11-16 18:48:10.538258,419,95,medium
2023-11-16 18:48:10.595235,4091,66,long
2023-11-16 18:48:10.598989,396,97,medium
2023-11-16 18:48:10.680665,1315,105,long
2023-11-16 18:48:11.033047,1561,43,long
2023-11-16 18:48:11.096220,4089,131,long
2023-11-16 18:48:11.108894,409,102,medium
2023-11-16 18:48:11.375883,449,82,medium
2023-11-16 18:48:11.430580,4072,50,long
2023-11-16 18:48:11.452540,3105,56,long
2023-11-16 18:48:11.673633,1098,399,long
2023-11-16 18:48:12.035223,394,110,medium
2023-11-16 18:48:12.246057,416,105,medium
2023-11-16 18:48:12.380578,4081,39,long
2023-11-16 18:48:12.468419,414,124,medium
2023-11-16 18:48:12.479315,378,104,medium
2023-11-16 18:48:12.560958,424,99,medium
2023-11-16 18:48:12.745070,181,109,medium
2023-11-16 18:48:12.925816,386,129,medium
2023-11-16 18:48:13.356515,400,92,medium
2023-11-16 18:48:13.531250,439,95,medium
2023-11-16 18:48:13.741395,404,98,medium
2023-11-16 18:48:14.115430,384,53,medium
2023-11-16 18:48:14.118518,4081,43,long
2023-11-16 18:48:14.462457,1318,222,long
2023-11-16 18:48:14.529897,383,82,medium
2023-11-16 18:48:14.943145,384,62,medium
2023-11-16 18:48:15.050446,390,90,medium
2023-11-16 18:48:15.183022,4127,45,long
2023-11-16 18:48:15.192289,1014,375,long
2023-11-16 18:48:15.330257,417,94,medium
2023-11-16 18:48:15.377625,1106,375,long
2023-11-16 18:48:15.402638,3699,49,long
2023-11-16 18:48:15.473393,513,90,long
2023-11-16 18:48:15.687030,4095,119,long
2023-11-16 18:48:15.689178,2397,59,long
2023-11-16 18:48:15.754435,1040,384,long
2023-11-16 18:48:16.001248,4076,46,long
2023-11-16 18:48:16.031646,385,123,medium
2023-11-16 18:48:16.218403,379,64,medium
2023-11-16 18:48:16.230275,4086,17,long
2023-11-16 18:48:16.239359,395,85,medium
2023-11-16 18:48:16.291476,392,72,medium
2023-11-16 18:48:16.291918,1182,46,long
2023-11-16 18:48:16.432928,394,153,medium
2023-11-16 18:48:16.454617,427,95,medium
2023-11-16 18:48:16.961032,1306,78,long
2023-11-16 18:48:17.327220,4075,51,long
2023-11-16 18:48:17.376278,2419,143,long
2023-11-16 18:48:17.413789,381,90,medium
2023-11-16 18:48:17.491130,4081,44,long
2023-11-16 18:48:17.494715,4081,294,long
2023-11-16 18:48:17.755916,404,89,medium
2023-11-16 18:48:18.138925,4082,51,long
2023-11-16 18:48:18.649188,4111,58,long
2023-11-16 18:48:19.006263,1934,85,long
2023-11-16 18:48:19.016592,369,78,medium
2023-11-16 18:48:19.313339,4098,47,long
2023-11-16 18:48:19.457630,990,438,long
2023-11-16 18:48:19.487245,4094,56,long
2023-11-16 18:48:19.648552,380,67,medium
2023-11-16 18:48:19.753231,429,90,medium
2023-11-16 18:48:19.988024,4081,38,long
2023-11-16 18:48:20.054031,4106,39,long
2023-11-16 18:48:20.063941,1043,380,long
2023-11-16 18:48:20.304077,399,119,medium
2023-11-16 18:48:20.317818,405,99,medium
2023-11-16 18:48:20.318998,4117,77,long
2023-11-16 18:48:20.504102,1334,79,long
2023-11-16 18:48:20.645648,400,113,medium
2023-11-16 18:48:20.861888,398,136,medium
2023-11-16 18:48:20.871713,200,181,medium
2023-11-16 18:48:20.947073,4157,86,long
2023-11-16 18:48:21.046741,4090,31,long
2023-11-16 18:48:21.358132,376,77,medium
2023-11-16 18:48:21.376680,1022,575,long
2023-11-16 18:48:21.408474,378,96,medium
2023-11-16 18:48:21.458230,1682,99,long
2023-11-16 18:48:21.516450,400,87,medium
2023-11-16 18:48:21.747227,4086,29,long
2023-11-16 18:48:21.824683,95,175,short
2023-11-16 18:48:21.974348,430,88,medium
2023-11-16 18:48:22.000734,1275,427,long
2023-11-16 18:48:22.032160,1074,400,long
2023-11-16 18:48:22.102510,4080,49,long
2023-11-16 18:48:22.239125,404,99,medium
2023-11-16 18:48:22.401919,442,170,medium
2023-11-16 18:48:22.519207,2841,146,long
2023-11-16 18:48:22.624600,4089,111,long
2023-11-16 18:48:22.720872,1035,429,long
2023-11-16 18:48:22.900661,990,50,long
2023-11-16 18:48:22.952782,1227,416,long
2023-11-16 18:48:23.433724,1037,383,long
2023-11-16 18:48:23.513833,399,127,medium
2023-11-16 18:48:23.708824,1344,101,long
2023-11-16 18:48:23.714461,2561,25,long
2023-11-16 18:48:23.727355,400,78,medium
2023-11-16 18:48:23.749904,1120,427,long
2023-11-16 18:48:24.133601,454,86,medium
2023-11-16 18:48:24.285870,989,396,long
2023-11-16 18:48:24.467127,4079,113,long
2023-11-16 18:48:24.642825,383,76,medium
2023-11-16 18:48:25.022324,1012,428,long
2023-11-16 18:48:25.091856,395,101,medium
2023-11-16 18:48:25.195888,377,46,medium
2023-11-16 18:48:25.248351,380,108,medium
2023-11-16 18:48:25.256681,421,116,medium
2023-11-16 18:48:25.395659,181,146,medium
2023-11-16 18:48:25.580817,380,50,medium
2023-11-16 18:48:25.621370,2605,70,long
2023-11-16 18:48:25.632899,375,71,medium
2023-11-16 18:48:25.722360,307,18,medium
2023-11-16 18:48:25.765293,1755,91,long
2023-11-16 18:48:25.934934,1111,446,long
2023-11-16 18:48:25.974897,237,14,medium
2023-11-16 18:48:26.057223,393,118,medium
2023-11-16 18:48:26.231713,1080,517,long
2023-11-16 18:48:26.261127,391,89,medium
2023-11-16 18:48:26.563839,403,162,medium
2023-11-16 18:48:26.704835,379,69,medium
2023-11-16 18:48:26.718199,197,217,medium
2023-11-16 18:48:26.848079,395,82,medium
2023-11-16 18:48:27.051598,400,102,medium
2023-11-16 18:48:27.131394,4091,41,long
2023-11-16 18:48:27.359508,377,66,medium
2023-11-16 18:48:27.455577,407,121,medium
2023-11-16 18:48:27.569562,399,86,medium
2023-11-16 18:48:27.594747,385,73,medium
2023-11-16 18:48:27.698479,437,100,medium
2023-11-16 18:48:28.040901,375,86,medium
2023-11-16 18:48:28.211989,2540,100,long
2023-11-16 18:48:28.214334,402,113,medium
2023-11-16 18:48:28.367186,379,50,medium
2023-11-16 18:48:28.464840,394,83,medium
2023-11-16 18:48:28.723567,1022,429,long
2023-11-16 18:48:28.830057,402,90,medium
2023-11-16 18:48:28.995656,1549,81,long
2023-11-16 18:48:29.011758,426,97,medium
2023-11-16 18:48:29.031718,415,101,medium
2023-11-16 18:48:29.101591,1314,195,long
2023-11-16 18:48:29.151225,417,153,medium
2023-11-16 18:48:29.299226,462,77,medium
2023-11-16 18:48:29.765923,1056,433,long
2023-11-16 18:48:29.783131,406,100,medium
2023-11-16 18:48:29.868459,391,88,medium
2023-11-16 18:48:30.096489,372,54,medium
2023-11-16 18:48:30.762428,452,87,medium
2023-11-16 18:48:30.762831,386,65,medium
2023-11-16 18:48:31.039681,1077,90,long
2023-11-16 18:48:31.273144,1416,53,long
2023-11-16 18:48:31.480151,394,96,medium
2023-11-16 18:48:31.714079,1090,662,long
2023-11-16 18:48:31.732235,994,396,long
2023-11-16 18:48:31.927930,4152,38,long
2023-11-16 18:48:31.940587,389,72,medium
2023-11-16 18:48:32.410451,4084,36,long
2023-11-16 18:48:32.606773,410,82,medium
2023-11-16 18:48:32.620156,1103,561,long
2023-11-16 18:48:32.807453,203,223,medium
2023-11-16 18:48:32.904378,4081,50,long
2023-11-16 18:48:33.175142,378,86,medium
2023-11-16 18:48:33.193289,1084,85,long
2023-11-16 18:48:33.511914,4082,336,long
2023-11-16 18:48:33.572057,425,108,medium
2023-11-16 18:48:33.702597,181,152,medium
2023-11-16 18:48:33.826780,4141,88,long
2023-11-16 18:48:33.877320,424,64,medium
2023-11-16 18:48:33.923216,398,81,medium
2023-11-16 18:48:33.972936,1314,462,long
2023-11-16 18:48:34.179214,2136,112,long
2023-11-16 18:48:34.180784,1661,53,long
2023-11-16 18:48:34.216850,4085,164,long
2023-11-16 18:48:34.291059,986,395,long
2023-11-16 18:48:34.426694,402,79,medium
2023-11-16 18:48:34.461392,4086,87,long
2023-11-16 18:48:34.636226,408,102,medium
2023-11-16 18:48:34.764635,375,86,medium
2023-11-16 18:48:34.906553,1319,201,long
2023-11-16 18:48:35.097865,2627,116,long
2023-11-16 18:48:35.098416,4078,48,long
2023-11-16 18:48:35.237118,404,138,medium
2023-11-16 18:48:35.529975,392,89,medium
2023-11-16 18:48:35.691356,4082,38,long
2023-11-16 18:48:35.820088,2616,86,long
2023-11-16 18:48:35.861237,455,111,medium
2023-11-16 18:48:35.922510,400,83,medium
2023-11-16 18:48:35.968430,394,87,medium
2023-11-16 18:48:36.208883,373,69,medium
2023-11-16 18:48:36.234349,372,53,medium
2023-11-16 18:48:36.300598,379,78,medium
2023-11-16 18:48:36.503934,395,94,medium
2023-11-16 18:48:36.687922,1062,377,long
2023-11-16 18:48:36.776296,4080,46,long
2023-11-16 18:48:36.940761,1068,375,long
2023-11-16 18:48:37.031182,382,89,medium
2023-11-16 18:48:37.278174,4080,70,long
2023-11-16 18:48:37.315890,395,118,medium
2023-11-16 18:48:37.709389,390,63,medium
2023-11-16 18:48:37.710813,393,62,medium
2023-11-16 18:48:37.742712,396,91,medium
2023-11-16 18:48:37.928985,4085,49,long
2023-11-16 18:48:38.064542,206,217,medium
2023-11-16 18:48:38.393551,394,122,medium
2023-11-16 18:48:38.405020,206,179,medium
2023-11-16 18:48:38.579769,394,149,medium
2023-11-16 18:48:38.765221,4075,37,long
2023-11-16 18:48:38.927068,377,57,medium
2023-11-16 18:48:39.120149,396,95,medium
2023-11-16 18:48:39.198275,962,390,long
2023-11-16 18:48:39.399775,1098,411,long
2023-11-16 18:48:39.551056,476,112,medium
2023-11-16 18:48:39.733375,4076,32,long
2023-11-16 18:48:40.171549,1073,464,long
2023-11-16 18:48:40.183968,2563,55,long
2023-11-16 18:48:40.360608,4077,47,long
2023-11-16 18:48:40.376365,10,133,short
2023-11-16 18:48:41.380483,2152,107,long
2023-11-16 18:48:41.381126,389,95,medium
2023-11-16 18:48:41.553809,320,18,medium
2023-11-16 18:48:41.575385,4078,41,long
2023-11-16 18:48:41.618335,203,162,medium
2023-11-16 18:48:41.651692,398,105,medium
2023-11-16 18:48:41.686411,42,156,short
2023-11-16 18:48:41.798449,1080,413,long
2023-11-16 18:48:42.062735,433,56,medium
2023-11-16 18:48:42.206488,4079,39,long
2023-11-16 18:48:42.308160,401,119,medium
2023-11-16 18:48:42.366068,4075,163,long
2023-11-16 18:48:42.382468,430,57,medium
2023-11-16 18:48:42.383825,403,106,medium
2023-11-16 18:48:42.629476,4083,48,long
2023-11-16 18:48:42.730170,4081,41,long
2023-11-16 18:48:42.740355,391,116,medium
2023-11-16 18:48:43.289533,1062,520,long
2023-11-16 18:48:43.558944,835,56,long
2023-11-16 18:48:43.585228,209,162,medium
2023-11-16 18:48:43.879348,2079,42,long
2023-11-16 18:48:43.899082,404,142,medium
2023-11-16 18:48:44.138551,1313,145,long
2023-11-16 18:48:44.147270,398,100,medium
2023-11-16 18:48:44.586619,406,144,medium
2023-11-16 18:48:44.618862,1350,270,long
2023-11-16 18:48:44.838085,4077,34,long
2023-11-16 18:48:44.892018,383,88,medium
2023-11-16 18:48:45.038418,390,94,medium
2023-11-16 18:48:45.512330,1099,378,long
2023-11-16 18:48:45.981910,408,96,medium
2023-11-16 18:48:45.983916,393,92,medium
2023-11-16 18:48:46.150712,4082,43,long
2023-11-16 18:48:46.336178,1014,394,long
2023-11-16 18:48:46.445409,2550,49,long
2023-11-16 18:48:46.639120,4081,71,long
2023-11-16 18:48:46.657828,395,126,medium
2023-11-16 18:48:46.999852,398,91,medium
2023-11-16 18:48:47.127869,2208,117,long
2023-11-16 18:48:47.152295,399,126,medium
2023-11-16 18:48:47.204508,383,94,medium
2023-11-16 18:48:47.384808,396,125,medium
2023-11-16 18:48:47.438846,400,91,medium
2023-11-16 18:48:47.540363,385,84,medium
2023-11-16 18:48:47.677089,2022,79,long
2023-11-16 18:48:47.693885,2584,166,long
2023-11-16 18:48:47.737442,398,88,medium
2023-11-16 18:48:47.737722,4096,82,long
2023-11-16 18:48:47.828393,398,117,medium
2023-11-16 18:48:47.938985,4091,67,long
2023-11-16 18:48:48.020750,423,103,medium
2023-11-16 18:48:48.055386,409,110,medium
2023-11-16 18:48:48.189071,1218,43,long
2023-11-16 18:48:48.506519,4096,44,long
2023-11-16 18:48:48.643390,390,98,medium
2023-11-16 18:48:48.726726,1317,173,long
2023-11-16 18:48:48.804345,4077,63,long
2023-11-16 18:48:48.941055,406,89,medium
2023-11-16 18:48:49.119799,388,122,medium
2023-11-16 18:48:49.345386,1316,396,long
2023-11-16 18:48:49.553103,403,96,medium
2023-11-16 18:48:49.651736,403,91,medium
2023-11-16 18:48:49.674668,203,161,medium
2023-11-16 18:48:49.698359,421,116,medium
2023-11-16 18:48:49.854262,1122,420,long
2023-11-16 18:48:49.932255,378,100,medium
2023-11-16 18:48:50.127544,4082,51,long
2023-11-16 18:48:50.214855,4087,74,long
2023-11-16 18:48:50.374156,380,67,medium
2023-11-16 18:48:50.374367,399,118,medium
2023-11-16 18:48:50.435838,997,414,long
2023-11-16 18:48:50.613717,2212,77,long
2023-11-16 18:48:50.790379,405,112,medium
2023-11-16 18:48:50.865503,400,85,medium
2023-11-16 18:48:50.874975,396,121,medium
2023-11-16 18:48:50.898909,411,144,medium
2023-11-16 18:48:50.932363,397,105,medium
2023-11-16 18:48:51.113735,315,18,medium
2023-11-16 18:48:51.280561,2473,80,long
2023-11-16 18:48:51.380506,399,108,medium
2023-11-16 18:48:51.461076,4095,46,long
2023-11-16 18:48:51.462886,206,157,medium
2023-11-16 18:48:51.810992,1056,505,long
2023-11-16 18:48:51.850191,395,161,medium
2023-11-16 18:48:52.072135,389,70,medium
2023-11-16 18:48:52.140547,1012,454,long
2023-11-16 18:48:52.154400,181,342,medium
2023-11-16 18:48:52.270440,4179,51,long
2023-11-16 18:48:52.316772,406,104,medium
2023-11-16 18:48:52.492933,405,136,medium
2023-11-16 18:48:52.506821,181,513,medium
2023-11-16 18:48:52.661581,395,80,medium
2023-11-16 18:48:52.687685,378,65,medium
2023-11-16 18:48:52.893760,989,411,long
2023-11-16 18:48:52.984561,995,396,long
2023-11-16 18:48:52.996884,1012,429,long
2023-11-16 18:48:53.031967,372,58,medium
2023-11-16 18:48:53.064775,1100,397,long
2023-11-16 18:48:53.102178,4091,35,long
2023-11-16 18:48:53.192961,408,99,medium
2023-11-16 18:48:53.247971,373,62,medium
2023-11-16 18:48:53.379820,389,86,medium
2023-11-16 18:48:53.382960,441,102,medium
2023-11-16 18:48:53.500663,413,96,medium
2023-11-16 18:48:53.776495,1184,104,long
2023-11-16 18:48:53.781492,2045,67,long
2023-11-16 18:48:53.947300,397,106,medium
2023-11-16 18:48:54.078487,406,95,medium
2023-11-16 18:48:54.146428,396,119,medium
2023-11-16 18:48:54.217303,430,89,medium
2023-11-16 18:48:54.549436,381,71,medium
2023-11-16 18:48:54.723952,42,165,short
2023-11-16 18:48:54.725294,393,81,medium
2023-11-16 18:48:54.768328,400,100,medium
2023-11-16 18:48:55.300508,409,100,medium
2023-11-16 18:48:55.451985,383,75,medium
2023-11-16 18:48:55.718828,378,32,medium
2023-11-16 18:48:55.749181,801,84,long
2023-11-16 18:48:56.024503,1497,99,long
2023-11-16 18:48:56.028761,4098,42,long
2023-11-16 18:48:56.087785,374,82,medium
2023-11-16 18:48:56.129320,163,217,medium
2023-11-16 18:48:56.131523,23,121,short
2023-11-16 18:48:56.527600,1022,396,long
2023-11-16 18:48:56.648452,405,85,medium
2023-11-16 18:48:57.055524,369,56,medium
2023-11-16 18:48:57.075572,384,85,medium
2023-11-16 18:48:57.549972,4073,46,long
2023-11-16 18:48:57.840961,181,116,medium
2023-11-16 18:48:57.935111,968,419,long
2023-11-16 18:48:57.999784,1114,391,long
2023-11-16 18:48:58.034218,1106,399,long
2023-11-16 18:48:58.062047,394,97,medium
2023-11-16 18:48:58.282513,409,91,medium
2023-11-16 18:48:58.594557,398,107,medium
2023-11-16 18:48:58.596738,385,91,medium
2023-11-16 18:48:58.642989,407,170,medium
2023-11-16 18:48:58.845493,2410,42,long
2023-11-16 18:48:58.851339,381,60,medium
2023-11-16 18:48:59.063040,1314,210,long
2023-11-16 18:48:59.087147,402,104,medium
2023-11-16 18:48:59.123713,1317,243,long
2023-11-16 18:48:59.138274,401,117,medium
2023-11-16 18:48:59.160679,434,91,medium
2023-11-16 18:48:59.247877,1516,90,long
2023-11-16 18:48:59.426415,4072,34,long
2023-11-16 18:48:59.557152,406,102,medium
2023-11-16 18:48:59.593628,371,64,medium
2023-11-16 18:48:59.650733,4099,125,long
2023-11-16 18:48:59.702763,4075,28,long
2023-11-16 18:48:59.703027,2470,48,long
2023-11-16 18:48:59.841149,1083,397,long
2023-11-16 18:48:59.907917,4085,54,long
2023-11-16 18:48:59.963780,385,60,medium
2023-11-16 18:49:00.356355,397,100,medium
2023-11-16 18:49:00.422254,398,87,medium
2023-11-16 18:49:00.602324,4087,27,long
2023-11-16 18:49:00.753434,416,84,medium
2023-11-16 18:49:00.786881,399,94,medium
2023-11-16 18:49:00.839019,4077,66,long
2023-11-16 18:49:00.853467,1090,495,long
2023-11-16 18:49:00.917080,399,143,medium
2023-11-16 18:49:01.019921,417,78,medium
2023-11-16 18:49:01.181821,1001,429,long
2023-11-16 18:49:01.380168,1049,408,long
2023-11-16 18:49:01.523936,389,60,medium
2023-11-16 18:49:01.559554,380,60,medium
2023-11-16 18:49:01.704552,396,93,medium
2023-11-16 18:49:02.096760,399,80,medium
2023-11-16 18:49:02.109554,1315,200,long
2023-11-16 18:49:02.236874,1697,47,long
2023-11-16 18:49:02.247293,1058,431,long
2023-11-16 18:49:02.485256,408,105,medium
2023-11-16 18:49:02.528613,4081,44,long
2023-11-16 18:49:02.741405,1275,54,long
2023-11-16 18:49:02.863177,1033,507,long
2023-11-16 18:49:03.048758,1103,391,long
2023-11-16 18:49:03.713378,412,95,medium
2023-11-16 18:49:03.754177,2099,93,long
2023-11-16 18:49:03.840382,4085,133,long
2023-11-16 18:49:03.896250,392,84,medium
2023-11-16 18:49:03.902513,1068,384,long
2023-11-16 18:49:04.424850,383,60,medium
2023-11-16 18:49:04.425452,392,89,medium
2023-11-16 18:49:04.660358,871,40,long
2023-11-16 18:49:04.774172,1073,380,long
2023-11-16 18:49:04.819968,409,105,medium
2023-11-16 18:49:04.916014,418,84,medium
2023-11-16 18:49:04.925996,397,137,medium
2023-11-16 18:49:05.432630,372,57,medium
2023-11-16 18:49:05.514304,1086,393,long
2023-11-16 18:49:05.587295,2297,38,long
2023-11-16 18:49:05.629152,397,108,medium
2023-11-16 18:49:06.039186,2756,106,long
2023-11-16 18:49:06.092876,385,88,medium
2023-11-16 18:49:06.149570,4087,77,long
2023-11-16 18:49:06.189679,998,388,long
2023-11-16 18:49:06.190780,408,55,medium
2023-11-16 18:49:06.232079,405,105,medium
2023-11-16 18:49:06.895147,2236,55,long
2023-11-16 18:49:06.914083,401,106,medium
2023-11-16 18:49:06.921042,1131,397,long
2023-11-16 18:49:06.955708,438,93,medium
2023-11-16 18:49:07.177127,396,123,medium
2023-11-16 18:49:07.292489,2215,63,long
2023-11-16 18:49:07.456634,400,108,medium
2023-11-16 18:49:07.484546,422,93,medium
2023-11-16 18:49:07.778760,429,95,medium
2023-11-16 18:49:07.884722,1842,101,long
2023-11-16 18:49:07.931643,397,91,medium
2023-11-16 18:49:07.944589,2817,261,long
2023-11-16 18:49:08.010027,409,94,medium
2023-11-16 18:49:08.013822,4078,46,long
2023-11-16 18:49:08.039348,4083,42,long
2023-11-16 18:49:08.306147,403,94,medium
2023-11-16 18:49:08.327818,412,123,medium
2023-11-16 18:49:08.587356,426,103,medium
2023-11-16 18:49:08.654389,2845,87,long
2023-11-16 18:49:08.702050,415,121,medium
2023-11-16 18:49:08.771343,4091,39,long
2023-11-16 18:49:08.884191,2180,128,long
2023-11-16 18:49:08.949716,1318,183,long
2023-11-16 18:49:09.049981,389,76,medium
2023-11-16 18:49:09.090546,380,53,medium
2023-11-16 18:49:09.187265,4106,46,long
2023-11-16 18:49:09.227124,200,153,medium
2023-11-16 18:49:10.139162,4111,139,long
2023-11-16 18:49:10.366875,374,86,medium
2023-11-16 18:49:10.940730,1031,361,long
2023-11-16 18:49:11.005900,400,102,medium
2023-11-16 18:49:11.137520,408,108,medium
2023-11-16 18:49:11.185015,398,124,medium
2023-11-16 18:49:11.208717,398,135,medium
2023-11-16 18:49:11.353954,413,101,medium
2023-11-16 18:49:11.473708,395,107,medium
2023-11-16 18:49:11.938085,1969,111,long
2023-11-16 18:49:12.047052,946,80,long
2023-11-16 18:49:12.095370,181,130,medium
2023-11-16 18:49:12.102982,390,147,medium
2023-11-16 18:49:12.161737,414,164,medium
2023-11-16 18:49:12.184986,4089,84,long
2023-11-16 18:49:12.278262,1895,113,long
2023-11-16 18:49:13.542943,1316,159,long
2023-11-16 18:49:13.806868,396,85,medium
2023-11-16 18:49:13.935553,1315,145,long
2023-11-16 18:49:14.386454,395,124,medium
2023-11-16 18:49:14.568236,423,86,medium
2023-11-16 18:49:14.609302,404,85,medium
2023-11-16 18:49:14.929302,408,87,medium
2023-11-16 18:49:15.000951,2101,47,long
2023-11-16 18:49:15.240456,1107,442,long
2023-11-16 18:49:15.589051,437,85,medium
2023-11-16 18:49:15.711391,181,179,medium
2023-11-16 18:49:15.713180,212,182,medium
2023-11-16 18:49:15.744774,402,163,medium
2023-11-16 18:49:16.201182,395,87,medium
2023-11-16 18:49:16.347682,1069,397,long
2023-11-16 18:49:16.750973,2375,186,long
2023-11-16 18:49:16.866738,375,76,medium
2023-11-16 18:49:17.299701,396,78,medium
2023-11-16 18:49:17.310990,409,97,medium
2023-11-16 18:49:17.440119,1018,415,long
2023-11-16 18:49:17.571882,396,97,medium
2023-11-16 18:49:17.654074,388,114,medium
2023-11-16 18:49:17.732794,1032,376,long
2023-11-16 18:49:18.154184,1083,431,long
2023-11-16 18:49:18.294222,426,103,medium
2023-11-16 18:49:18.479187,418,134,medium
2023-11-16 18:49:18.682113,1030,550,long
2023-11-16 18:49:18.795608,1097,396,long
2023-11-16 18:49:19.011255,2759,53,long
2023-11-16 18:49:19.104790,963,109,long
2023-11-16 18:49:19.145621,393,113,medium
2023-11-16 18:49:19.401319,393,118,medium
2023-11-16 18:49:19.419455,410,104,medium
2023-11-16 18:49:19.599856,400,110,medium
2023-11-16 18:49:19.647720,404,163,medium
2023-11-16 18:49:19.719578,407,131,medium
2023-11-16 18:49:19.799602,382,66,medium
2023-11-16 18:49:19.812505,1137,108,long
2023-11-16 18:49:19.874614,181,221,medium
2023-11-16 18:49:19.987392,413,111,medium
2023-11-16 18:49:20.107587,1777,90,long
2023-11-16 18:49:20.931016,402,119,medium
2023-11-16 18:49:20.995084,393,101,medium
2023-11-16 18:49:21.597976,394,100,medium
2023-11-16 18:49:22.214539,410,98,medium
2023-11-16 18:49:22.217962,426,84,medium
2023-11-16 18:49:22.414028,4092,92,long
2023-11-16 18:49:22.622468,416,89,medium
2023-11-16 18:49:22.799255,424,86,medium
2023-11-16 18:49:23.128946,427,79,medium
2023-11-16 18:49:23.322009,1033,90,long
2023-11-16 18:49:23.752252,983,407,long
2023-11-16 18:49:23.834965,409,140,medium
2023-11-16 18:49:23.961033,194,217,medium
2023-11-16 18:49:23.995479,1374,99,long
2023-11-16 18:49:24.277217,400,145,medium
2023-11-16 18:49:24.326917,403,108,medium
2023-11-16 18:49:24.326924,402,90,medium
2023-11-16 18:49:24.634121,393,104,medium
2023-11-16 18:49:24.869903,389,120,medium
2023-11-16 18:49:25.059142,1072,439,long
2023-11-16 18:49:25.079881,429,88,medium
2023-11-16 18:49:25.382063,424,102,medium
2023-11-16 18:49:25.424840,393,139,medium
2023-11-16 18:49:25.558015,1108,82,long
2023-11-16 18:49:25.559592,1080,64,long
2023-11-16 18:49:25.841760,410,97,medium
2023-11-16 18:49:25.841767,2052,120,long
2023-11-16 18:49:25.945759,427,109,medium
2023-11-16 18:49:25.945856,1969,111,long
2023-11-16 18:49:26.477367,997,459,long
2023-11-16 18:49:26.617349,311,18,medium
2023-11-16 18:49:26.654048,1049,408,long
2023-11-16 18:49:26.738846,181,131,medium
2023-11-16 18:49:26.869067,2251,101,long
2023-11-16 18:49:26.971864,422,89,medium
2023-11-16 18:49:27.012314,2617,84,long
2023-11-16 18:49:27.059940,1082,431,long
2023-11-16 18:49:27.228779,1315,180,long
2023-11-16 18:49:27.256461,429,107,medium
2023-11-16 18:49:27.488365,990,384,long
2023-11-16 18:49:28.111093,397,94,medium
2023-11-16 18:49:28.359485,1453,88,long
2023-11-16 18:49:28.553297,1167,420,long
2023-11-16 18:49:28.839499,4078,193,long
2023-11-16 18:49:29.027155,1031,89,long
2023-11-16 18:49:29.464594,1724,60,long
2023-11-16 18:49:29.587068,409,85,medium
2023-11-16 18:49:30.232902,308,18,medium
2023-11-16 18:49:30.280555,181,106,medium
2023-11-16 18:49:30.377346,1027,55,long
2023-11-16 18:49:30.730928,206,179,medium
2023-11-16 18:49:30.772096,120,12,short
2023-11-16 18:49:30.805908,408,93,medium
2023-11-16 18:49:31.168215,400,110,medium
2023-11-16 18:49:31.346800,395,95,medium
2023-11-16 18:49:31.415717,1312,134,long
2023-11-16 18:49:31.434412,401,128,medium
2023-11-16 18:49:31.904358,4074,30,long
2023-11-16 18:49:32.573881,376,81,medium
2023-11-16 18:49:32.862464,966,387,long
2023-11-16 18:49:33.336959,1023,383,long
2023-11-16 18:49:33.341410,400,132,medium
2023-11-16 18:49:33.388412,402,89,medium
2023-11-16 18:49:33.389182,397,97,medium
2023-11-16 18:49:33.646442,2221,208,long
2023-11-16 18:49:33.739213,435,98,medium
2023-11-16 18:49:33.953635,2442,47,long
2023-11-16 18:49:34.439414,3601,53,long
2023-11-16 18:49:34.446807,394,104,medium
2023-11-16 18:49:34.593683,415,83,medium
2023-11-16 18:49:34.639276,453,111,medium
2023-11-16 18:49:34.689137,994,372,long
2023-11-16 18:49:34.690608,406,100,medium
2023-11-16 18:49:34.917426,405,97,medium
2023-11-16 18:49:35.006221,1314,184,long
2023-11-16 18:49:35.175568,2851,68,long
2023-11-16 18:49:35.252080,2584,151,long
2023-11-16 18:49:35.279808,408,122,medium
2023-11-16 18:49:35.616934,1110,396,long
2023-11-16 18:49:35.646838,2423,49,long
2023-11-16 18:49:35.807816,2003,76,long
2023-11-16 18:49:35.915732,905,131,long
2023-11-16 18:49:36.004181,421,123,medium
2023-11-16 18:49:36.151417,1018,122,long
2023-11-16 18:49:36.250617,404,95,medium
2023-11-16 18:49:36.424858,2326,47,long
2023-11-16 18:49:36.610073,416,81,medium
2023-11-16 18:49:36.762085,181,75,medium
2023-11-16 18:49:36.791950,400,86,medium
2023-11-16 18:49:36.863325,1046,389,long
2023-11-16 18:49:36.937746,1036,81,long
2023-11-16 18:49:37.078050,1049,413,long
2023-11-16 18:49:37.242718,421,90,medium
2023-11-16 18:49:37.445993,957,442,long
2023-11-16 18:49:38.190489,400,100,medium
2023-11-16 18:49:38.478613,181,83,medium
2023-11-16 18:49:38.638502,422,99,medium
2023-11-16 18:49:38.664626,1139,429,long
2023-11-16 18:49:38.679337,1097,396,long
2023-11-16 18:49:38.753230,1316,122,long
2023-11-16 18:49:38.773716,408,112,medium
2023-11-16 18:49:38.803269,1520,594,long
2023-11-16 18:49:38.830734,527,41,long
2023-11-16 18:49:39.050825,372,39,medium
2023-11-16 18:49:39.210210,391,99,medium
2023-11-16 18:49:39.258808,1835,85,long
2023-11-16 18:49:39.268405,881,75,long
2023-11-16 18:49:39.382396,411,116,medium
2023-11-16 18:49:39.723109,398,87,medium
2023-11-16 18:49:39.845069,1316,149,long
2023-11-16 18:49:40.373243,206,162,medium
2023-11-16 18:49:40.484503,1220,66,long
2023-11-16 18:49:40.714445,389,97,medium
2023-11-16 18:49:40.769838,403,80,medium
2023-11-16 18:49:40.784303,2516,60,long
2023-11-16 18:49:41.186394,1315,150,long
2023-11-16 18:49:41.362703,961,395,long
2023-11-16 18:49:41.578849,206,153,medium
2023-11-16 18:49:41.695776,409,122,medium
2023-11-16 18:49:41.738271,310,18,medium
2023-11-16 18:49:41.953902,3837,73,long
2023-11-16 18:49:42.182226,181,94,medium
2023-11-16 18:49:42.248745,420,95,medium
2023-11-16 18:49:42.380004,1972,75,long
2023-11-16 18:49:42.396523,397,100,medium
2023-11-16 18:49:42.460995,181,95,medium
2023-11-16 18:49:42.551372,451,82,medium
2023-11-16 18:49:42.797089,966,414,long
2023-11-16 18:49:42.798327,16,182,short
2023-11-16 18:49:42.846375,394,143,medium
2023-11-16 18:49:43.108481,1013,393,long
2023-11-16 18:49:43.108488,414,89,medium
2023-11-16 18:49:43.143991,403,123,medium
2023-11-16 18:49:43.371665,1702,80,long
2023-11-16 18:49:43.430914,1436,93,long
2023-11-16 18:49:43.597210,415,142,medium
2023-11-16 18:49:43.597316,1352,103,long
2023-11-16 18:49:43.672273,400,100,medium
2023-11-16 18:49:43.682463,209,179,medium
2023-11-16 18:49:43.787418,407,91,medium
2023-11-16 18:49:43.882917,1097,414,long
2023-11-16 18:49:43.953865,415,115,medium
2023-11-16 18:49:44.051322,206,193,medium
2023-11-16 18:49:44.271359,1320,151,long
2023-11-16 18:49:44.288425,2298,121,long
2023-11-16 18:49:44.288702,4078,117,long
2023-11-16 18:49:44.324046,960,394,long
2023-11-16 18:49:44.339596,1107,442,long
2023-11-16 18:49:44.543482,398,101,medium
2023-11-16 18:49:44.785426,1316,125,long
2023-11-16 18:49:44.836044,1035,385,long
2023-11-16 18:49:44.872712,409,152,medium
2023-11-16 18:49:44.965727,1621,110,long
2023-11-16 18:49:45.136989,405,107,medium
2023-11-16 18:49:45.145087,416,98,medium
2023-11-16 18:49:45.317702,1245,79,long
2023-11-16 18:49:45.474702,415,111,medium
2023-11-16 18:49:45.569146,1140,382,long
2023-11-16 18:49:45.778678,1846,123,long
2023-11-16 18:49:45.789716,1402,66,long
2023-11-16 18:49:45.983850,398,90,medium
2023-11-16 18:49:46.017429,181,161,medium
2023-11-16 18:49:46.039673,553,40,long
2023-11-16 18:49:46.263635,1080,430,long
2023-11-16 18:49:46.320460,450,118,medium
2023-11-16 18:49:46.441149,1161,68,long
2023-11-16 18:49:46.545223,1034,415,long
2023-11-16 18:49:46.703976,181,130,medium
2023-11-16 18:49:46.756938,1829,191,long
2023-11-16 18:49:46.846526,393,105,medium
2023-11-16 18:49:47.096800,416,92,medium
2023-11-16 18:49:47.241806,1315,130,long
2023-11-16 18:49:47.399945,405,133,medium
2023-11-16 18:49:47.704442,1052,375,long
2023-11-16 18:49:47.796927,395,95,medium
2023-11-16 18:49:47.950130,1139,425,long
2023-11-16 18:49:47.966031,1651,86,long
2023-11-16 18:49:48.035953,181,274,medium
2023-11-16 18:49:48.204784,237,14,medium
2023-11-16 18:49:48.307056,203,217,medium
2023-11-16 18:49:48.769090,1020,429,long
2023-11-16 18:49:48.844143,407,134,medium
2023-11-16 18:49:48.943172,395,107,medium
2023-11-16 18:49:49.276932,981,415,long
2023-11-16 18:49:49.455579,1118,383,long
2023-11-16 18:49:49.596379,1139,429,long
2023-11-16 18:49:49.889052,2073,87,long
2023-11-16 18:49:50.328864,2513,110,long
2023-11-16 18:49:51.073283,4092,91,long
2023-11-16 18:49:51.500653,237,14,medium
2023-11-16 18:49:51.559733,388,87,medium
2023-11-16 18:49:51.702229,956,405,long
2023-11-16 18:49:51.703930,412,197,medium
2023-11-16 18:49:51.731773,411,83,medium
2023-11-16 18:49:51.896989,200,183,medium
2023-11-16 18:49:51.976078,1098,407,long
2023-11-16 18:49:52.184604,1678,102,long
2023-11-16 18:49:52.211680,404,95,medium
2023-11-16 18:49:52.304410,1130,373,long
2023-11-16 18:49:52.336913,1166,92,long
2023-11-16 18:49:52.391097,1333,77,long
2023-11-16 18:49:52.452722,401,101,medium
2023-11-16 18:49:52.564537,1008,407,long
2023-11-16 18:49:52.599177,403,142,medium
2023-11-16 18:49:53.283991,390,86,medium
2023-11-16 18:49:53.423461,2173,38,long
2023-11-16 18:49:53.549811,407,102,medium
2023-11-16 18:49:54.288424,704,74,long
2023-11-16 18:49:54.561668,960,394,long
2023-11-16 18:49:54.787421,400,81,medium
2023-11-16 18:49:54.813603,398,134,medium
2023-11-16 18:49:54.842425,403,169,medium
2023-11-16 18:49:54.861316,988,63,long
2023-11-16 18:49:54.976248,1350,132,long
2023-11-16 18:49:54.981233,388,84,medium
2023-11-16 18:49:55.187352,401,103,medium
2023-11-16 18:49:55.187453,27,113,short
2023-11-16 18:49:55.188805,404,89,medium
2023-11-16 18:49:55.334217,396,89,medium
2023-11-16 18:49:55.358520,4109,50,long
2023-11-16 18:49:55.692584,1083,500,long
2023-11-16 18:49:56.030757,396,109,medium
2023-11-16 18:49:56.246708,922,78,long
2023-11-16 18:49:56.350505,402,80,medium
2023-11-16 18:49:56.416502,763,76,long
2023-11-16 18:49:56.440951,2108,101,long
2023-11-16 18:49:57.037784,19,158,short
2023-11-16 18:49:57.394242,407,90,medium
2023-11-16 18:49:57.430003,413,121,medium
2023-11-16 18:49:57.464646,400,96,medium
2023-11-16 18:49:57.507407,1080,398,long
2023-11-16 18:49:57.576112,324,18,medium
2023-11-16 18:49:57.624383,1097,393,long
2023-11-16 18:49:57.697625,2584,131,long
2023-11-16 18:49:57.743316,1675,88,long
2023-11-16 18:49:57.835233,200,161,medium
2023-11-16 18:49:57.872204,434,146,medium
2023-11-16 18:49:58.053233,966,498,long
2023-11-16 18:49:58.262233,203,217,medium
2023-11-16 18:49:58.392184,966,377,long
2023-11-16 18:49:58.550733,1069,402,long
2023-11-16 18:49:58.575567,411,93,medium
2023-11-16 18:49:58.960948,415,127,medium
2023-11-16 18:49:58.962849,398,108,medium
2023-11-16 18:49:58.971493,2017,46,long
2023-11-16 18:49:59.018425,307,18,medium
2023-11-16 18:49:59.237368,403,106,medium
2023-11-16 18:49:59.400748,983,410,long
2023-11-16 18:49:59.754587,434,80,medium
2023-11-16 18:49:59.911024,2008,116,long
2023-11-16 18:50:00.076969,413,126,medium
2023-11-16 18:50:00.781585,425,87,medium
2023-11-16 18:50:00.965533,767,83,long
2023-11-16 18:50:01.175535,1098,407,long
2023-11-16 18:50:01.180968,1369,62,long
2023-11-16 18:50:01.349479,1182,143,long
2023-11-16 18:50:01.478373,1350,147,long
2023-11-16 18:50:01.576616,4121,62,long
2023-11-16 18:50:01.650477,2500,105,long
2023-11-16 18:50:01.817980,926,106,long
2023-11-16 18:50:01.874476,1239,59,long
2023-11-16 18:50:01.907085,395,101,medium
2023-11-16 18:50:02.001013,181,72,medium
2023-11-16 18:50:02.002311,398,81,medium
2023-11-16 18:50:02.100773,621,96,long
2023-11-16 18:50:02.235357,444,114,medium
2023-11-16 18:50:02.467483,1312,136,long
2023-11-16 18:50:02.707498,1802,31,long
2023-11-16 18:50:02.741931,1895,170,long
2023-11-16 18:50:02.862295,395,93,medium
2023-11-16 18:50:02.945830,206,186,medium
2023-11-16 18:50:03.144590,394,82,medium
2023-11-16 18:50:03.357210,2626,90,long
2023-11-16 18:50:03.386687,1649,52,long
2023-11-16 18:50:03.389979,1130,373,long
2023-11-16 18:50:03.429968,2399,40,long
2023-11-16 18:50:03.543180,181,94,medium
2023-11-16 18:50:03.576961,419,146,medium
2023-11-16 18:50:03.603254,1353,197,long
2023-11-16 18:50:03.650792,2435,48,long
2023-11-16 18:50:03.755040,1064,400,long
2023-11-16 18:50:03.895286,397,92,medium
2023-11-16 18:50:04.046293,1405,61,long
2023-11-16 18:50:04.486397,966,443,long
2023-11-16 18:50:04.585318,408,86,medium
2023-11-16 18:50:04.602279,407,102,medium
2023-11-16 18:50:04.800950,1702,93,long
2023-11-16 18:50:04.828210,2718,61,long
2023-11-16 18:50:04.864585,1864,84,long
2023-11-16 18:50:05.127259,404,101,medium
2023-11-16 18:50:05.168711,397,84,medium
2023-11-16 18:50:05.204100,754,66,long
2023-11-16 18:50:05.321603,392,83,medium
2023-11-16 18:50:05.322366,390,105,medium
2023-11-16 18:50:05.359316,1008,388,long
2023-11-16 18:50:05.478407,2072,107,long
2023-11-16 18:50:05.547847,418,82,medium
2023-11-16 18:50:05.598205,2013,48,long
2023-11-16 18:50:05.603802,1313,215,long
2023-11-16 18:50:05.855659,396,139,medium
2023-11-16 18:50:05.966966,194,217,medium
2023-11-16 18:50:06.281249,434,90,medium
2023-11-16 18:50:06.283741,1778,95,long
2023-11-16 18:50:06.374819,404,148,medium
2023-11-16 18:50:06.421574,1341,81,long
2023-11-16 18:50:06.658107,406,86,medium
2023-11-16 18:50:06.729258,2972,78,long
2023-11-16 18:50:06.768388,406,85,medium
2023-11-16 18:50:06.823858,404,101,medium
2023-11-16 18:50:06.912240,2324,75,long
2023-11-16 18:50:07.093830,966,422,long
2023-11-16 18:50:07.140388,946,445,long
2023-11-16 18:50:07.157246,1046,389,long
2023-11-16 18:50:07.416088,830,87,long
2023-11-16 18:50:07.593809,398,91,medium
2023-11-16 18:50:07.997294,1404,100,long
2023-11-16 18:50:08.570593,394,99,medium
2023-11-16 18:50:08.670988,1040,133,long
2023-11-16 18:50:09.191304,393,90,medium
2023-11-16 18:50:09.218005,120,12,short
2023-11-16 18:50:09.239817,421,95,medium
2023-11-16 18:50:09.402918,1871,82,long
2023-11-16 18:50:09.655711,390,90,medium
2023-11-16 18:50:09.878893,958,414,long
2023-11-16 18:50:09.964151,398,93,medium
2023-11-16 18:50:10.050840,1060,411,long
2023-11-16 18:50:10.738900,181,111,medium
2023-11-16 18:50:10.822990,399,114,medium
2023-11-16 18:50:10.973589,395,92,medium
2023-11-16 18:50:10.992730,418,99,medium
2023-11-16 18:50:11.099869,1020,399,long
2023-11-16 18:50:11.153504,409,121,medium
2023-11-16 18:50:11.350890,1141,363,long
2023-11-16 18:50:11.773856,395,78,medium
2023-11-16 18:50:11.826617,419,90,medium
2023-11-16 18:50:11.837297,1055,411,long
2023-11-16 18:50:11.862005,394,97,medium
2023-11-16 18:50:12.001041,957,395,long
2023-11-16 18:50:12.052104,1315,172,long
2023-11-16 18:50:12.235876,960,396,long
2023-11-16 18:50:12.311269,2319,37,long
2023-11-16 18:50:12.815553,457,101,medium
2023-11-16 18:50:12.934330,425,106,medium
2023-11-16 18:50:12.963255,1063,100,long
2023-11-16 18:50:13.026247,405,98,medium
2023-11-16 18:50:13.077268,1118,429,long
2023-11-16 18:50:13.112445,181,277,medium
2023-11-16 18:50:13.139345,395,100,medium
2023-11-16 18:50:13.191386,4077,42,long
2023-11-16 18:50:13.246354,1931,78,long
2023-11-16 18:50:13.312549,1208,373,long
2023-11-16 18:50:13.412186,2541,71,long
2023-11-16 18:50:13.554045,1096,432,long
2023-11-16 18:50:13.626698,1096,414,long
2023-11-16 18:50:13.775195,391,76,medium
2023-11-16 18:50:13.981424,395,83,medium
2023-11-16 18:50:14.130056,1139,425,long
2023-11-16 18:50:14.254612,397,87,medium
2023-11-16 18:50:14.531129,1140,382,long
2023-11-16 18:50:14.593446,2331,106,long
2023-11-16 18:50:14.720103,212,217,medium
2023-11-16 18:50:15.172993,404,91,medium
2023-11-16 18:50:15.385055,57,159,short
2023-11-16 18:50:15.502516,1110,374,long
2023-11-16 18:50:16.047024,399,104,medium
2023-11-16 18:50:16.057854,1949,52,long
2023-11-16 18:50:16.084703,423,96,medium
2023-11-16 18:50:16.172643,1240,96,long
2023-11-16 18:50:16.369180,392,154,medium
2023-11-16 18:50:16.432800,1523,50,long
2023-11-16 18:50:16.657156,308,18,medium
2023-11-16 18:50:16.849870,871,38,long
2023-11-16 18:50:16.968729,858,90,long
2023-11-16 18:50:17.109617,2007,98,long
2023-11-16 18:50:17.129226,1706,77,long
2023-11-16 18:50:17.246182,946,442,long
2023-11-16 18:50:17.384657,1044,377,long
2023-11-16 18:50:17.722972,1313,197,long
2023-11-16 18:50:17.878910,390,142,medium
2023-11-16 18:50:17.964229,405,98,medium
2023-11-16 18:50:17.967648,1026,389,long
2023-11-16 18:50:18.053043,464,104,medium
2023-11-16 18:50:18.222114,181,169,medium
2023-11-16 18:50:18.457459,1076,405,long
2023-11-16 18:50:18.563343,42,168,short
2023-11-16 18:50:18.755497,396,92,medium
2023-11-16 18:50:19.216688,396,99,medium
2023-11-16 18:50:19.376839,406,117,medium
2023-11-16 18:50:19.441617,1129,40,long
2023-11-16 18:50:19.502988,956,513,long
2023-11-16 18:50:19.640712,1772,75,long
2023-11-16 18:50:19.792240,413,90,medium
2023-11-16 18:50:20.220719,1013,408,long
2023-11-16 18:50:20.316764,2076,86,long
2023-11-16 18:50:20.466576,374,54,medium
2023-11-16 18:50:20.584513,2534,49,long
2023-11-16 18:50:20.616566,1020,399,long
2023-11-16 18:50:20.728214,1314,130,long
2023-11-16 18:50:20.872320,401,94,medium
2023-11-16 18:50:20.919496,886,138,long
2023-11-16 18:50:21.021077,400,99,medium
2023-11-16 18:50:21.292613,181,97,medium
2023-11-16 18:50:21.399510,399,101,medium
2023-11-16 18:50:21.468721,1802,87,long
2023-11-16 18:50:21.703901,395,117,medium
2023-11-16 18:50:21.887178,411,100,medium
2023-11-16 18:50:22.052356,400,84,medium
2023-11-16 18:50:22.084352,1316,158,long
2023-11-16 18:50:22.139338,181,309,medium
2023-11-16 18:50:22.173953,958,395,long
2023-11-16 18:50:22.372231,1901,101,long
2023-11-16 18:50:22.433269,426,111,medium
2023-11-16 18:50:22.713211,421,99,medium
2023-11-16 18:50:22.947746,402,130,medium
2023-11-16 18:50:23.031474,16,190,short
2023-11-16 18:50:23.037152,1186,45,long
2023-11-16 18:50:23.386863,1262,59,long
2023-11-16 18:50:23.496623,1314,202,long
2023-11-16 18:50:23.579046,419,105,medium
2023-11-16 18:50:23.590484,385,109,medium
2023-11-16 18:50:23.605421,412,104,medium
2023-11-16 18:50:23.771165,405,119,medium
2023-11-16 18:50:23.772658,946,399,long
2023-11-16 18:50:23.839150,1139,398,long
2023-11-16 18:50:23.904736,966,404,long
2023-11-16 18:50:24.154396,410,92,medium
2023-11-16 18:50:24.178556,2918,85,long
2023-11-16 18:50:24.743790,120,12,short
2023-11-16 18:50:24.767557,1008,378,long
2023-11-16 18:50:24.864859,400,78,medium
2023-11-16 18:50:24.988005,391,135,medium
2023-11-16 18:50:25.101019,2418,94,long
2023-11-16 18:50:25.163393,1139,426,long
2023-11-16 18:50:25.190488,400,99,medium
2023-11-16 18:50:25.303177,397,91,medium
2023-11-16 18:50:25.665571,1117,401,long
2023-11-16 18:50:26.371976,403,115,medium
2023-11-16 18:50:26.606581,1098,407,long
2023-11-16 18:50:26.701980,390,96,medium
2023-11-16 18:50:26.790478,181,116,medium
2023-11-16 18:50:26.995907,405,118,medium
2023-11-16 18:50:27.074920,1080,446,long
2023-11-16 18:50:27.086221,394,84,medium
2023-11-16 18:50:27.167726,413,141,medium
2023-11-16 18:50:27.176868,1097,393,long
2023-11-16 18:50:27.431183,1933,49,long
2023-11-16 18:50:27.538439,1139,71,long
2023-11-16 18:50:27.637382,403,94,medium
2023-11-16 18:50:27.814462,1012,396,long
2023-11-16 18:50:27.880202,1681,46,long
2023-11-16 18:50:28.324615,396,144,medium
2023-11-16 18:50:28.362564,421,89,medium
2023-11-16 18:50:28.537401,1380,113,long
2023-11-16 18:50:28.723572,1024,414,long
2023-11-16 18:50:29.409990,406,100,medium
2023-11-16 18:50:29.605247,2584,147,long
2023-11-16 18:50:29.605326,396,94,medium
2023-11-16 18:50:29.663024,418,128,medium
2023-11-16 18:50:29.811386,1902,37,long
2023-11-16 18:50:29.844644,419,148,medium
2023-11-16 18:50:29.850785,1069,937,long
2023-11-16 18:50:30.249974,1060,363,long
2023-11-16 18:50:30.471217,25,182,short
2023-11-16 18:50:30.510458,1118,390,long
2023-11-16 18:50:30.548419,1513,36,long
2023-11-16 18:50:30.701055,424,94,medium
2023-11-16 18:50:30.719032,2019,112,long
2023-11-16 18:50:31.088361,1208,388,long
2023-11-16 18:50:31.319895,391,82,medium
2023-11-16 18:50:31.458232,1055,397,long
2023-11-16 18:50:31.527884,397,117,medium
2023-11-16 18:50:31.539866,391,124,medium
2023-11-16 18:50:31.737800,4082,40,long
2023-11-16 18:50:32.060221,3110,46,long
2023-11-16 18:50:32.107051,1313,170,long
2023-11-16 18:50:32.201196,396,94,medium
2023-11-16 18:50:32.202803,402,132,medium
2023-11-16 18:50:32.204988,1164,29,long
2023-11-16 18:50:32.251847,1352,129,long
2023-11-16 18:50:32.320794,401,83,medium
2023-11-16 18:50:32.333636,398,120,medium
2023-11-16 18:50:32.347114,396,102,medium
2023-11-16 18:50:32.441508,2876,129,long
2023-11-16 18:50:32.638730,1312,180,long
2023-11-16 18:50:32.719701,1140,382,long
2023-11-16 18:50:33.068097,1316,149,long
2023-11-16 18:50:33.150207,966,438,long
2023-11-16 18:50:33.150295,946,408,long
2023-11-16 18:50:33.341763,399,106,medium
2023-11-16 18:50:33.371872,1221,115,long
2023-11-16 18:50:33.420618,387,93,medium
2023-11-16 18:50:33.648970,398,121,medium
2023-11-16 18:50:33.651874,42,101,short
2023-11-16 18:50:33.688330,1674,53,long
2023-11-16 18:50:33.964607,396,87,medium
2023-11-16 18:50:34.639519,181,156,medium
2023-11-16 18:50:34.986497,1702,50,long
2023-11-16 18:50:35.041120,1139,429,long
2023-11-16 18:50:35.160183,1016,373,long
2023-11-16 18:50:35.465440,171,164,medium
2023-11-16 18:50:35.574623,400,97,medium
2023-11-16 18:50:35.598575,1130,373,long
2023-11-16 18:50:35.747992,1520,594,long
2023-11-16 18:50:35.905440,838,91,long
2023-11-16 18:50:36.151379,2281,96,long
2023-11-16 18:50:36.238496,2584,147,long
2023-11-16 18:50:36.383315,402,106,medium
2023-11-16 18:50:36.458553,1548,90,long
2023-11-16 18:50:36.499374,1117,415,long
2023-11-16 18:50:36.553956,1316,121,long
2023-11-16 18:50:36.583008,403,150,medium
2023-11-16 18:50:36.662766,959,426,long
2023-11-16 18:50:36.688711,2355,118,long
2023-11-16 18:50:36.753716,1052,375,long
2023-11-16 18:50:36.757435,1012,382,long
2023-11-16 18:50:36.853903,442,90,medium
2023-11-16 18:50:36.950356,433,111,medium
2023-11-16 18:50:36.951068,2874,68,long
2023-11-16 18:50:37.047191,981,400,long
2023-11-16 18:50:37.047293,409,90,medium
2023-11-16 18:50:37.107817,161,217,medium
2023-11-16 18:50:37.257694,392,89,medium
2023-11-16 18:50:37.307648,398,114,medium
2023-11-16 18:50:37.337109,898,89,long
2023-11-16 18:50:37.541032,1021,52,long
2023-11-16 18:50:37.605855,397,89,medium
2023-11-16 18:50:38.139631,2101,47,long
2023-11-16 18:50:38.707791,408,80,medium
2023-11-16 18:50:38.774401,237,14,medium
2023-11-16 18:50:38.893243,197,162,medium
2023-11-16 18:50:38.961986,1199,108,long
2023-11-16 18:50:39.032508,424,175,medium
2023-11-16 18:50:39.584354,1356,64,long
2023-11-16 18:50:39.840149,1016,421,long
2023-11-16 18:50:39.843652,966,377,long
2023-11-16 18:50:39.875449,1026,403,long
2023-11-16 18:50:39.877087,397,135,medium
2023-11-16 18:50:39.877182,409,94,medium
2023-11-16 18:50:39.926743,745,73,long
2023-11-16 18:50:39.955676,2299,94,long
2023-11-16 18:50:40.046603,406,93,medium
2023-11-16 18:50:40.105883,391,135,medium
2023-11-16 18:50:40.178830,956,415,long
2023-11-16 18:50:40.179130,388,90,medium
2023-11-16 18:50:40.377592,1433,109,long
2023-11-16 18:50:40.679321,408,82,medium
2023-11-16 18:50:40.748590,411,114,medium
2023-11-16 18:50:40.751142,408,108,medium
2023-11-16 18:50:40.779097,395,94,medium
2023-11-16 18:50:40.789670,1139,428,long
2023-11-16 18:50:40.816664,403,99,medium
2023-11-16 18:50:41.182184,395,100,medium
2023-11-16 18:50:41.284781,411,108,medium
2023-11-16 18:50:41.311444,1076,514,long
2023-11-16 18:50:41.314597,4140,66,long
2023-11-16 18:50:41.705878,1096,416,long
2023-11-16 18:50:41.708120,209,162,medium
2023-11-16 18:50:41.710906,392,98,medium
2023-11-16 18:50:41.722764,406,101,medium
2023-11-16 18:50:41.723531,165,192,medium
2023-11-16 18:50:42.446580,422,144,medium
2023-11-16 18:50:42.526615,413,86,medium
2023-11-16 18:50:42.529070,380,87,medium
2023-11-16 18:50:42.537082,1678,66,long
2023-11-16 18:50:42.580221,181,118,medium
2023-11-16 18:50:42.761676,394,164,medium
2023-11-16 18:50:43.143162,979,84,long
2023-11-16 18:50:43.414086,2235,80,long
2023-11-16 18:50:43.597416,401,95,medium
2023-11-16 18:50:43.647789,2584,168,long
2023-11-16 18:50:43.651997,1044,390,long
2023-11-16 18:50:43.711397,424,95,medium
2023-11-16 18:50:43.781105,181,125,medium
2023-11-16 18:50:43.929119,1141,449,long
2023-11-16 18:50:43.930743,206,163,medium
2023-11-16 18:50:43.933212,1314,186,long
2023-11-16 18:50:44.036697,1024,414,long
2023-11-16 18:50:44.059480,2856,147,long
2023-11-16 18:50:44.311573,394,87,medium
2023-11-16 18:50:44.734284,400,91,medium
2023-11-16 18:50:44.817365,1318,163,long
2023-11-16 18:50:45.179106,1312,121,long
2023-11-16 18:50:45.192834,181,169,medium
2023-11-16 18:50:45.457261,1097,386,long
2023-11-16 18:50:45.680897,1094,140,long
2023-11-16 18:50:45.712525,3305,45,long
2023-11-16 18:50:46.031034,392,87,medium
2023-11-16 18:50:46.086575,2019,114,long
2023-11-16 18:50:46.547712,1034,61,long
2023-11-16 18:50:46.635301,388,100,medium
2023-11-16 18:50:46.780866,181,92,medium
2023-11-16 18:50:47.042295,989,373,long
2023-11-16 18:50:47.193506,437,93,medium
2023-11-16 18:50:48.369035,961,445,long
2023-11-16 18:50:48.370622,403,111,medium
2023-11-16 18:50:48.548901,1012,414,long
2023-11-16 18:50:48.660109,407,127,medium
2023-11-16 18:50:48.666403,1711,87,long
2023-11-16 18:50:48.686867,1117,395,long
2023-11-16 18:50:48.759565,1016,373,long
2023-11-16 18:50:48.804119,409,90,medium
2023-11-16 18:50:48.914242,385,89,medium
2023-11-16 18:50:48.971066,422,83,medium
2023-11-16 18:50:49.285547,1114,462,long
2023-11-16 18:50:49.423881,1509,97,long
2023-11-16 18:50:49.434719,959,426,long
2023-11-16 18:50:49.699700,200,211,medium
2023-11-16 18:50:50.224349,855,31,long
2023-11-16 18:50:50.349302,402,104,medium
2023-11-16 18:50:50.535262,27,152,short
2023-11-16 18:50:50.541188,416,142,medium
2023-11-16 18:50:51.390964,167,158,medium
2023-11-16 18:50:51.551287,1313,176,long
2023-11-16 18:50:51.711894,959,400,long
2023-11-16 18:50:51.877380,402,146,medium
2023-11-16 18:50:51.940840,2186,116,long
2023-11-16 18:50:52.264689,403,139,medium
2023-11-16 18:50:52.828564,401,88,medium
2023-11-16 18:50:52.828571,426,87,medium
2023-11-16 18:50:53.082471,395,106,medium
2023-11-16 18:50:53.238661,895,98,long
2023-11-16 18:50:53.283240,416,99,medium
2023-11-16 18:50:53.388374,1208,415,long
2023-11-16 18:50:53.468272,2598,69,long
2023-11-16 18:50:53.750150,1736,78,long
2023-11-16 18:50:54.049418,1787,103,long
2023-11-16 18:50:54.063348,412,134,medium
2023-11-16 18:50:54.136922,1604,35,long
2023-11-16 18:50:54.400713,1005,415,long
2023-11-16 18:50:54.468373,418,84,medium
2023-11-16 18:50:54.889113,26,158,short
2023-11-16 18:50:55.352502,28,132,short
2023-11-16 18:50:55.527674,1020,389,long
2023-11-16 18:50:55.583039,394,99,medium
2023-11-16 18:50:55.884678,14,145,short
2023-11-16 18:50:55.974345,397,129,medium
2023-11-16 18:50:56.189312,959,373,long
2023-11-16 18:50:56.265079,398,102,medium
2023-11-16 18:50:56.321958,417,79,medium
2023-11-16 18:50:56.411445,426,84,medium
2023-11-16 18:50:56.545477,2411,83,long
2023-11-16 18:50:56.728217,1149,43,long
2023-11-16 18:50:56.903439,410,182,medium
2023-11-16 18:50:56.913347,1012,396,long
2023-11-16 18:50:57.336552,416,98,medium
2023-11-16 18:50:57.336558,403,146,medium
2023-11-16 18:50:57.349696,392,102,medium
2023-11-16 18:50:57.372524,1097,393,long
2023-11-16 18:50:57.389574,424,135,medium
2023-11-16 18:50:57.439907,392,96,medium
2023-11-16 18:50:57.817945,312,18,medium
2023-11-16 18:50:57.853717,395,193,medium
2023-11-16 18:50:58.084235,388,145,medium
2023-11-16 18:50:58.137452,396,102,medium
2023-11-16 18:50:58.436138,413,200,medium
2023-11-16 18:50:59.002537,1114,426,long
2023-11-16 18:50:59.347698,2655,53,long
2023-11-16 18:50:59.458285,1108,391,long
2023-11-16 18:50:59.992002,401,104,medium
2023-11-16 18:51:00.044156,120,12,short
2023-11-16 18:51:00.077461,181,104,medium
2023-11-16 18:51:00.252542,399,97,medium
2023-11-16 18:51:01.073487,410,100,medium
2023-11-16 18:51:01.207142,982,157,long
2023-11-16 18:51:01.531739,1015,420,long
2023-11-16 18:51:01.588293,518,100,long
2023-11-16 18:51:01.691866,2415,87,long
2023-11-16 18:51:01.729238,420,200,medium
2023-11-16 18:51:01.903717,1005,415,long
2023-11-16 18:51:01.923659,181,96,medium
2023-11-16 18:51:02.066701,402,131,medium
2023-11-16 18:51:02.372038,387,83,medium
2023-11-16 18:51:02.524221,395,172,medium
2023-11-16 18:51:02.616675,406,105,medium
2023-11-16 18:51:02.646990,385,79,medium
2023-11-16 18:51:03.262989,1316,178,long
2023-11-16 18:51:03.360105,1337,38,long
2023-11-16 18:51:03.562148,405,94,medium
2023-11-16 18:51:04.047321,2367,93,long
2023-11-16 18:51:04.209436,2413,85,long
2023-11-16 18:51:04.523612,1015,394,long
2023-11-16 18:51:04.817567,390,88,medium
2023-11-16 18:51:04.842530,397,100,medium
2023-11-16 18:51:04.853387,958,395,long
2023-11-16 18:51:05.004388,1185,110,long
2023-11-16 18:51:05.005655,1243,50,long
2023-11-16 18:51:05.052639,1015,395,long
2023-11-16 18:51:05.110616,2594,115,long
2023-11-16 18:51:05.191025,403,137,medium
2023-11-16 18:51:05.245027,395,107,medium
2023-11-16 18:51:05.374686,1062,429,long
2023-11-16 18:51:05.396062,1100,440,long
2023-11-16 18:51:05.577877,414,113,medium
2023-11-16 18:51:05.622811,2762,143,long
2023-11-16 18:51:05.879791,409,90,medium
2023-11-16 18:51:05.910041,203,174,medium
2023-11-16 18:51:06.126914,414,106,medium
2023-11-16 18:51:06.242651,404,98,medium
2023-11-16 18:51:06.380888,1992,50,long
2023-11-16 18:51:06.382591,403,87,medium
2023-11-16 18:51:06.391704,394,85,medium
2023-11-16 18:51:06.438754,6335,100,long
2023-11-16 18:51:06.578499,1339,91,long
2023-11-16 18:51:06.591657,2584,152,long
2023-11-16 18:51:07.181793,400,91,medium
2023-11-16 18:51:07.229884,3375,77,long
2023-11-16 18:51:07.242824,407,129,medium
2023-11-16 18:51:07.302052,442,107,medium
2023-11-16 18:51:08.067445,1351,178,long
2023-11-16 18:51:08.138534,1657,71,long
2023-11-16 18:51:08.263792,395,83,medium
2023-11-16 18:51:08.315515,1064,82,long
2023-11-16 18:51:08.390336,242,14,medium
2023-11-16 18:51:08.458076,2126,85,long
2023-11-16 18:51:08.719181,1501,48,long
2023-11-16 18:51:08.765089,2069,81,long
2023-11-16 18:51:08.802671,181,133,medium
2023-11-16 18:51:08.999624,181,178,medium
2023-11-16 18:51:08.999741,948,55,long
2023-11-16 18:51:09.171362,391,81,medium
2023-11-16 18:51:09.537172,911,122,long
2023-11-16 18:51:09.579160,2842,86,long
2023-11-16 18:51:09.637539,4624,98,long
2023-11-16 18:51:09.679867,212,162,medium
2023-11-16 18:51:09.847155,959,426,long
2023-11-16 18:51:09.858792,1912,56,long
2023-11-16 18:51:10.291388,411,98,medium
2023-11-16 18:51:10.462051,395,91,medium
2023-11-16 18:51:10.493968,901,118,long
2023-11-16 18:51:10.541881,410,94,medium
2023-11-16 18:51:10.815301,402,99,medium
2023-11-16 18:51:10.816007,396,91,medium
2023-11-16 18:51:10.891848,401,104,medium
2023-11-16 18:51:10.941108,986,427,long
2023-11-16 18:51:11.031322,396,97,medium
2023-11-16 18:51:11.064040,1052,375,long
2023-11-16 18:51:11.167992,401,152,medium
2023-11-16 18:51:11.225359,181,338,medium
2023-11-16 18:51:11.274439,1312,150,long
2023-11-16 18:51:11.678656,403,90,medium
2023-11-16 18:51:11.765592,1312,180,long
2023-11-16 18:51:11.854317,436,94,medium
2023-11-16 18:51:11.906200,1039,396,long
2023-11-16 18:51:11.948812,864,54,long
2023-11-16 18:51:12.037975,4181,51,long
2023-11-16 18:51:12.105904,394,91,medium
2023-11-16 18:51:12.167221,514,122,long
2023-11-16 18:51:12.400507,1243,50,long
2023-11-16 18:51:12.438853,1532,99,long
2023-11-16 18:51:12.773211,1181,416,long
2023-11-16 18:51:13.009164,242,14,medium
2023-11-16 18:51:13.134119,391,115,medium
2023-11-16 18:51:13.313081,387,91,medium
2023-11-16 18:51:13.347671,400,93,medium
2023-11-16 18:51:13.615036,416,101,medium
2023-11-16 18:51:13.921785,404,130,medium
2023-11-16 18:51:14.305358,1062,425,long
2023-11-16 18:51:14.351655,393,102,medium
2023-11-16 18:51:14.480116,181,251,medium
2023-11-16 18:51:14.544147,432,99,medium
2023-11-16 18:51:14.560093,397,99,medium
2023-11-16 18:51:14.649449,1108,391,long
2023-11-16 18:51:14.728578,2985,58,long
2023-11-16 18:51:14.826341,1785,84,long
2023-11-16 18:51:14.852240,326,18,medium
2023-11-16 18:51:15.250757,974,375,long
2023-11-16 18:51:15.366638,394,121,medium
2023-11-16 18:51:15.417585,206,160,medium
2023-11-16 18:51:16.019295,409,94,medium
2023-11-16 18:51:16.079486,1072,388,long
2023-11-16 18:51:16.192785,3817,107,long
2023-11-16 18:51:16.321924,410,77,medium
2023-11-16 18:51:16.995150,433,94,medium
2023-11-16 18:51:17.026213,1259,43,long
2023-11-16 18:51:17.151510,1063,375,long
2023-11-16 18:51:17.386689,1012,414,long
2023-11-16 18:51:17.522276,191,74,medium
2023-11-16 18:51:17.773796,402,86,medium
2023-11-16 18:51:18.145684,399,105,medium
2023-11-16 18:51:18.314851,406,150,medium
2023-11-16 18:51:18.497614,409,109,medium
2023-11-16 18:51:18.557110,39,201,short
2023-11-16 18:51:18.589336,2584,159,long
2023-11-16 18:51:18.704264,411,84,medium
2023-11-16 18:51:18.738986,1024,456,long
2023-11-16 18:51:19.021962,394,82,medium
2023-11-16 18:51:19.052347,394,134,medium
2023-11-16 18:51:19.187156,1130,395,long
2023-11-16 18:51:19.243984,947,72,long
2023-11-16 18:51:19.275321,1062,419,long
2023-11-16 18:51:19.276457,194,67,medium
2023-11-16 18:51:19.384841,418,99,medium
2023-11-16 18:51:19.486654,392,196,medium
2023-11-16 18:51:19.556111,1315,165,long
2023-11-16 18:51:19.650995,1064,395,long
2023-11-16 18:51:19.731689,1097,370,long
2023-11-16 18:51:20.287622,396,84,medium
2023-11-16 18:51:20.805867,406,101,medium
2023-11-16 18:51:20.836425,227,55,medium
2023-11-16 18:51:21.002792,393,86,medium
2023-11-16 18:51:21.175450,218,101,medium
2023-11-16 18:51:21.548392,214,103,medium
2023-11-16 18:51:21.550027,1510,69,long
2023-11-16 18:51:21.711841,202,76,medium
2023-11-16 18:51:21.737132,417,88,medium
2023-11-16 18:51:21.824459,1015,421,long
2023-11-16 18:51:21.857001,507,82,medium
2023-11-16 18:51:22.126332,405,104,medium
2023-11-16 18:51:22.212527,398,94,medium
2023-11-16 18:51:22.225841,391,116,medium
2023-11-16 18:51:22.250446,214,96,medium
2023-11-16 18:51:22.250587,1198,416,long
2023-11-16 18:51:22.394876,237,14,medium
2023-11-16 18:51:22.437847,238,77,medium
2023-11-16 18:51:22.654796,400,109,medium
2023-11-16 18:51:22.947122,414,95,medium
2023-11-16 18:51:22.960058,398,150,medium
2023-11-16 18:51:23.075409,416,97,medium
2023-11-16 18:51:23.094674,407,115,medium
2023-11-16 18:51:23.110410,409,120,medium
2023-11-16 18:51:23.196751,243,124,medium
2023-11-16 18:51:23.294601,405,121,medium
2023-11-16 18:51:23.387134,1315,94,long
2023-11-16 18:51:23.389173,195,75,medium
2023-11-16 18:51:23.395771,1314,252,long
2023-11-16 18:51:23.413041,409,90,medium
2023-11-16 18:51:23.679229,1039,411,long
2023-11-16 18:51:23.819510,1324,201,long
2023-11-16 18:51:23.840172,1052,93,long
2023-11-16 18:51:23.878633,1020,403,long
2023-11-16 18:51:24.049640,399,97,medium
2023-11-16 18:51:24.150661,424,127,medium
2023-11-16 18:51:24.374707,205,146,medium
2023-11-16 18:51:24.631154,195,72,medium
2023-11-16 18:51:24.764279,763,129,long
2023-11-16 18:51:25.029283,415,100,medium
2023-11-16 18:51:25.067433,1048,411,long
2023-11-16 18:51:25.084567,404,100,medium
2023-11-16 18:51:25.086457,2065,137,long
2023-11-16 18:51:25.102694,406,185,medium
2023-11-16 18:51:25.110349,161,205,medium
2023-11-16 18:51:25.211334,209,162,medium
2023-11-16 18:51:25.512563,225,123,medium
2023-11-16 18:51:25.638710,186,106,medium
2023-11-16 18:51:25.678199,410,99,medium
2023-11-16 18:51:25.770405,401,114,medium
2023-11-16 18:51:26.002418,1064,395,long
2023-11-16 18:51:26.048762,11,130,short
2023-11-16 18:51:26.177276,407,101,medium
2023-11-16 18:51:26.366747,189,47,medium
2023-11-16 18:51:26.496228,181,107,medium
2023-11-16 18:51:26.512865,195,122,medium
2023-11-16 18:51:26.535789,183,64,medium
2023-11-16 18:51:26.729216,1585,47,long
2023-11-16 18:51:26.775793,400,95,medium
2023-11-16 18:51:26.960574,181,100,medium
2023-11-16 18:51:27.084468,983,453,long
2023-11-16 18:51:27.181792,218,123,medium
2023-11-16 18:51:27.508585,959,414,long
2023-11-16 18:51:27.771570,1027,415,long
2023-11-16 18:51:27.804002,1114,443,long
2023-11-16 18:51:27.892269,421,148,medium
2023-11-16 18:51:27.910473,1460,66,long
2023-11-16 18:51:28.040313,2172,125,long
2023-11-16 18:51:28.495115,3367,124,long
2023-11-16 18:51:28.522896,1043,388,long
2023-11-16 18:51:28.636901,479,123,medium
2023-11-16 18:51:28.738404,181,134,medium
2023-11-16 18:51:28.824445,178,62,medium
2023-11-16 18:51:28.844932,700,74,long
2023-11-16 18:51:28.882831,249,94,medium
2023-11-16 18:51:28.893674,387,101,medium
2023-11-16 18:51:28.944183,412,107,medium
2023-11-16 18:51:29.031447,1062,419,long
2023-11-16 18:51:29.086151,400,99,medium
2023-11-16 18:51:29.129047,418,84,medium
2023-11-16 18:51:29.142738,1176,116,long
2023-11-16 18:51:29.419879,123,147,short
2023-11-16 18:51:29.434951,2424,51,long
2023-11-16 18:51:29.443075,246,106,medium
2023-11-16 18:51:29.448344,670,40,long
2023-11-16 18:51:29.611099,218,100,medium
2023-11-16 18:51:29.660904,1103,416,long
2023-11-16 18:51:29.911917,205,79,medium
2023-11-16 18:51:29.960001,1318,124,long
2023-11-16 18:51:29.976934,235,67,medium
2023-11-16 18:51:30.084313,1012,395,long
2023-11-16 18:51:30.092316,790,52,long
2023-11-16 18:51:30.142422,245,98,medium
2023-11-16 18:51:30.205764,1888,113,long
2023-11-16 18:51:30.342786,400,87,medium
2023-11-16 18:51:30.715771,181,214,medium
2023-11-16 18:51:30.818337,238,95,medium
2023-11-16 18:51:31.254309,195,76,medium
2023-11-16 18:51:31.293115,1045,463,long
2023-11-16 18:51:31.438858,404,103,medium
2023-11-16 18:51:31.457605,215,178,medium
2023-11-16 18:51:31.481290,425,200,medium
2023-11-16 18:51:31.545230,398,129,medium
2023-11-16 18:51:31.632683,399,96,medium
2023-11-16 18:51:31.662291,203,217,medium
2023-11-16 18:51:31.919945,1081,68,long
2023-11-16 18:51:32.054862,400,95,medium
2023-11-16 18:51:32.173191,1005,415,long
2023-11-16 18:51:32.294277,2750,157,long
2023-11-16 18:51:32.394900,195,137,medium
2023-11-16 18:51:32.431427,393,80,medium
2023-11-16 18:51:32.479416,216,103,medium
2023-11-16 18:51:32.709024,406,105,medium
2023-11-16 18:51:32.729912,224,112,medium
2023-11-16 18:51:32.801927,2100,88,long
2023-11-16 18:51:32.984067,2005,152,long
2023-11-16 18:51:33.012408,2124,45,long
2023-11-16 18:51:33.097921,193,59,medium
2023-11-16 18:51:33.145571,1178,120,long
2023-11-16 18:51:33.412110,2002,116,long
2023-11-16 18:51:33.412117,2529,111,long
2023-11-16 18:51:33.527213,2005,66,long
2023-11-16 18:51:33.977172,1065,382,long
2023-11-16 18:51:34.257175,14,112,short
2023-11-16 18:51:34.257243,431,93,medium
2023-11-16 18:51:34.382748,996,401,long
2023-11-16 18:51:34.596626,419,123,medium
2023-11-16 18:51:34.677917,412,81,medium
2023-11-16 18:51:34.801389,1063,429,long
2023-11-16 18:51:34.948115,405,89,medium
2023-11-16 18:51:35.048016,813,44,long
2023-11-16 18:51:35.174456,262,44,medium
2023-11-16 18:51:35.321263,1316,186,long
2023-11-16 18:51:35.419225,1315,186,long
2023-11-16 18:51:35.517193,408,100,medium
2023-11-16 18:51:35.636731,1108,397,long
2023-11-16 18:51:35.685384,429,96,medium
2023-11-16 18:51:35.685572,181,131,medium
2023-11-16 18:51:35.869490,221,88,medium
2023-11-16 18:51:35.928932,413,138,medium
2023-11-16 18:51:36.041817,11,70,short
2023-11-16 18:51:36.220797,394,89,medium
2023-11-16 18:51:36.299206,48,176,short
2023-11-16 18:51:36.740431,2269,88,long
2023-11-16 18:51:36.773849,974,375,long
2023-11-16 18:51:36.807312,419,149,medium
2023-11-16 18:51:36.848514,986,532,long
2023-11-16 18:51:36.881045,967,395,long
2023-11-16 18:51:37.261702,1041,412,long
2023-11-16 18:51:37.361062,238,117,medium
2023-11-16 18:51:37.402209,422,99,medium
2023-11-16 18:51:37.406378,420,94,medium
2023-11-16 18:51:37.461134,226,106,medium
2023-11-16 18:51:37.538506,403,134,medium
2023-11-16 18:51:37.540084,389,99,medium
2023-11-16 18:51:37.564651,204,67,medium
2023-11-16 18:51:37.626871,428,91,medium
2023-11-16 18:51:37.739961,2108,93,long
2023-11-16 18:51:37.843774,185,150,medium
2023-11-16 18:51:38.004492,1112,451,long
2023-11-16 18:51:38.004500,202,122,medium
2023-11-16 18:51:38.035412,417,106,medium
2023-11-16 18:51:38.259227,209,64,medium
2023-11-16 18:51:38.331742,207,70,medium
2023-11-16 18:51:38.385733,15,97,short
2023-11-16 18:51:38.468173,432,98,medium
2023-11-16 18:51:38.572663,255,129,medium
2023-11-16 18:51:38.598466,420,128,medium
2023-11-16 18:51:38.876738,1318,252,long
2023-11-16 18:51:38.889115,187,166,medium
2023-11-16 18:51:39.164509,400,106,medium
2023-11-16 18:51:39.496145,763,61,long
2023-11-16 18:51:39.757556,400,120,medium
2023-11-16 18:51:39.818670,233,156,medium
2023-11-16 18:51:39.892694,229,60,medium
2023-11-16 18:51:40.153746,1243,50,long
2023-11-16 18:51:40.264108,396,88,medium
2023-11-16 18:51:40.672063,2743,94,long
2023-11-16 18:51:40.761139,1744,98,long
2023-11-16 18:51:41.025076,153,153,medium
2023-11-16 18:51:41.531851,225,128,medium
2023-11-16 18:51:41.725212,2313,72,long
2023-11-16 18:51:41.757834,404,104,medium
2023-11-16 18:51:41.769652,507,111,medium
2023-11-16 18:51:41.776275,1015,418,long
2023-11-16 18:51:41.877753,899,93,long
2023-11-16 18:51:41.893289,2779,120,long
2023-11-16 18:51:42.625974,216,156,medium
2023-11-16 18:51:42.694787,1181,420,long
2023-11-16 18:51:42.698235,216,65,medium
2023-11-16 18:51:42.782566,1100,440,long
2023-11-16 18:51:42.795373,402,97,medium
2023-11-16 18:51:43.388462,86,105,short
2023-11-16 18:51:43.579677,1023,88,long
2023-11-16 18:51:43.718239,400,100,medium
2023-11-16 18:51:43.748392,967,395,long
2023-11-16 18:51:43.858581,757,72,long
2023-11-16 18:51:44.351433,3690,100,long
2023-11-16 18:51:44.630055,2519,186,long
2023-11-16 18:51:44.715717,438,109,medium
2023-11-16 18:51:44.725152,219,119,medium
2023-11-16 18:51:45.376232,415,84,medium
2023-11-16 18:51:45.461109,63,98,short
2023-11-16 18:51:45.594280,233,116,medium
2023-11-16 18:51:45.594883,390,109,medium
2023-11-16 18:51:45.660488,1062,419,long
2023-11-16 18:51:45.674784,203,217,medium
2023-11-16 18:51:45.714480,181,103,medium
2023-11-16 18:51:45.808460,1045,393,long
2023-11-16 18:51:45.975009,248,63,medium
2023-11-16 18:51:46.112214,983,450,long
2023-11-16 18:51:46.294627,193,130,medium
2023-11-16 18:51:46.936244,231,91,medium
2023-11-16 18:51:47.023418,395,94,medium
2023-11-16 18:51:47.291438,405,98,medium
2023-11-16 18:51:47.309040,1918,92,long
2023-11-16 18:51:47.432469,205,168,medium
2023-11-16 18:51:47.521405,1039,411,long
2023-11-16 18:51:47.607790,397,87,medium
2023-11-16 18:51:47.669532,2584,130,long
2023-11-16 18:51:47.714563,1048,400,long
2023-11-16 18:51:47.727560,187,122,medium
2023-11-16 18:51:47.910255,200,60,medium
2023-11-16 18:51:48.054759,1043,394,long
2023-11-16 18:51:48.115098,795,120,long
2023-11-16 18:51:48.126991,410,112,medium
2023-11-16 18:51:48.148340,181,90,medium
2023-11-16 18:51:48.209629,200,151,medium
2023-11-16 18:51:48.240322,186,116,medium
2023-11-16 18:51:48.307583,1198,416,long
2023-11-16 18:51:48.431477,1062,429,long
2023-11-16 18:51:48.657500,960,395,long
2023-11-16 18:51:48.762129,1119,83,long
2023-11-16 18:51:48.788600,390,96,medium
2023-11-16 18:51:48.806842,1015,414,long
2023-11-16 18:51:48.849368,411,160,medium
2023-11-16 18:51:48.851515,212,150,medium
2023-11-16 18:51:48.904491,393,92,medium
2023-11-16 18:51:48.947456,1315,185,long
2023-11-16 18:51:48.949639,395,92,medium
2023-11-16 18:51:48.953836,1060,411,long
2023-11-16 18:51:49.033779,398,125,medium
2023-11-16 18:51:49.650944,1104,149,long
2023-11-16 18:51:50.036072,822,181,long
2023-11-16 18:51:50.215549,971,456,long
2023-11-16 18:51:50.276134,225,119,medium
2023-11-16 18:51:50.364509,846,39,long
2023-11-16 18:51:50.677958,195,151,medium
2023-11-16 18:51:50.836738,1460,66,long
2023-11-16 18:51:50.943571,650,104,long
2023-11-16 18:51:50.963976,3734,177,long
2023-11-16 18:51:51.083464,3874,152,long
2023-11-16 18:51:51.165484,242,124,medium
2023-11-16 18:51:51.225682,889,157,long
2023-11-16 18:51:51.405259,1072,388,long
2023-11-16 18:51:51.417181,251,139,medium
2023-11-16 18:51:51.622812,414,89,medium
2023-11-16 18:51:51.631747,3866,171,long
2023-11-16 18:51:51.635611,597,63,long
2023-11-16 18:51:51.648528,200,69,medium
2023-11-16 18:51:51.888417,247,45,medium
2023-11-16 18:51:51.946550,181,81,medium
2023-11-16 18:51:52.032870,409,127,medium
2023-11-16 18:51:52.373985,1644,163,long
2023-11-16 18:51:52.406648,385,90,medium
2023-11-16 18:51:52.584786,405,86,medium
2023-11-16 18:51:52.614896,239,114,medium
2023-11-16 18:51:53.250420,911,95,long
2023-11-16 18:51:53.348999,206,179,medium
2023-11-16 18:51:53.658578,406,127,medium
2023-11-16 18:51:53.823817,409,83,medium
2023-11-16 18:51:54.018389,1064,395,long
2023-11-16 18:51:54.078306,24,150,short
2023-11-16 18:51:54.624398,390,111,medium
2023-11-16 18:51:54.629746,437,87,medium
2023-11-16 18:51:54.734457,971,395,long
2023-11-16 18:51:54.812371,2023,50,long
2023-11-16 18:51:54.825689,225,123,medium
2023-11-16 18:51:55.139523,190,73,medium
2023-11-16 18:51:55.150461,1198,416,long
2023-11-16 18:51:55.435947,3789,148,long
2023-11-16 18:51:55.489965,402,95,medium
2023-11-16 18:51:55.814012,233,49,medium
2023-11-16 18:51:55.955198,211,53,medium
2023-11-16 18:51:56.136554,397,147,medium
2023-11-16 18:51:56.253115,464,114,medium
2023-11-16 18:51:56.419648,206,165,medium
2023-11-16 18:51:56.439546,679,165,long
2023-11-16 18:51:56.449328,1003,90,long
2023-11-16 18:51:56.571740,222,96,medium
2023-11-16 18:51:56.689692,173,126,medium
2023-11-16 18:51:56.747530,2706,26,long
2023-11-16 18:51:56.834170,408,106,medium
2023-11-16 18:51:56.909938,1130,464,long
2023-11-16 18:51:57.055838,1103,377,long
2023-11-16 18:51:57.279381,401,126,medium
2023-11-16 18:51:57.310438,217,90,medium
2023-11-16 18:51:57.346987,400,99,medium
2023-11-16 18:51:57.377852,419,100,medium
2023-11-16 18:51:57.463459,222,73,medium
2023-11-16 18:51:57.570737,218,111,medium
2023-11-16 18:51:57.674715,4527,72,long
2023-11-16 18:51:57.685213,777,89,long
2023-11-16 18:51:57.814570,405,98,medium
2023-11-16 18:51:57.981511,280,60,medium
2023-11-16 18:51:58.020831,195,146,medium
2023-11-16 18:51:58.055504,1039,92,long
2023-11-16 18:51:58.122122,435,90,medium
2023-11-16 18:51:58.522273,1935,147,long
2023-11-16 18:51:58.566740,960,67,long
2023-11-16 18:51:58.981375,974,381,long
2023-11-16 18:51:59.018377,2886,94,long
2023-11-16 18:51:59.474157,176,55,medium
2023-11-16 18:51:59.524124,1314,170,long
2023-11-16 18:51:59.611991,864,150,long
2023-11-16 18:51:59.630722,2110,45,long
2023-11-16 18:51:59.773494,427,102,medium
2023-11-16 18:51:59.996462,411,99,medium
2023-11-16 18:52:00.179899,1072,385,long
2023-11-16 18:52:00.262406,30,140,short
2023-11-16 18:52:00.269478,1165,64,long
2023-11-16 18:52:00.330697,397,116,medium
2023-11-16 18:52:00.520448,223,122,medium
2023-11-16 18:52:00.528895,209,152,medium
2023-11-16 18:52:00.707121,236,99,medium
2023-11-16 18:52:00.708377,2722,77,long
2023-11-16 18:52:01.078268,400,79,medium
2023-11-16 18:52:01.150120,1118,121,long
2023-11-16 18:52:01.184389,205,120,medium
2023-11-16 18:52:01.185823,436,84,medium
2023-11-16 18:52:01.185930,399,138,medium
2023-11-16 18:52:01.285339,932,63,long
2023-11-16 18:52:01.356423,214,135,medium
2023-11-16 18:52:01.421998,210,77,medium
2023-11-16 18:52:01.714063,394,100,medium
2023-11-16 18:52:02.596352,401,135,medium
2023-11-16 18:52:02.761338,996,433,long
2023-11-16 18:52:03.198813,932,45,long
2023-11-16 18:52:03.221554,227,80,medium
2023-11-16 18:52:03.263094,215,157,medium
2023-11-16 18:52:03.376822,989,373,long
2023-11-16 18:52:03.399254,578,131,long
2023-11-16 18:52:03.661437,391,82,medium
2023-11-16 18:52:03.663931,181,54,medium
2023-11-16 18:52:03.676859,14,91,short
2023-11-16 18:52:03.716954,420,107,medium
2023-11-16 18:52:04.028959,229,100,medium
2023-11-16 18:52:04.040033,181,125,medium
2023-11-16 18:52:04.147228,201,55,medium
2023-11-16 18:52:04.219490,397,92,medium
2023-11-16 18:52:04.250049,3240,154,long
2023-11-16 18:52:04.473259,1114,91,long
2023-11-16 18:52:04.487417,403,143,medium
2023-11-16 18:52:04.799035,983,372,long
2023-11-16 18:52:04.886265,889,113,long
2023-11-16 18:52:05.062826,2346,34,long
2023-11-16 18:52:05.170896,67,95,short
2023-11-16 18:52:05.216825,1328,252,long
2023-11-16 18:52:05.393244,1020,403,long
2023-11-16 18:52:05.423192,396,97,medium
2023-11-16 18:52:05.468962,1786,171,long
2023-11-16 18:52:05.736619,3589,170,long
2023-11-16 18:52:05.771891,200,70,medium
2023-11-16 18:52:05.998163,406,113,medium
2023-11-16 18:52:06.030119,394,88,medium
2023-11-16 18:52:06.072207,202,109,medium
2023-11-16 18:52:06.073129,138,77,medium
2023-11-16 18:52:06.155650,3589,136,long
2023-11-16 18:52:06.387025,1078,415,long
2023-11-16 18:52:06.405395,79,151,short
2023-11-16 18:52:06.603529,3866,151,long
2023-11-16 18:52:06.690441,189,112,medium
2023-11-16 18:52:06.862635,117,114,short
2023-11-16 18:52:07.060470,412,116,medium
2023-11-16 18:52:07.287475,1067,151,long
2023-11-16 18:52:07.331839,221,61,medium
2023-11-16 18:52:07.744114,125,49,short
2023-11-16 18:52:07.761991,243,92,medium
2023-11-16 18:52:07.863126,395,113,medium
2023-11-16 18:52:08.107740,1027,403,long
2023-11-16 18:52:08.385584,1611,130,long
2023-11-16 18:52:08.385833,2393,136,long
2023-11-16 18:52:08.428363,663,56,long
2023-11-16 18:52:08.672073,1181,411,long
2023-11-16 18:52:08.676449,241,110,medium
2023-11-16 18:52:08.733361,237,126,medium
2023-11-16 18:52:08.801599,210,65,medium
2023-11-16 18:52:08.824415,3769,44,long
2023-11-16 18:52:08.924586,398,130,medium
2023-11-16 18:52:09.083611,1610,82,long
2023-11-16 18:52:09.126839,2584,157,long
2023-11-16 18:52:09.182440,395,89,medium
2023-11-16 18:52:09.302411,388,133,medium
2023-11-16 18:52:09.405474,228,68,medium
2023-11-16 18:52:09.544667,398,87,medium
2023-11-16 18:52:09.595282,1596,56,long
2023-11-16 18:52:09.757437,213,100,medium
2023-11-16 18:52:09.824844,407,120,medium
2023-11-16 18:52:09.967573,1011,520,long
2023-11-16 18:52:09.970197,1318,144,long
2023-11-16 18:52:10.071779,201,258,medium
2023-11-16 18:52:10.116796,192,49,medium
2023-11-16 18:52:10.485778,399,86,medium
2023-11-16 18:52:10.542292,2425,82,long
2023-11-16 18:52:10.601802,1651,73,long
2023-11-16 18:52:10.680819,214,51,medium
2023-11-16 18:52:10.818368,396,97,medium
2023-11-16 18:52:10.889188,1041,391,long
2023-11-16 18:52:11.075141,1023,396,long
2023-11-16 18:52:11.080003,214,160,medium
2023-11-16 18:52:11.315979,2517,111,long
2023-11-16 18:52:11.342015,7,84,short
2023-11-16 18:52:11.342464,400,140,medium
2023-11-16 18:52:11.452033,208,111,medium
2023-11-16 18:52:11.480927,1063,375,long
2023-11-16 18:52:11.498879,3367,114,long
2023-11-16 18:52:11.510116,247,116,medium
2023-11-16 18:52:11.792716,2239,93,long
2023-11-16 18:52:11.834877,416,91,medium
2023-11-16 18:52:12.044820,2853,42,long
2023-11-16 18:52:12.102730,412,92,medium
2023-11-16 18:52:12.177574,979,93,long
2023-11-16 18:52:12.259768,1130,516,long
2023-11-16 18:52:12.685932,1087,419,long
2023-11-16 18:52:12.852041,399,107,medium
2023-11-16 18:52:13.310793,1732,159,long
2023-11-16 18:52:13.416439,402,96,medium
2023-11-16 18:52:13.555306,394,102,medium
2023-11-16 18:52:13.729773,397,115,medium
2023-11-16 18:52:13.805253,181,292,medium
2023-11-16 18:52:14.065510,246,115,medium
2023-11-16 18:52:14.738213,181,153,medium
2023-11-16 18:52:14.992728,442,114,medium
2023-11-16 18:52:15.077731,396,83,medium
2023-11-16 18:52:15.284543,1024,399,long
2023-11-16 18:52:15.289994,394,85,medium
2023-11-16 18:52:15.315920,413,92,medium
2023-11-16 18:52:15.337084,240,110,medium
2023-11-16 18:52:15.433942,227,137,medium
2023-11-16 18:52:15.541167,391,83,medium
2023-11-16 18:52:15.622512,215,76,medium
2023-11-16 18:52:15.721217,1983,81,long
2023-11-16 18:52:16.102486,397,90,medium
2023-11-16 18:52:16.216574,1065,382,long
2023-11-16 18:52:16.328775,210,84,medium
2023-11-16 18:52:16.380200,926,78,long
2023-11-16 18:52:16.482280,10,103,short
2023-11-16 18:52:16.561194,120,12,short
2023-11-16 18:52:16.628393,827,46,long
2023-11-16 18:52:16.634472,12,132,short
2023-11-16 18:52:16.635599,213,132,medium
2023-11-16 18:52:16.784515,103,130,short
2023-11-16 18:52:16.790127,467,87,medium
2023-11-16 18:52:16.919990,228,128,medium
2023-11-16 18:52:16.995327,2016,109,long
2023-11-16 18:52:17.279217,1098,47,long
2023-11-16 18:52:17.283118,225,109,medium
2023-11-16 18:52:17.459936,450,102,medium
2023-11-16 18:52:17.722740,1660,58,long
2023-11-16 18:52:17.777876,3654,151,long
2023-11-16 18:52:18.169838,216,104,medium
2023-11-16 18:52:18.227866,401,83,medium
2023-11-16 18:52:18.261900,240,117,medium
2023-11-16 18:52:18.284282,412,103,medium
2023-11-16 18:52:18.305727,992,453,long
2023-11-16 18:52:18.305948,960,397,long
2023-11-16 18:52:18.551412,173,110,medium
2023-11-16 18:52:18.762326,221,158,medium
2023-11-16 18:52:18.861529,235,133,medium
2023-11-16 18:52:19.107597,181,119,medium
2023-11-16 18:52:19.120950,2508,117,long
2023-11-16 18:52:19.148810,420,99,medium
2023-11-16 18:52:19.184994,404,110,medium
2023-11-16 18:52:19.198522,404,110,medium
2023-11-16 18:52:19.337760,1176,59,long
2023-11-16 18:52:19.347948,1045,393,long
2023-11-16 18:52:19.402331,398,82,medium
2023-11-16 18:52:19.417568,3831,46,long
2023-11-16 18:52:19.517601,432,159,medium
2023-11-16 18:52:19.552406,397,127,medium
2023-11-16 18:52:20.232508,230,84,medium
2023-11-16 18:52:20.284724,400,83,medium
2023-11-16 18:52:20.299932,228,62,medium
2023-11-16 18:52:20.353317,747,31,long
2023-11-16 18:52:20.425990,433,98,medium
2023-11-16 18:52:20.599784,204,163,medium
2023-11-16 18:52:20.624833,206,134,medium
2023-11-16 18:52:20.802454,39,140,short
2023-11-16 18:52:20.845955,955,213,long
2023-11-16 18:52:20.954648,399,140,medium
2023-11-16 18:52:21.027223,394,84,medium
2023-11-16 18:52:21.081122,1313,149,long
2023-11-16 18:52:21.116759,221,48,medium
2023-11-16 18:52:21.287538,395,120,medium
2023-11-16 18:52:21.370280,94,128,short
2023-11-16 18:52:21.526113,2584,149,long
2023-11-16 18:52:21.533582,3196,56,long
2023-11-16 18:52:21.634605,1322,190,long
2023-11-16 18:52:22.072383,391,94,medium
2023-11-16 18:52:22.307692,228,50,medium
2023-11-16 18:52:22.324238,415,97,medium
2023-11-16 18:52:22.345605,99,105,short
2023-11-16 18:52:22.403483,15,103,short
2023-11-16 18:52:22.427758,10,147,short
2023-11-16 18:52:22.465965,388,110,medium
2023-11-16 18:52:22.574390,396,105,medium
2023-11-16 18:52:22.582894,210,146,medium
2023-11-16 18:52:22.840091,452,85,medium
2023-11-16 18:52:22.920877,404,82,medium
2023-11-16 18:52:22.953235,426,140,medium
2023-11-16 18:52:22.992156,1024,428,long
2023-11-16 18:52:23.005661,395,91,medium
2023-11-16 18:52:23.100932,200,164,medium
2023-11-16 18:52:23.156613,7,80,short
2023-11-16 18:52:23.642495,67,93,short
2023-11-16 18:52:23.689613,960,143,long
2023-11-16 18:52:23.790038,182,73,medium
2023-11-16 18:52:23.893050,403,96,medium
2023-11-16 18:52:24.126361,3476,143,long
2023-11-16 18:52:24.377605,894,126,long
2023-11-16 18:52:24.647502,191,157,medium
2023-11-16 18:52:24.688148,218,196,medium
2023-11-16 18:52:24.776040,1043,414,long
2023-11-16 18:52:25.018762,971,395,long
2023-11-16 18:52:25.119981,428,97,medium
2023-11-16 18:52:25.168608,1024,474,long
2023-11-16 18:52:25.248503,1620,128,long
2023-11-16 18:52:25.326359,1380,56,long
2023-11-16 18:52:25.393227,214,48,medium
2023-11-16 18:52:25.393630,401,110,medium
2023-11-16 18:52:25.638509,1665,129,long
2023-11-16 18:52:25.750622,455,84,medium
2023-11-16 18:52:25.935386,405,108,medium
2023-11-16 18:52:26.204490,430,86,medium
2023-11-16 18:52:26.294574,14,100,short
2023-11-16 18:52:26.422493,388,98,medium
2023-11-16 18:52:26.533475,1127,63,long
2023-11-16 18:52:26.566501,27,138,short
2023-11-16 18:52:26.682859,1317,159,long
2023-11-16 18:52:26.897453,412,145,medium
2023-11-16 18:52:27.037035,2015,75,long
2023-11-16 18:52:27.056782,215,73,medium
2023-11-16 18:52:27.081288,398,137,medium
2023-11-16 18:52:27.356984,2686,180,long
2023-11-16 18:52:27.502006,418,92,medium
2023-11-16 18:52:27.597627,235,146,medium
2023-11-16 18:52:27.633876,199,59,medium
2023-11-16 18:52:27.660956,181,139,medium
2023-11-16 18:52:27.730588,1826,105,long
2023-11-16 18:52:27.824694,1312,422,long
2023-11-16 18:52:27.944137,1868,47,long
2023-11-16 18:52:27.997224,405,86,medium
2023-11-16 18:52:28.108708,2479,77,long
2023-11-16 18:52:28.139645,227,86,medium
2023-11-16 18:52:28.227451,219,57,medium
2023-11-16 18:52:28.234120,3222,134,long
2023-11-16 18:52:28.268698,393,93,medium
2023-11-16 18:52:28.653033,108,114,short
2023-11-16 18:52:28.654753,195,80,medium
2023-11-16 18:52:28.908492,254,132,medium
2023-11-16 18:52:28.954283,967,395,long
2023-11-16 18:52:29.038660,402,101,medium
2023-11-16 18:52:29.364331,427,98,medium
2023-11-16 18:52:29.465287,407,84,medium
2023-11-16 18:52:29.564169,2129,87,long
2023-11-16 18:52:29.731840,393,107,medium
2023-11-16 18:52:30.303684,1040,95,long
2023-11-16 18:52:30.608848,391,86,medium
2023-11-16 18:52:30.650233,2434,50,long
2023-11-16 18:52:30.667627,902,87,long
2023-11-16 18:52:30.689907,200,130,medium
2023-11-16 18:52:30.886866,410,96,medium
2023-11-16 18:52:30.932481,412,90,medium
2023-11-16 18:52:30.946897,214,86,medium
2023-11-16 18:52:30.951426,391,101,medium
2023-11-16 18:52:31.040282,1131,401,long
2023-11-16 18:52:31.090614,18,110,short
2023-11-16 18:52:31.196410,1103,377,long
2023-11-16 18:52:31.309576,1007,378,long
2023-11-16 18:52:31.389701,251,63,medium
2023-11-16 18:52:31.612218,407,99,medium
2023-11-16 18:52:32.333193,240,56,medium
2023-11-16 18:52:32.452401,401,93,medium
2023-11-16 18:52:32.470615,412,81,medium
2023-11-16 18:52:32.592305,1314,138,long
2023-11-16 18:52:32.734543,1572,70,long
2023-11-16 18:52:33.019208,228,138,medium
2023-11-16 18:52:33.038262,245,128,medium
2023-11-16 18:52:33.130571,399,103,medium
2023-11-16 18:52:33.156497,1069,396,long
2023-11-16 18:52:33.318011,210,111,medium
2023-11-16 18:52:33.323403,396,110,medium
2023-11-16 18:52:33.402293,400,90,medium
2023-11-16 18:52:33.634145,237,60,medium
2023-11-16 18:52:33.678935,1241,56,long
2023-11-16 18:52:34.115337,1826,56,long
2023-11-16 18:52:34.364023,400,120,medium
2023-11-16 18:52:34.473323,228,90,medium
2023-11-16 18:52:34.708697,219,124,medium
2023-11-16 18:52:34.755520,1313,131,long
2023-11-16 18:52:34.788051,394,116,medium
2023-11-16 18:52:35.014555,214,136,medium
2023-11-16 18:52:35.029684,999,396,long
2023-11-16 18:52:35.144426,205,103,medium
2023-11-16 18:52:35.522716,299,18,medium
2023-11-16 18:52:35.604388,241,108,medium
2023-11-16 18:52:36.152834,402,177,medium
2023-11-16 18:52:36.202674,222,148,medium
2023-11-16 18:52:36.204709,205,191,medium
2023-11-16 18:52:36.313824,421,95,medium
2023-11-16 18:52:36.433470,328,61,medium
2023-11-16 18:52:36.435247,1218,51,long
2023-11-16 18:52:36.440669,1969,59,long
2023-11-16 18:52:36.526456,1011,413,long
2023-11-16 18:52:36.615433,1008,368,long
2023-11-16 18:52:36.992789,1242,29,long
2023-11-16 18:52:37.113066,210,70,medium
2023-11-16 18:52:37.143917,1315,193,long
2023-11-16 18:52:37.196044,1005,86,long
2023-11-16 18:52:37.250213,186,64,medium
2023-11-16 18:52:37.261074,1055,396,long
2023-11-16 18:52:37.505961,2298,74,long
2023-11-16 18:52:37.562567,1023,410,long
2023-11-16 18:52:37.682949,188,58,medium
2023-11-16 18:52:37.709341,192,131,medium
2023-11-16 18:52:37.908321,395,93,medium
2023-11-16 18:52:37.963434,247,130,medium
2023-11-16 18:52:38.424131,79,130,short
2023-11-16 18:52:38.442988,171,62,medium
2023-11-16 18:52:38.498906,1126,414,long
2023-11-16 18:52:39.053009,1041,992,long
2023-11-16 18:52:39.255283,239,107,medium
2023-11-16 18:52:39.524702,2760,130,long
2023-11-16 18:52:39.547529,1316,167,long
2023-11-16 18:52:39.651382,397,108,medium
2023-11-16 18:52:39.752714,426,88,medium
2023-11-16 18:52:39.894889,194,137,medium
2023-11-16 18:52:40.102138,201,171,medium
2023-11-16 18:52:40.115452,1019,126,long
2023-11-16 18:52:40.227078,758,37,long
2023-11-16 18:52:40.257122,223,107,medium
2023-11-16 18:52:40.766735,200,179,medium
2023-11-16 18:52:40.960956,970,395,long
2023-11-16 18:52:41.460661,408,138,medium
2023-11-16 18:52:41.489303,3331,70,long
2023-11-16 18:52:41.633024,1938,72,long
2023-11-16 18:52:41.818610,197,162,medium
2023-11-16 18:52:41.822041,1675,45,long
2023-11-16 18:52:41.960200,882,71,long
2023-11-16 18:52:41.986879,396,95,medium
2023-11-16 18:52:42.453051,399,99,medium
2023-11-16 18:52:42.556311,206,118,medium
2023-11-16 18:52:42.636799,220,131,medium
2023-11-16 18:52:42.644114,410,101,medium
2023-11-16 18:52:42.903404,205,53,medium
2023-11-16 18:52:42.982785,226,49,medium
2023-11-16 18:52:43.223860,204,118,medium
2023-11-16 18:52:43.322000,404,150,medium
2023-11-16 18:52:43.403188,1058,373,long
2023-11-16 18:52:43.417202,181,130,medium
2023-11-16 18:52:43.513371,1842,124,long
2023-11-16 18:52:43.700534,1104,393,long
2023-11-16 18:52:43.797127,1315,138,long
2023-11-16 18:52:43.866068,1159,92,long
2023-11-16 18:52:43.982746,1129,396,long
2023-11-16 18:52:44.067954,1838,119,long
2023-11-16 18:52:44.184309,148,127,medium
2023-11-16 18:52:44.193816,2055,54,long
2023-11-16 18:52:45.045779,456,85,medium
2023-11-16 18:52:45.166572,404,126,medium
2023-11-16 18:52:45.288286,461,85,medium
2023-11-16 18:52:45.551051,1104,462,long
2023-11-16 18:52:45.743519,393,95,medium
2023-11-16 18:52:46.056713,83,72,short
2023-11-16 18:52:46.158467,389,101,medium
2023-11-16 18:52:46.500030,189,69,medium
2023-11-16 18:52:46.646794,254,130,medium
2023-11-16 18:52:46.878263,242,68,medium
2023-11-16 18:52:46.903731,120,12,short
2023-11-16 18:52:47.296178,216,144,medium
2023-11-16 18:52:47.489987,95,134,short
2023-11-16 18:52:47.534427,223,54,medium
2023-11-16 18:52:47.563683,194,97,medium
2023-11-16 18:52:47.610551,1067,166,long
2023-11-16 18:52:47.664077,1313,133,long
2023-11-16 18:52:47.741872,2,93,short
2023-11-16 18:52:47.953206,213,124,medium
2023-11-16 18:52:47.958972,63,49,short
2023-11-16 18:52:47.973736,765,72,long
2023-11-16 18:52:48.110886,3387,52,long
2023-11-16 18:52:48.287896,405,103,medium
2023-11-16 18:52:48.380554,1097,91,long
2023-11-16 18:52:48.391086,2700,119,long
2023-11-16 18:52:48.553078,5219,113,long
2023-11-16 18:52:48.990424,408,87,medium
2023-11-16 18:52:49.218739,1010,108,long
2023-11-16 18:52:50.152564,404,100,medium
2023-11-16 18:52:50.153765,420,98,medium
2023-11-16 18:52:50.312204,972,414,long
2023-11-16 18:52:50.701331,31,138,short
2023-11-16 18:52:51.119425,210,132,medium
2023-11-16 18:52:51.312216,201,146,medium
2023-11-16 18:52:51.487732,1370,97,long
2023-11-16 18:52:51.793291,487,78,medium
2023-11-16 18:52:51.998234,409,97,medium
2023-11-16 18:52:52.078696,1318,201,long
2023-11-16 18:52:52.080792,217,138,medium
2023-11-16 18:52:52.747130,395,110,medium
2023-11-16 18:52:52.762875,2507,130,long
2023-11-16 18:52:52.861355,240,118,medium
2023-11-16 18:52:53.169258,2584,154,long
2023-11-16 18:52:53.264681,181,85,medium
2023-11-16 18:52:53.334458,172,201,medium
2023-11-16 18:52:53.509889,183,155,medium
2023-11-16 18:52:53.604528,415,112,medium
2023-11-16 18:52:53.827225,2832,75,long
2023-11-16 18:52:54.045923,1022,68,long
2023-11-16 18:52:54.057863,175,114,medium
2023-11-16 18:52:54.396159,201,171,medium
2023-11-16 18:52:54.748831,1780,99,long
2023-11-16 18:52:54.995572,991,362,long
2023-11-16 18:52:55.002523,2935,132,long
2023-11-16 18:52:55.350349,1735,83,long
2023-11-16 18:52:55.393254,1040,462,long
2023-11-16 18:52:55.572245,1316,175,long
2023-11-16 18:52:56.155480,96,118,short
2023-11-16 18:52:56.218455,248,52,medium
2023-11-16 18:52:56.339794,402,103,medium
2023-11-16 18:52:56.407038,326,161,medium
2023-11-16 18:52:56.454596,999,373,long
2023-11-16 18:52:56.530980,1177,427,long
2023-11-16 18:52:56.576051,387,93,medium
2023-11-16 18:52:56.777177,203,74,medium
2023-11-16 18:52:56.881479,1021,415,long
2023-11-16 18:52:56.987483,201,73,medium
2023-11-16 18:52:57.156594,396,86,medium
2023-11-16 18:52:57.204571,200,217,medium
2023-11-16 18:52:57.293876,220,91,medium
2023-11-16 18:52:57.472734,1540,135,long
2023-11-16 18:52:57.687978,1543,82,long
2023-11-16 18:52:58.026346,235,85,medium
2023-11-16 18:52:58.208091,1314,189,long
2023-11-16 18:52:58.403412,1578,75,long
2023-11-16 18:52:58.884367,22,85,short
2023-11-16 18:52:59.333911,1352,143,long
2023-11-16 18:52:59.551055,391,89,medium
2023-11-16 18:52:59.557780,209,183,medium
2023-11-16 18:52:59.626325,2549,75,long
2023-11-16 18:52:59.654762,205,117,medium
2023-11-16 18:52:59.841625,3672,168,long
2023-11-16 18:53:00.732493,390,144,medium
2023-11-16 18:53:01.464513,860,115,long
2023-11-16 18:53:01.547232,221,111,medium
2023-11-16 18:53:01.784629,393,93,medium
2023-11-16 18:53:01.833673,1112,391,long
2023-11-16 18:53:02.036304,1316,143,long
2023-11-16 18:53:02.221493,181,117,medium
2023-11-16 18:53:02.258274,1029,391,long
2023-11-16 18:53:02.338347,1110,382,long
2023-11-16 18:53:02.686073,401,109,medium
2023-11-16 18:53:02.750200,403,93,medium
2023-11-16 18:53:02.901544,1088,382,long
2023-11-16 18:53:03.137235,237,66,medium
2023-11-16 18:53:03.337885,985,388,long
2023-11-16 18:53:03.456435,1492,63,long
2023-11-16 18:53:03.868361,404,96,medium
2023-11-16 18:53:03.958603,1072,398,long
2023-11-16 18:53:04.299164,1122,373,long
2023-11-16 18:53:04.760812,1791,78,long
2023-11-16 18:53:05.014452,202,94,medium
2023-11-16 18:53:05.200436,196,84,medium
2023-11-16 18:53:05.324131,192,105,medium
2023-11-16 18:53:05.408061,1106,400,long
2023-11-16 18:53:05.550851,963,80,long
2023-11-16 18:53:05.709804,321,18,medium
2023-11-16 18:53:05.816494,1267,411,long
2023-11-16 18:53:06.147823,1061,375,long
2023-11-16 18:53:06.217137,409,179,medium
2023-11-16 18:53:06.291881,987,392,long
2023-11-16 18:53:06.402134,389,81,medium
2023-11-16 18:53:06.683824,1315,169,long
2023-11-16 18:53:07.104355,1244,58,long
2023-11-16 18:53:07.372205,192,81,medium
2023-11-16 18:53:07.390758,403,168,medium
2023-11-16 18:53:07.452929,30,140,short
2023-11-16 18:53:07.637070,1268,414,long
2023-11-16 18:53:08.830661,1110,41,long
2023-11-16 18:53:08.880585,1235,373,long
2023-11-16 18:53:09.148068,427,99,medium
2023-11-16 18:53:09.815224,181,107,medium
2023-11-16 18:53:09.825150,414,90,medium
2023-11-16 18:53:09.853847,1035,383,long
2023-11-16 18:53:09.853955,1970,87,long
2023-11-16 18:53:10.050135,985,394,long
2023-11-16 18:53:10.231034,417,159,medium
2023-11-16 18:53:10.316260,1037,411,long
2023-11-16 18:53:10.408863,1028,427,long
2023-11-16 18:53:10.547894,222,110,medium
2023-11-16 18:53:10.679031,903,79,long
2023-11-16 18:53:10.793228,1051,395,long
2023-11-16 18:53:10.941546,391,111,medium
2023-11-16 18:53:11.090245,995,416,long
2023-11-16 18:53:11.509743,1035,373,long
2023-11-16 18:53:11.561896,212,167,medium
2023-11-16 18:53:11.614112,1302,70,long
2023-11-16 18:53:11.775067,978,72,long
2023-11-16 18:53:11.831171,913,100,long
2023-11-16 18:53:12.078351,1354,207,long
2023-11-16 18:53:12.174827,1018,427,long
2023-11-16 18:53:12.285219,218,92,medium
2023-11-16 18:53:12.444157,1238,396,long
2023-11-16 18:53:12.462971,404,104,medium
2023-11-16 18:53:12.857774,197,162,medium
2023-11-16 18:53:12.876090,1075,410,long
2023-11-16 18:53:12.982818,428,101,medium
2023-11-16 18:53:13.144601,1002,414,long
2023-11-16 18:53:13.256097,1059,415,long
2023-11-16 18:53:13.356134,1052,451,long
2023-11-16 18:53:13.472946,207,134,medium
2023-11-16 18:53:13.573368,1018,300,long
2023-11-16 18:53:13.573906,949,396,long
2023-11-16 18:53:14.337822,1014,388,long
2023-11-16 18:53:14.367334,195,99,medium
2023-11-16 18:53:14.409153,1309,60,long
2023-11-16 18:53:14.439236,401,99,medium
2023-11-16 18:53:14.557948,206,80,medium
2023-11-16 18:53:14.795345,1035,102,long
2023-11-16 18:53:14.894404,1005,593,long
2023-11-16 18:53:15.223953,1182,428,long
2023-11-16 18:53:15.337981,1087,414,long
2023-11-16 18:53:15.444339,1096,385,long
2023-11-16 18:53:15.492433,1063,378,long
2023-11-16 18:53:15.966825,201,62,medium
2023-11-16 18:53:16.073421,1007,395,long
2023-11-16 18:53:16.256827,385,117,medium
2023-11-16 18:53:16.327723,873,123,long
2023-11-16 18:53:16.538665,971,392,long
2023-11-16 18:53:16.592172,396,172,medium
2023-11-16 18:53:16.798060,1047,388,long
2023-11-16 18:53:16.806165,402,156,medium
2023-11-16 18:53:16.839904,976,438,long
2023-11-16 18:53:16.964531,398,103,medium
2023-11-16 18:53:16.975584,885,78,long
2023-11-16 18:53:17.657756,239,104,medium
2023-11-16 18:53:17.966533,400,90,medium
2023-11-16 18:53:18.082353,402,95,medium
2023-11-16 18:53:18.082566,5428,137,long
2023-11-16 18:53:18.296243,1072,395,long
2023-11-16 18:53:18.333180,1056,389,long
2023-11-16 18:53:18.480510,400,101,medium
2023-11-16 18:53:19.090039,181,101,medium
2023-11-16 18:53:19.482194,212,90,medium
2023-11-16 18:53:19.554467,203,152,medium
2023-11-16 18:53:19.611177,2396,75,long
2023-11-16 18:53:19.706533,1312,162,long
2023-11-16 18:53:19.778902,1616,85,long
2023-11-16 18:53:20.065500,1311,135,long
2023-11-16 18:53:20.371961,416,147,medium
2023-11-16 18:53:20.863708,1474,99,long
2023-11-16 18:53:20.870925,2130,97,long
2023-11-16 18:53:21.459131,980,398,long
2023-11-16 18:53:21.586948,1001,474,long
2023-11-16 18:53:21.606372,209,183,medium
2023-11-16 18:53:21.794931,1096,395,long
2023-11-16 18:53:22.044546,990,373,long
2023-11-16 18:53:22.172937,1316,162,long
2023-11-16 18:53:22.484073,1072,74,long
2023-11-16 18:53:22.565840,1775,50,long
2023-11-16 18:53:22.804755,1014,414,long
2023-11-16 18:53:23.038612,1049,401,long
2023-11-16 18:53:23.055798,1014,395,long
2023-11-16 18:53:23.111974,1842,111,long
2023-11-16 18:53:23.170644,1167,394,long
2023-11-16 18:53:23.316887,1040,392,long
2023-11-16 18:53:23.342827,1020,379,long
2023-11-16 18:53:23.437324,1212,75,long
2023-11-16 18:53:23.631556,2322,86,long
2023-11-16 18:53:24.002661,1072,388,long
2023-11-16 18:53:24.201570,994,373,long
2023-11-16 18:53:24.878177,1116,448,long
2023-11-16 18:53:24.917351,1104,421,long
2023-11-16 18:53:25.076311,1067,401,long
2023-11-16 18:53:25.350619,143,85,medium
2023-11-16 18:53:26.305954,2447,72,long
2023-11-16 18:53:26.590686,316,18,medium
2023-11-16 18:53:26.797079,996,438,long
2023-11-16 18:53:27.059879,224,107,medium
2023-11-16 18:53:27.169760,392,89,medium
2023-11-16 18:53:27.284341,2,93,short
2023-11-16 18:53:27.294336,1120,401,long
2023-11-16 18:53:27.381104,1047,462,long
2023-11-16 18:53:27.381110,1002,577,long
2023-11-16 18:53:27.408638,1289,39,long
2023-11-16 18:53:27.652321,393,113,medium
2023-11-16 18:53:28.423002,248,65,medium
2023-11-16 18:53:28.445597,1050,406,long
2023-11-16 18:53:28.632192,1093,388,long
2023-11-16 18:53:28.713349,181,124,medium
2023-11-16 18:53:28.799146,394,132,medium
2023-11-16 18:53:28.967651,205,118,medium
2023-11-16 18:53:29.033175,215,59,medium
2023-11-16 18:53:29.042150,405,137,medium
2023-11-16 18:53:29.384722,1101,396,long
2023-11-16 18:53:29.386236,426,80,medium
2023-11-16 18:53:29.479317,218,157,medium
2023-11-16 18:53:29.494720,239,14,medium
2023-11-16 18:53:29.614438,1099,394,long
2023-11-16 18:53:29.650896,3675,217,long
2023-11-16 18:53:29.804335,1250,501,long
2023-11-16 18:53:29.980142,2645,55,long
2023-11-16 18:53:30.044743,1146,390,long
2023-11-16 18:53:30.321274,974,396,long
2023-11-16 18:53:30.375461,1044,401,long
2023-11-16 18:53:30.402380,131,159,medium
2023-11-16 18:53:30.838345,159,217,medium
2023-11-16 18:53:30.910765,985,391,long
2023-11-16 18:53:31.080079,448,95,medium
2023-11-16 18:53:31.107502,1049,396,long
2023-11-16 18:53:31.201341,2265,128,long
2023-11-16 18:53:31.472415,1360,142,long
2023-11-16 18:53:31.661535,742,121,long
2023-11-16 18:53:31.948246,1052,426,long
2023-11-16 18:53:32.005415,249,101,medium
2023-11-16 18:53:32.271914,2616,34,long
2023-11-16 18:53:32.649001,1184,420,long
2023-11-16 18:53:32.869039,995,393,long
2023-11-16 18:53:33.375689,1051,388,long
2023-11-16 18:53:33.477622,212,217,medium
2023-11-16 18:53:33.662627,1005,446,long
2023-11-16 18:53:34.006210,402,125,medium
2023-11-16 18:53:34.011783,843,89,long
2023-11-16 18:53:34.249594,1314,151,long
2023-11-16 18:53:34.330623,714,88,long
2023-11-16 18:53:34.721527,1004,553,long
2023-11-16 18:53:34.947425,408,200,medium
2023-11-16 18:53:35.056981,18,182,short
2023-11-16 18:53:35.183014,3074,65,long
2023-11-16 18:53:35.334196,1119,388,long
2023-11-16 18:53:35.565733,916,120,long
2023-11-16 18:53:35.802572,1075,420,long
2023-11-16 18:53:36.139898,1319,190,long
2023-11-16 18:53:36.200901,1742,107,long
2023-11-16 18:53:36.283948,973,375,long
2023-11-16 18:53:36.362560,404,150,medium
2023-11-16 18:53:36.444003,206,56,medium
2023-11-16 18:53:36.600914,2409,69,long
2023-11-16 18:53:36.864151,229,95,medium
2023-11-16 18:53:36.871999,1101,394,long
2023-11-16 18:53:36.930808,1145,375,long
2023-11-16 18:53:37.053580,1111,72,long
2023-11-16 18:53:37.145025,406,80,medium
2023-11-16 18:53:37.368146,32,136,short
2023-11-16 18:53:37.480089,1013,398,long
2023-11-16 18:53:37.624470,209,112,medium
2023-11-16 18:53:37.872308,242,56,medium
2023-11-16 18:53:38.302098,1288,408,long
2023-11-16 18:53:38.761895,1151,404,long
2023-11-16 18:53:38.787926,206,183,medium
2023-11-16 18:53:38.857640,199,91,medium
2023-11-16 18:53:39.168730,1037,468,long
2023-11-16 18:53:39.615824,396,84,medium
2023-11-16 18:53:40.530169,1005,80,long
2023-11-16 18:53:40.585982,220,95,medium
2023-11-16 18:53:40.905121,1314,249,long
2023-11-16 18:53:41.269934,1028,388,long
2023-11-16 18:53:41.527986,2425,130,long
2023-11-16 18:53:41.587446,234,85,medium
2023-11-16 18:53:41.823865,395,98,medium
2023-11-16 18:53:41.911312,1043,407,long
2023-11-16 18:53:41.999397,181,110,medium
2023-11-16 18:53:42.029209,2714,64,long
2023-11-16 18:53:42.215109,1053,383,long
2023-11-16 18:53:42.443908,410,116,medium
2023-11-16 18:53:42.722284,388,97,medium
2023-11-16 18:53:42.827211,1102,417,long
2023-11-16 18:53:42.878152,998,393,long
2023-11-16 18:53:42.925871,1315,172,long
2023-11-16 18:53:43.112418,231,75,medium
2023-11-16 18:53:43.165798,1460,55,long
2023-11-16 18:53:43.491096,203,138,medium
2023-11-16 18:53:43.699075,1073,387,long
2023-11-16 18:53:44.418860,1135,388,long
2023-11-16 18:53:45.122667,1041,395,long
2023-11-16 18:53:45.215800,979,414,long
2023-11-16 18:53:45.221462,1314,157,long
2023-11-16 18:53:45.243446,1057,385,long
2023-11-16 18:53:45.633781,985,54,long
2023-11-16 18:53:46.335313,1028,67,long
2023-11-16 18:53:47.092397,1112,393,long
2023-11-16 18:53:47.100235,3119,105,long
2023-11-16 18:53:47.123077,2265,144,long
2023-11-16 18:53:47.319792,1317,210,long
2023-11-16 18:53:47.455750,388,94,medium
2023-11-16 18:53:47.458703,1110,617,long
2023-11-16 18:53:48.048095,3022,62,long
2023-11-16 18:53:48.185785,237,14,medium
2023-11-16 18:53:48.411752,1084,410,long
2023-11-16 18:53:48.515088,1069,913,long
2023-11-16 18:53:48.773837,191,170,medium
2023-11-16 18:53:49.076945,952,602,long
2023-11-16 18:53:49.206630,201,116,medium
2023-11-16 18:53:49.436114,189,131,medium
2023-11-16 18:53:49.478904,165,217,medium
2023-11-16 18:53:49.565871,1991,132,long
2023-11-16 18:53:49.817747,411,122,medium
2023-11-16 18:53:49.869296,1437,44,long
2023-11-16 18:53:50.126740,1122,373,long
2023-11-16 18:53:50.180411,419,92,medium
2023-11-16 18:53:50.677659,1267,377,long
2023-11-16 18:53:50.678291,396,104,medium
2023-11-16 18:53:50.737360,1144,427,long
2023-11-16 18:53:50.759622,392,113,medium
2023-11-16 18:53:51.539274,401,149,medium
2023-11-16 18:53:51.587792,1734,72,long
2023-11-16 18:53:51.608327,236,82,medium
2023-11-16 18:53:51.707067,2179,74,long
2023-11-16 18:53:51.832183,402,86,medium
2023-11-16 18:53:51.957518,1096,420,long
2023-11-16 18:53:52.120393,203,181,medium
2023-11-16 18:53:52.377502,396,104,medium
2023-11-16 18:53:52.522722,198,111,medium
2023-11-16 18:53:52.530279,843,78,long
2023-11-16 18:53:52.587458,387,95,medium
2023-11-16 18:53:52.788637,981,396,long
2023-11-16 18:53:53.048243,968,425,long
2023-11-16 18:53:53.386857,219,83,medium
2023-11-16 18:53:53.538439,1100,54,long
2023-11-16 18:53:54.628509,194,217,medium
2023-11-16 18:53:54.845093,498,119,medium
2023-11-16 18:53:55.189900,1075,375,long
2023-11-16 18:53:55.295879,1116,414,long
2023-11-16 18:53:55.577652,1102,394,long
2023-11-16 18:53:55.579293,393,93,medium
2023-11-16 18:53:55.615792,241,105,medium
2023-11-16 18:53:55.615898,1092,515,long
2023-11-16 18:53:55.859359,1103,394,long
2023-11-16 18:53:55.944915,2530,89,long
2023-11-16 18:53:56.119664,390,94,medium
2023-11-16 18:53:56.157433,2260,92,long
2023-11-16 18:53:56.272531,203,162,medium
2023-11-16 18:53:56.277122,1021,395,long
2023-11-16 18:53:56.314249,1088,378,long
2023-11-16 18:53:56.340448,1049,363,long
2023-11-16 18:53:56.359751,1243,413,long
2023-11-16 18:53:56.752510,395,80,medium
2023-11-16 18:53:57.073071,1143,385,long
2023-11-16 18:53:57.094899,427,92,medium
2023-11-16 18:53:57.173273,402,116,medium
2023-11-16 18:53:57.279739,197,78,medium
2023-11-16 18:53:57.380674,240,72,medium
2023-11-16 18:53:57.486253,919,155,long
2023-11-16 18:53:57.522069,994,407,long
2023-11-16 18:53:57.600188,1351,145,long
2023-11-16 18:53:57.821557,1168,396,long
2023-11-16 18:53:57.877943,218,179,medium
2023-11-16 18:53:57.936439,1316,193,long
2023-11-16 18:53:57.949164,1007,390,long
2023-11-16 18:53:58.115917,1011,396,long
2023-11-16 18:53:58.116103,1319,131,long
2023-11-16 18:53:58.228000,898,109,long
2023-11-16 18:53:58.768005,227,132,medium
2023-11-16 18:53:58.958993,406,148,medium
2023-11-16 18:53:59.090358,1040,411,long
2023-11-16 18:53:59.295030,1238,61,long
2023-11-16 18:53:59.300104,1070,451,long
2023-11-16 18:53:59.325587,1351,197,long
2023-11-16 18:53:59.413638,187,93,medium
2023-11-16 18:53:59.493613,181,1000,medium
2023-11-16 18:53:59.710961,1002,580,long
2023-11-16 18:53:59.895089,415,112,medium
2023-11-16 18:54:00.142866,1137,523,long
2023-11-16 18:54:00.270423,997,417,long
2023-11-16 18:54:00.611531,402,111,medium
2023-11-16 18:54:00.862101,410,93,medium
2023-11-16 18:54:00.967401,414,108,medium
2023-11-16 18:54:00.967606,1035,404,long
2023-11-16 18:54:00.971639,1221,51,long
2023-11-16 18:54:01.434968,1335,41,long
2023-11-16 18:54:01.513168,1048,393,long
2023-11-16 18:54:01.715805,216,80,medium
2023-11-16 18:54:01.721581,422,94,medium
2023-11-16 18:54:01.721947,1012,419,long
2023-11-16 18:54:02.163977,2321,87,long
2023-11-16 18:54:02.286081,1021,396,long
2023-11-16 18:54:02.418268,394,127,medium
2023-11-16 18:54:02.555572,2811,51,long
2023-11-16 18:54:02.629817,2230,78,long
2023-11-16 18:54:03.355162,405,113,medium
2023-11-16 18:54:03.432642,1096,403,long
2023-11-16 18:54:03.485734,1163,399,long
2023-11-16 18:54:03.497642,1047,385,long
2023-11-16 18:54:03.858584,980,398,long
2023-11-16 18:54:03.880406,242,14,medium
2023-11-16 18:54:04.170152,1117,379,long
2023-11-16 18:54:04.705599,1025,375,long
2023-11-16 18:54:04.807605,2579,96,long
2023-11-16 18:54:05.301427,229,90,medium
2023-11-16 18:54:05.529191,181,120,medium
2023-11-16 18:54:06.168871,1950,66,long
2023-11-16 18:54:06.238499,1035,405,long
2023-11-16 18:54:06.400196,1731,109,long
2023-11-16 18:54:06.638688,398,96,medium
2023-11-16 18:54:06.701346,398,91,medium
2023-11-16 18:54:06.808030,2790,49,long
2023-11-16 18:54:06.854395,906,64,long
2023-11-16 18:54:06.879578,120,12,short
2023-11-16 18:54:07.078839,4428,106,long
2023-11-16 18:54:07.104037,212,78,medium
2023-11-16 18:54:07.400598,1003,375,long
2023-11-16 18:54:07.633767,1113,388,long
2023-11-16 18:54:08.482777,973,43,long
2023-11-16 18:54:08.538150,397,84,medium
2023-11-16 18:54:08.584777,401,103,medium
2023-11-16 18:54:08.598761,2401,92,long
2023-11-16 18:54:08.696319,1087,406,long
2023-11-16 18:54:08.784813,404,85,medium
2023-11-16 18:54:09.245633,895,98,long
2023-11-16 18:54:09.358411,5787,78,long
2023-11-16 18:54:09.418015,406,123,medium
2023-11-16 18:54:09.597040,200,91,medium
2023-11-16 18:54:09.619866,407,95,medium
2023-11-16 18:54:09.748149,1096,425,long
2023-11-16 18:54:09.784021,655,125,long
2023-11-16 18:54:09.814309,422,90,medium
2023-11-16 18:54:09.886776,1317,179,long
2023-11-16 18:54:10.594251,1250,393,long
2023-11-16 18:54:10.826903,247,64,medium
2023-11-16 18:54:10.828879,1162,45,long
2023-11-16 18:54:10.851834,1047,386,long
2023-11-16 18:54:10.867686,2295,49,long
2023-11-16 18:54:10.898137,1026,478,long
2023-11-16 18:54:11.420767,1028,446,long
2023-11-16 18:54:11.591736,1314,202,long
2023-11-16 18:54:11.622108,977,404,long
2023-11-16 18:54:11.622115,203,91,medium
2023-11-16 18:54:11.710865,394,119,medium
2023-11-16 18:54:11.921484,1951,50,long
2023-11-16 18:54:12.066804,970,509,long
2023-11-16 18:54:12.167971,120,12,short
2023-11-16 18:54:12.273068,181,190,medium
2023-11-16 18:54:12.346112,220,62,medium
2023-11-16 18:54:12.445110,1146,119,long
2023-11-16 18:54:12.508316,649,46,long
2023-11-16 18:54:12.577688,185,112,medium
2023-11-16 18:54:12.788704,204,73,medium
2023-11-16 18:54:12.891673,197,116,medium
2023-11-16 18:54:12.923146,196,136,medium
2023-11-16 18:54:13.205106,1836,147,long
2023-11-16 18:54:13.244886,1018,411,long
2023-11-16 18:54:13.450081,2294,72,long
2023-11-16 18:54:13.778241,181,115,medium
2023-11-16 18:54:14.195386,399,104,medium
2023-11-16 18:54:14.396343,1081,375,long
2023-11-16 18:54:14.541533,1107,391,long
2023-11-16 18:54:14.887908,215,113,medium
2023-11-16 18:54:15.066885,1130,478,long
2023-11-16 18:54:15.525816,1315,150,long
2023-11-16 18:54:15.534805,249,94,medium
2023-11-16 18:54:15.543520,1168,375,long
2023-11-16 18:54:15.575299,229,82,medium
2023-11-16 18:54:15.647857,205,64,medium
2023-11-16 18:54:15.681025,120,12,short
2023-11-16 18:54:15.856488,1321,166,long
2023-11-16 18:54:16.150105,1873,102,long
2023-11-16 18:54:16.317232,1124,392,long
2023-11-16 18:54:16.423225,2326,94,long
2023-11-16 18:54:16.962042,141,83,medium
2023-11-16 18:54:17.135714,1115,1000,long
2023-11-16 18:54:17.722501,1047,395,long
2023-11-16 18:54:17.775764,217,132,medium
2023-11-16 18:54:17.823783,993,401,long
2023-11-16 18:54:17.856311,1058,409,long
2023-11-16 18:54:18.537063,1111,378,long
2023-11-16 18:54:18.540688,2178,101,long
2023-11-16 18:54:18.795671,415,90,medium
2023-11-16 18:54:19.032019,1146,388,long
2023-11-16 18:54:19.279229,1018,390,long
2023-11-16 18:54:19.520400,389,83,medium
2023-11-16 18:54:20.010431,1067,536,long
2023-11-16 18:54:20.247362,1177,380,long
2023-11-16 18:54:20.862288,1225,54,long
2023-11-16 18:54:21.002397,1551,72,long
2023-11-16 18:54:21.038613,234,109,medium
2023-11-16 18:54:21.110781,1104,393,long
2023-11-16 18:54:21.379097,2878,117,long
2023-11-16 18:54:21.742775,250,102,medium
2023-11-16 18:54:21.858100,206,163,medium
2023-11-16 18:54:22.158501,3572,79,long
2023-11-16 18:54:22.265793,1040,414,long
2023-11-16 18:54:22.284032,181,114,medium
2023-11-16 18:54:22.508604,3200,99,long
2023-11-16 18:54:22.567918,1122,373,long
2023-11-16 18:54:22.757199,197,217,medium
2023-11-16 18:54:23.127157,398,87,medium
2023-11-16 18:54:23.492942,1259,373,long
2023-11-16 18:54:23.629944,913,100,long
2023-11-16 18:54:23.646111,1120,447,long
2023-11-16 18:54:23.682438,1047,442,long
2023-11-16 18:54:23.912706,1156,404,long
2023-11-16 18:54:24.221837,1851,45,long
2023-11-16 18:54:24.261102,1974,118,long
2023-11-16 18:54:24.286009,394,110,medium
2023-11-16 18:54:24.379197,1411,85,long
2023-11-16 18:54:24.402971,1351,409,long
2023-11-16 18:54:24.695462,1128,436,long
2023-11-16 18:54:24.718748,74,113,short
2023-11-16 18:54:24.821147,1565,88,long
2023-11-16 18:54:25.017623,1134,401,long
2023-11-16 18:54:25.178329,206,183,medium
2023-11-16 18:54:25.257122,1042,416,long
2023-11-16 18:54:25.437506,181,369,medium
2023-11-16 18:54:26.519142,209,217,medium
2023-11-16 18:54:26.929240,1105,427,long
2023-11-16 18:54:26.966313,1312,183,long
2023-11-16 18:54:27.195422,403,147,medium
2023-11-16 18:54:27.232932,396,96,medium
2023-11-16 18:54:27.313386,2312,52,long
2023-11-16 18:54:27.570925,1356,246,long
2023-11-16 18:54:27.623013,117,112,short
2023-11-16 18:54:27.636581,986,395,long
2023-11-16 18:54:27.755965,984,397,long
2023-11-16 18:54:27.928444,413,152,medium
2023-11-16 18:54:28.420529,409,98,medium
2023-11-16 18:54:28.959078,877,101,long
2023-11-16 18:54:29.012072,1074,428,long
2023-11-16 18:54:29.278902,1128,155,long
2023-11-16 18:54:29.747466,1313,146,long
2023-11-16 18:54:30.092324,1103,414,long
2023-11-16 18:54:30.126879,421,92,medium
2023-11-16 18:54:30.474810,1077,458,long
2023-11-16 18:54:30.595550,1159,415,long
2023-11-16 18:54:30.957491,1420,75,long
2023-11-16 18:54:31.473178,403,108,medium
2023-11-16 18:54:31.547639,1002,427,long
2023-11-16 18:54:31.609092,226,94,medium
2023-11-16 18:54:31.911436,805,67,long
2023-11-16 18:54:31.965221,192,140,medium
2023-11-16 18:54:32.160580,1082,50,long
2023-11-16 18:54:32.164301,181,156,medium
2023-11-16 18:54:32.275977,1505,81,long
2023-11-16 18:54:32.517458,206,211,medium
2023-11-16 18:54:33.395135,949,375,long
2023-11-16 18:54:33.523286,1135,411,long
2023-11-16 18:54:33.562724,1128,388,long
2023-11-16 18:54:33.569065,195,84,medium
2023-11-16 18:54:33.815434,1100,419,long
2023-11-16 18:54:34.452111,831,86,long
2023-11-16 18:54:34.806966,1037,414,long
2023-11-16 18:54:34.824055,996,396,long
2023-11-16 18:54:34.999850,2719,71,long
2023-11-16 18:54:35.082720,397,112,medium
2023-11-16 18:54:35.084868,1070,397,long
2023-11-16 18:54:35.262219,1092,428,long
2023-11-16 18:54:35.349855,974,601,long
2023-11-16 18:54:35.634258,1100,392,long
2023-11-16 18:54:35.643395,1122,393,long
2023-11-16 18:54:35.702775,18,128,short
2023-11-16 18:54:35.799530,405,97,medium
2023-11-16 18:54:35.880982,1069,386,long
2023-11-16 18:54:36.124101,395,88,medium
2023-11-16 18:54:36.364192,211,60,medium
2023-11-16 18:54:36.399732,16,112,short
2023-11-16 18:54:36.511594,404,97,medium
2023-11-16 18:54:36.556680,407,87,medium
2023-11-16 18:54:36.772948,242,14,medium
2023-11-16 18:54:37.085147,2265,144,long
2023-11-16 18:54:37.222178,1053,412,long
2023-11-16 18:54:37.616192,1230,86,long
2023-11-16 18:54:37.892806,411,101,medium
2023-11-16 18:54:37.955792,1103,420,long
2023-11-16 18:54:38.160030,1877,109,long
2023-11-16 18:54:38.634367,124,210,short
2023-11-16 18:54:38.674312,1027,395,long
2023-11-16 18:54:38.981624,1064,411,long
2023-11-16 18:54:39.242771,1157,414,long
2023-11-16 18:54:39.284947,1083,403,long
2023-11-16 18:54:39.513006,1351,50,long
2023-11-16 18:54:39.582847,28,98,short
2023-11-16 18:54:39.630245,206,217,medium
2023-11-16 18:54:39.748844,154,115,medium
2023-11-16 18:54:40.070416,1022,375,long
2023-11-16 18:54:40.382740,1061,395,long
2023-11-16 18:54:40.447211,416,99,medium
2023-11-16 18:54:40.684062,1404,67,long
2023-11-16 18:54:40.697474,681,85,long
2023-11-16 18:54:41.194653,403,160,medium
2023-11-16 18:54:41.261146,1263,386,long
2023-11-16 18:54:41.354793,218,53,medium
2023-11-16 18:54:41.757834,423,95,medium
2023-11-16 18:54:41.893077,417,111,medium
2023-11-16 18:54:42.188250,982,583,long
2023-11-16 18:54:42.221851,22,136,short
2023-11-16 18:54:42.254528,2265,144,long
2023-11-16 18:54:42.311836,1204,442,long
2023-11-16 18:54:42.426912,1004,411,long
2023-11-16 18:54:42.580040,3862,43,long
2023-11-16 18:54:42.759667,986,556,long
2023-11-16 18:54:42.839899,194,59,medium
2023-11-16 18:54:42.890648,1329,522,long
2023-11-16 18:54:43.015421,1110,390,long
2023-11-16 18:54:43.103047,1035,421,long
2023-11-16 18:54:43.268226,984,395,long
2023-11-16 18:54:44.298131,1107,464,long
2023-11-16 18:54:44.401982,215,62,medium
2023-11-16 18:54:44.455217,1238,371,long
2023-11-16 18:54:44.552650,796,94,long
2023-11-16 18:54:44.846759,1084,84,long
2023-11-16 18:54:44.913653,458,85,medium
2023-11-16 18:54:45.073683,1068,514,long
2023-11-16 18:54:45.289188,422,97,medium
2023-11-16 18:54:45.290483,1116,404,long
2023-11-16 18:54:45.523057,1023,45,long
2023-11-16 18:54:45.614614,1312,135,long
2023-11-16 18:54:45.931249,6122,102,long
2023-11-16 18:54:46.026407,237,14,medium
2023-11-16 18:54:46.472914,249,85,medium
2023-11-16 18:54:46.485036,1099,382,long
2023-11-16 18:54:47.081176,408,89,medium
2023-11-16 18:54:47.538495,1887,126,long
2023-11-16 18:54:47.602115,1093,385,long
2023-11-16 18:54:47.879702,1313,167,long
2023-11-16 18:54:48.016203,1006,383,long
2023-11-16 18:54:48.058848,194,74,medium
2023-11-16 18:54:48.112509,2360,109,long
2023-11-16 18:54:48.115594,1259,426,long
2023-11-16 18:54:48.478431,215,213,medium
2023-11-16 18:54:48.497309,1051,396,long
2023-11-16 18:54:48.786345,1175,363,long
2023-11-16 18:54:48.949996,934,104,long
2023-11-16 18:54:48.956563,203,162,medium
2023-11-16 18:54:49.038759,1067,402,long
2023-11-16 18:54:49.049317,402,91,medium
2023-11-16 18:54:49.235953,981,50,long
2023-11-16 18:54:49.342416,2024,46,long
2023-11-16 18:54:49.514553,1127,393,long
2023-11-16 18:54:49.565623,1017,396,long
2023-11-16 18:54:49.782306,981,393,long
2023-11-16 18:54:49.818861,946,394,long
2023-11-16 18:54:49.948221,1016,396,long
2023-11-16 18:54:50.020758,197,183,medium
2023-11-16 18:54:50.157767,885,95,long
2023-11-16 18:54:50.420521,1054,393,long
2023-11-16 18:54:50.803187,430,99,medium
2023-11-16 18:54:51.170008,945,388,long
2023-11-16 18:54:51.227823,1020,461,long
2023-11-16 18:54:51.515301,1323,210,long
2023-11-16 18:54:51.573795,1611,52,long
2023-11-16 18:54:51.951709,181,180,medium
2023-11-16 18:54:52.069253,1135,413,long
2023-11-16 18:54:52.211143,1038,413,long
2023-11-16 18:54:52.876374,997,394,long
2023-11-16 18:54:52.962535,196,83,medium
2023-11-16 18:54:53.335881,1095,467,long
2023-11-16 18:54:53.747165,405,85,medium
2023-11-16 18:54:54.319452,1150,396,long
2023-11-16 18:54:54.426690,1018,417,long
2023-11-16 18:54:54.476450,216,64,medium
2023-11-16 18:54:54.496236,1008,411,long
2023-11-16 18:54:54.575114,725,44,long
2023-11-16 18:54:54.674108,184,113,medium
2023-11-16 18:54:54.688705,237,14,medium
2023-11-16 18:54:55.370377,1092,537,long
2023-11-16 18:54:56.107992,25,73,short
2023-11-16 18:54:56.528775,1137,394,long
2023-11-16 18:54:56.692811,1740,91,long
2023-11-16 18:54:56.697315,963,69,long
2023-11-16 18:54:56.737535,426,93,medium
2023-11-16 18:54:56.900236,1072,482,long
2023-11-16 18:54:57.200322,197,94,medium
2023-11-16 18:54:57.354893,1273,407,long
2023-11-16 18:54:57.511097,2349,115,long
2023-11-16 18:54:58.226444,203,162,medium
2023-11-16 18:54:58.226627,234,72,medium
2023-11-16 18:54:58.525977,1039,401,long
2023-11-16 18:54:58.564325,982,392,long
2023-11-16 18:54:58.632675,1058,407,long
2023-11-16 18:54:58.953761,220,104,medium
2023-11-16 18:54:59.019513,400,98,medium
2023-11-16 18:54:59.229958,190,66,medium
2023-11-16 18:54:59.338001,216,87,medium
2023-11-16 18:54:59.529516,1234,439,long
2023-11-16 18:54:59.843116,181,296,medium
2023-11-16 18:54:59.883900,1037,411,long
2023-11-16 18:54:59.924603,1018,86,long
2023-11-16 18:55:00.063374,42,212,short
2023-11-16 18:55:00.099021,1043,388,long
2023-11-16 18:55:00.220768,1084,441,long
2023-11-16 18:55:00.236085,1087,396,long
2023-11-16 18:55:00.792026,1044,409,long
2023-11-16 18:55:01.374897,1061,445,long
2023-11-16 18:55:01.395891,1073,411,long
2023-11-16 18:55:01.408762,1206,88,long
2023-11-16 18:55:01.758320,1042,396,long
2023-11-16 18:55:01.773187,222,129,medium
2023-11-16 18:55:02.156334,2484,93,long
2023-11-16 18:55:02.223309,1024,375,long
2023-11-16 18:55:02.251899,979,82,long
2023-11-16 18:55:02.487416,1311,210,long
2023-11-16 18:55:02.883009,2330,103,long
2023-11-16 18:55:03.069365,1116,414,long
2023-11-16 18:55:03.179757,1314,166,long
2023-11-16 18:55:03.302463,396,87,medium
2023-11-16 18:55:03.817017,167,165,medium
2023-11-16 18:55:03.875053,253,89,medium
2023-11-16 18:55:03.934607,1375,56,long
2023-11-16 18:55:03.965015,3672,157,long
2023-11-16 18:55:03.975406,1123,373,long
2023-11-16 18:55:04.176488,1368,108,long
2023-11-16 18:55:04.359998,420,133,medium
2023-11-16 18:55:04.461262,417,96,medium
2023-11-16 18:55:04.646623,200,193,medium
2023-11-16 18:55:05.092170,942,101,long
2023-11-16 18:55:05.804959,211,55,medium
2023-11-16 18:55:06.092351,21,151,short
2023-11-16 18:55:06.352752,924,74,long
2023-11-16 18:55:06.485554,939,135,long
2023-11-16 18:55:06.528458,393,157,medium
2023-11-16 18:55:06.601115,181,222,medium
2023-11-16 18:55:06.609227,236,68,medium
2023-11-16 18:55:06.876003,2426,141,long
2023-11-16 18:55:07.318547,1400,45,long
2023-11-16 18:55:07.441855,1314,159,long
2023-11-16 18:55:07.560235,235,84,medium
2023-11-16 18:55:07.697901,851,71,long
2023-11-16 18:55:07.803503,1115,397,long
2023-11-16 18:55:07.878573,220,94,medium
2023-11-16 18:55:07.897261,407,97,medium
2023-11-16 18:55:07.897535,246,97,medium
2023-11-16 18:55:08.023077,89,87,short
2023-11-16 18:55:08.130312,181,90,medium
2023-11-16 18:55:08.160839,2459,130,long
2023-11-16 18:55:08.185613,994,392,long
2023-11-16 18:55:08.261719,181,221,medium
2023-11-16 18:55:08.550877,206,69,medium
2023-11-16 18:55:08.585410,223,76,medium
2023-11-16 18:55:08.749166,219,105,medium
2023-11-16 18:55:08.972136,1273,592,long
2023-11-16 18:55:08.984256,1026,411,long
2023-11-16 18:55:09.086576,1037,425,long
2023-11-16 18:55:09.439661,995,394,long
2023-11-16 18:55:09.662974,977,385,long
2023-11-16 18:55:09.731094,200,183,medium
2023-11-16 18:55:09.792201,237,14,medium
2023-11-16 18:55:09.985173,1456,417,long
2023-11-16 18:55:10.019030,402,99,medium
2023-11-16 18:55:10.078146,203,152,medium
2023-11-16 18:55:10.259833,410,134,medium
2023-11-16 18:55:10.363137,181,94,medium
2023-11-16 18:55:10.495627,1079,376,long
2023-11-16 18:55:10.516544,682,34,long
2023-11-16 18:55:10.652896,197,85,medium
2023-11-16 18:55:10.765924,203,85,medium
2023-11-16 18:55:10.782676,1064,428,long
2023-11-16 18:55:12.152731,1185,132,long
2023-11-16 18:55:12.281310,1135,396,long
2023-11-16 18:55:12.323657,1208,415,long
2023-11-16 18:55:12.442391,237,14,medium
2023-11-16 18:55:12.595312,1209,396,long
2023-11-16 18:55:12.673358,1546,121,long
2023-11-16 18:55:12.901062,213,128,medium
2023-11-16 18:55:13.213937,220,94,medium
2023-11-16 18:55:13.302732,1465,42,long
2023-11-16 18:55:13.560327,222,70,medium
2023-11-16 18:55:13.854062,1654,90,long
2023-11-16 18:55:13.866596,894,117,long
2023-11-16 18:55:14.229191,209,179,medium
2023-11-16 18:55:14.840581,1261,408,long
2023-11-16 18:55:15.865713,3470,53,long
2023-11-16 18:55:16.145624,388,85,medium
2023-11-16 18:55:16.654107,1088,103,long
2023-11-16 18:55:16.680916,1038,388,long
2023-11-16 18:55:16.705180,206,161,medium
2023-11-16 18:55:16.789977,1076,411,long
2023-11-16 18:55:16.888943,991,452,long
2023-11-16 18:55:17.050730,218,66,medium
2023-11-16 18:55:17.059339,1069,518,long
2023-11-16 18:55:17.335890,426,101,medium
2023-11-16 18:55:17.340804,1005,654,long
2023-11-16 18:55:18.459417,1181,407,long
2023-11-16 18:55:18.764117,1188,93,long
2023-11-16 18:55:18.886183,985,390,long
2023-11-16 18:55:19.215583,422,123,medium
2023-11-16 18:55:19.443887,1245,106,long
2023-11-16 18:55:19.556940,403,82,medium
2023-11-16 18:55:19.773719,1094,396,long
2023-11-16 18:55:20.207873,1315,168,long
2023-11-16 18:55:20.563712,982,375,long
2023-11-16 18:55:20.694193,236,88,medium
2023-11-16 18:55:20.787089,391,116,medium
2023-11-16 18:55:20.821537,1047,440,long
2023-11-16 18:55:20.933806,1100,393,long
2023-11-16 18:55:21.109728,1071,618,long
2023-11-16 18:55:21.243576,989,411,long
2023-11-16 18:55:21.421553,1137,428,long
2023-11-16 18:55:21.522012,253,84,medium
2023-11-16 18:55:21.625538,1313,218,long
2023-11-16 18:55:21.674502,1114,417,long
2023-11-16 18:55:21.775088,410,120,medium
2023-11-16 18:55:22.530095,1036,453,long
2023-11-16 18:55:22.600220,1288,131,long
2023-11-16 18:55:23.309037,200,183,medium
2023-11-16 18:55:23.659130,1088,568,long
2023-11-16 18:55:24.308117,315,18,medium
2023-11-16 18:55:24.435132,200,104,medium
2023-11-16 18:55:24.471631,1947,92,long
2023-11-16 18:55:25.246753,212,90,medium
2023-11-16 18:55:25.260281,3249,162,long
2023-11-16 18:55:25.362772,198,57,medium
2023-11-16 18:55:25.457187,200,91,medium
2023-11-16 18:55:25.666124,1068,521,long
2023-11-16 18:55:25.711355,184,103,medium
2023-11-16 18:55:25.728115,1016,366,long
2023-11-16 18:55:26.088124,23,105,short
2023-11-16 18:55:26.235862,1042,396,long
2023-11-16 18:55:26.342730,1183,410,long
2023-11-16 18:55:26.387376,1014,389,long
2023-11-16 18:55:26.406682,1877,94,long
2023-11-16 18:55:26.649988,181,88,medium
2023-11-16 18:55:26.729564,209,162,medium
2023-11-16 18:55:26.834913,225,86,medium
2023-11-16 18:55:27.402867,1112,417,long
2023-11-16 18:55:27.473176,1074,423,long
2023-11-16 18:55:27.922610,798,136,long
2023-11-16 18:55:28.396727,415,122,medium
2023-11-16 18:55:28.524604,395,84,medium
2023-11-16 18:55:28.626383,1077,414,long
2023-11-16 18:55:28.781805,1058,434,long
2023-11-16 18:55:28.793456,219,77,medium
2023-11-16 18:55:28.818127,203,183,medium
2023-11-16 18:55:28.944229,1070,447,long
2023-11-16 18:55:29.185534,302,18,medium
2023-11-16 18:55:29.480973,391,153,medium
2023-11-16 18:55:29.665155,1626,99,long
2023-11-16 18:55:29.774659,3929,107,long
2023-11-16 18:55:29.824255,1315,153,long
2023-11-16 18:55:29.824788,957,83,long
2023-11-16 18:55:30.054937,209,160,medium
2023-11-16 18:55:30.206090,1111,407,long
2023-11-16 18:55:30.348678,1976,102,long
2023-11-16 18:55:30.593970,181,171,medium
2023-11-16 18:55:30.845957,181,169,medium
2023-11-16 18:55:31.057562,1143,457,long
2023-11-16 18:55:31.089031,1089,514,long
2023-11-16 18:55:31.209489,193,121,medium
2023-11-16 18:55:31.384910,388,102,medium
2023-11-16 18:55:31.450130,1079,429,long
2023-11-16 18:55:31.554053,407,104,medium
2023-11-16 18:55:31.851169,2584,125,long
2023-11-16 18:55:32.134764,1051,537,long
2023-11-16 18:55:32.166079,404,93,medium
2023-11-16 18:55:32.376144,1009,398,long
2023-11-16 18:55:32.376322,206,101,medium
2023-11-16 18:55:32.604835,184,89,medium
2023-11-16 18:55:32.925386,2977,74,long
2023-11-16 18:55:32.927240,2611,70,long
2023-11-16 18:55:32.950167,1041,391,long
2023-11-16 18:55:33.291283,400,102,medium
2023-11-16 18:55:34.022957,1544,65,long
2023-11-16 18:55:34.194664,40,132,short
2023-11-16 18:55:34.402596,1289,56,long
2023-11-16 18:55:34.508570,1061,378,long
2023-11-16 18:55:34.651357,1079,387,long
2023-11-16 18:55:35.066939,957,60,long
2023-11-16 18:55:35.113913,181,199,medium
2023-11-16 18:55:35.537797,1136,519,long
2023-11-16 18:55:35.834677,196,57,medium
2023-11-16 18:55:35.860989,1037,388,long
2023-11-16 18:55:36.298699,205,61,medium
2023-11-16 18:55:36.587371,223,75,medium
2023-11-16 18:55:36.726482,195,119,medium
2023-11-16 18:55:36.738924,1189,76,long
2023-11-16 18:55:36.827146,397,112,medium
2023-11-16 18:55:36.908099,206,217,medium
2023-11-16 18:55:37.204892,18,154,short
2023-11-16 18:55:37.257014,1185,395,long
2023-11-16 18:55:37.300971,396,96,medium
2023-11-16 18:55:37.359374,181,221,medium
2023-11-16 18:55:37.366768,1117,395,long
2023-11-16 18:55:37.513907,1303,423,long
2023-11-16 18:55:37.585151,3069,155,long
2023-11-16 18:55:37.720930,239,14,medium
2023-11-16 18:55:37.967602,202,80,medium
2023-11-16 18:55:38.004094,1051,422,long
2023-11-16 18:55:38.054685,2546,65,long
2023-11-16 18:55:38.224280,223,115,medium
2023-11-16 18:55:38.224886,1085,395,long
2023-11-16 18:55:38.278875,197,217,medium
2023-11-16 18:55:38.345212,393,97,medium
2023-11-16 18:55:38.774818,388,96,medium
2023-11-16 18:55:39.002853,1172,429,long
2023-11-16 18:55:39.213387,848,79,long
2023-11-16 18:55:39.232923,1114,375,long
2023-11-16 18:55:39.446689,401,97,medium
2023-11-16 18:55:39.608429,1451,89,long
2023-11-16 18:55:39.619348,404,121,medium
2023-11-16 18:55:39.937446,120,12,short
2023-11-16 18:55:39.971421,1049,414,long
2023-11-16 18:55:40.000397,1181,384,long
2023-11-16 18:55:40.177533,1129,404,long
2023-11-16 18:55:40.293605,1108,407,long
2023-11-16 18:55:40.353123,371,77,medium
2023-11-16 18:55:40.770625,197,82,medium
2023-11-16 18:55:40.906152,1051,433,long
2023-11-16 18:55:41.408207,1044,366,long
2023-11-16 18:55:41.680744,1067,384,long
2023-11-16 18:55:41.793898,1135,92,long
2023-11-16 18:55:41.962580,471,158,medium
2023-11-16 18:55:41.962895,2040,72,long
2023-11-16 18:55:42.124361,1026,429,long
2023-11-16 18:55:42.379495,1083,398,long
2023-11-16 18:55:42.499922,1043,396,long
2023-11-16 18:55:43.109896,2134,105,long
2023-11-16 18:55:43.120418,885,107,long
2023-11-16 18:55:43.204759,1549,61,long
2023-11-16 18:55:43.454665,1313,151,long
2023-11-16 18:55:43.468780,200,144,medium
2023-11-16 18:55:43.535129,197,164,medium
2023-11-16 18:55:43.905217,1047,520,long
2023-11-16 18:55:44.051960,300,18,medium
2023-11-16 18:55:44.370188,1135,502,long
2023-11-16 18:55:44.648108,1319,171,long
2023-11-16 18:55:44.690515,416,103,medium
2023-11-16 18:55:44.790150,213,69,medium
2023-11-16 18:55:45.590213,1055,406,long
2023-11-16 18:55:45.833250,1119,397,long
2023-11-16 18:55:45.898014,1066,416,long
2023-11-16 18:55:45.921518,203,152,medium
2023-11-16 18:55:45.997260,1131,410,long
2023-11-16 18:55:46.000321,90,20,short
2023-11-16 18:55:46.109384,216,67,medium
2023-11-16 18:55:46.505631,195,59,medium
2023-11-16 18:55:46.520889,957,127,long
2023-11-16 18:55:46.645220,1086,411,long
2023-11-16 18:55:46.891856,987,445,long
2023-11-16 18:55:46.908168,1788,58,long
2023-11-16 18:55:47.069436,182,86,medium
2023-11-16 18:55:47.197543,229,97,medium
2023-11-16 18:55:47.259134,884,133,long
2023-11-16 18:55:47.562475,1532,43,long
2023-11-16 18:55:47.620263,1043,462,long
2023-11-16 18:55:47.755048,1265,409,long
2023-11-16 18:55:48.242033,1071,392,long
2023-11-16 18:55:48.305935,1179,399,long
2023-11-16 18:55:48.721517,1136,421,long
2023-11-16 18:55:48.730512,1424,82,long
2023-11-16 18:55:48.877047,994,496,long
2023-11-16 18:55:49.077083,196,86,medium
2023-11-16 18:55:49.491511,733,60,long
2023-11-16 18:55:49.567507,587,120,long
2023-11-16 18:55:49.972496,1056,398,long
2023-11-16 18:55:50.060296,397,107,medium
2023-11-16 18:55:50.070388,413,107,medium
2023-11-16 18:55:50.268625,227,60,medium
2023-11-16 18:55:50.314748,1055,412,long
2023-11-16 18:55:50.459688,1026,398,long
2023-11-16 18:55:50.604160,1113,403,long
2023-11-16 18:55:51.134137,1117,417,long
2023-11-16 18:55:51.262015,395,103,medium
2023-11-16 18:55:51.611063,1061,430,long
2023-11-16 18:55:51.664306,406,94,medium
2023-11-16 18:55:51.666273,229,79,medium
2023-11-16 18:55:51.756907,458,141,medium
2023-11-16 18:55:52.231658,2628,84,long
2023-11-16 18:55:52.288666,396,83,medium
2023-11-16 18:55:52.530159,222,59,medium
2023-11-16 18:55:52.549439,1143,394,long
2023-11-16 18:55:52.618802,1039,397,long
2023-11-16 18:55:52.623039,754,40,long
2023-11-16 18:55:52.668533,39,237,short
2023-11-16 18:55:52.680229,1099,401,long
2023-11-16 18:55:52.849954,220,99,medium
2023-11-16 18:55:52.990766,1119,394,long
2023-11-16 18:55:53.076964,1119,446,long
2023-11-16 18:55:53.110866,865,81,long
2023-11-16 18:55:53.376875,1108,418,long
2023-11-16 18:55:54.315188,181,179,medium
2023-11-16 18:55:55.689130,1149,45,long
2023-11-16 18:55:56.140209,1034,383,long
2023-11-16 18:55:56.317712,1152,503,long
2023-11-16 18:55:56.664792,1024,614,long
2023-11-16 18:55:56.900542,181,280,medium
2023-11-16 18:55:56.911759,198,89,medium
2023-11-16 18:55:57.101504,1309,56,long
2023-11-16 18:55:57.311888,1156,643,long
2023-11-16 18:55:57.382515,396,85,medium
2023-11-16 18:55:57.436185,1469,62,long
2023-11-16 18:55:57.493797,395,80,medium
2023-11-16 18:55:57.607032,1030,37,long
2023-11-16 18:55:57.668666,240,86,medium
2023-11-16 18:55:57.713064,992,110,long
2023-11-16 18:55:57.774637,2478,49,long
2023-11-16 18:55:57.791266,1205,89,long
2023-11-16 18:55:57.870861,1075,405,long
2023-11-16 18:55:57.872066,3364,147,long
2023-11-16 18:55:57.973672,120,12,short
2023-11-16 18:55:58.102812,405,153,medium
2023-11-16 18:55:58.281808,1059,429,long
2023-11-16 18:55:58.395750,1249,445,long
2023-11-16 18:55:58.476975,28,157,short
2023-11-16 18:55:58.873495,206,179,medium
2023-11-16 18:55:59.020133,1072,373,long
2023-11-16 18:55:59.133215,1109,412,long
2023-11-16 18:55:59.152752,1005,91,long
2023-11-16 18:55:59.340007,458,109,medium
2023-11-16 18:55:59.455536,200,194,medium
2023-11-16 18:56:00.282285,1092,375,long
2023-11-16 18:56:00.462405,401,84,medium
2023-11-16 18:56:00.654556,1080,407,long
2023-11-16 18:56:00.761416,1082,379,long
2023-11-16 18:56:00.762555,120,12,short
2023-11-16 18:56:00.860677,169,90,medium
2023-11-16 18:56:00.909600,249,88,medium
2023-11-16 18:56:00.926687,237,14,medium
2023-11-16 18:56:01.093136,1164,441,long
2023-11-16 18:56:01.478134,899,88,long
2023-11-16 18:56:01.872185,4184,59,long
2023-11-16 18:56:02.008962,181,268,medium
2023-11-16 18:56:02.471716,401,82,medium
2023-11-16 18:56:03.138722,1016,622,long
2023-11-16 18:56:03.155424,230,80,medium
2023-11-16 18:56:03.287019,1172,595,long
2023-11-16 18:56:03.401615,209,59,medium
2023-11-16 18:56:03.538449,313,18,medium
2023-11-16 18:56:03.545429,1055,402,long
2023-11-16 18:56:03.648557,1313,152,long
2023-11-16 18:56:03.695056,1195,388,long
2023-11-16 18:56:03.850584,1009,388,long
2023-11-16 18:56:03.887802,1118,383,long
2023-11-16 18:56:04.019830,402,86,medium
2023-11-16 18:56:04.125529,395,89,medium
2023-11-16 18:56:04.171927,2677,92,long
2023-11-16 18:56:04.187269,400,101,medium
2023-11-16 18:56:04.328122,245,78,medium
2023-11-16 18:56:04.552282,1266,381,long
2023-11-16 18:56:04.605894,1130,531,long
2023-11-16 18:56:04.886424,1059,487,long
2023-11-16 18:56:05.015198,418,102,medium
2023-11-16 18:56:05.015926,420,72,medium
2023-11-16 18:56:05.759576,229,48,medium
2023-11-16 18:56:05.961206,311,18,medium
2023-11-16 18:56:06.272233,189,113,medium
2023-11-16 18:56:06.431356,181,87,medium
2023-11-16 18:56:06.585747,1048,483,long
2023-11-16 18:56:06.637628,229,89,medium
2023-11-16 18:56:06.647417,1047,520,long
2023-11-16 18:56:06.669244,1254,404,long
2023-11-16 18:56:06.741839,1064,400,long
2023-11-16 18:56:06.754749,1066,406,long
2023-11-16 18:56:06.991443,4090,41,long
2023-11-16 18:56:07.203963,56,230,short
2023-11-16 18:56:07.233851,401,87,medium
2023-11-16 18:56:07.239108,1252,482,long
2023-11-16 18:56:07.252694,2102,101,long
2023-11-16 18:56:07.323469,206,211,medium
2023-11-16 18:56:07.384869,190,64,medium
2023-11-16 18:56:07.425971,1055,431,long
2023-11-16 18:56:07.441699,1079,420,long
2023-11-16 18:56:07.521446,2002,80,long
2023-11-16 18:56:07.804913,1332,409,long
2023-11-16 18:56:08.255325,1080,419,long
2023-11-16 18:56:08.276880,1062,386,long
2023-11-16 18:56:08.941821,1252,404,long
2023-11-16 18:56:09.373096,1128,523,long
2023-11-16 18:56:09.453705,1058,431,long
2023-11-16 18:56:09.566022,1023,397,long
2023-11-16 18:56:09.611372,239,14,medium
2023-11-16 18:56:09.676265,1151,517,long
2023-11-16 18:56:09.734746,2221,102,long
2023-11-16 18:56:09.751382,1001,398,long
2023-11-16 18:56:10.115717,1009,415,long
2023-11-16 18:56:10.896505,181,141,medium
2023-11-16 18:56:11.171451,3291,71,long
2023-11-16 18:56:11.715676,1119,410,long
2023-11-16 18:56:11.838677,955,48,long
2023-11-16 18:56:11.951883,742,54,long
2023-11-16 18:56:12.081159,98,132,short
2023-11-16 18:56:12.164685,983,90,long
2023-11-16 18:56:12.824851,1079,433,long
2023-11-16 18:56:12.826285,201,89,medium
2023-11-16 18:56:12.839561,397,85,medium
2023-11-16 18:56:12.840454,422,115,medium
2023-11-16 18:56:12.920984,1015,379,long
2023-11-16 18:56:13.248733,392,75,medium
2023-11-16 18:56:13.504441,209,217,medium
2023-11-16 18:56:13.546574,722,95,long
2023-11-16 18:56:13.748787,181,113,medium
2023-11-16 18:56:13.979767,400,93,medium
2023-11-16 18:56:13.984849,1047,414,long
2023-11-16 18:56:14.026374,1319,170,long
2023-11-16 18:56:14.118885,211,73,medium
2023-11-16 18:56:14.150753,181,133,medium
2023-11-16 18:56:14.236744,187,72,medium
2023-11-16 18:56:14.347131,994,392,long
2023-11-16 18:56:14.596870,1230,386,long
2023-11-16 18:56:14.690825,1399,88,long
2023-11-16 18:56:14.919510,200,167,medium
2023-11-16 18:56:15.553930,408,96,medium
2023-11-16 18:56:15.826876,1158,396,long
2023-11-16 18:56:15.991642,2584,167,long
2023-11-16 18:56:15.995998,242,14,medium
2023-11-16 18:56:16.003984,1009,410,long
2023-11-16 18:56:16.272603,1027,402,long
2023-11-16 18:56:16.372837,197,162,medium
2023-11-16 18:56:16.391509,207,94,medium
2023-11-16 18:56:16.450904,1229,938,long
2023-11-16 18:56:16.915793,3164,69,long
2023-11-16 18:56:17.254435,1122,395,long
2023-11-16 18:56:17.554862,1143,427,long
2023-11-16 18:56:17.653116,1303,533,long
2023-11-16 18:56:18.762679,1102,385,long
2023-11-16 18:56:18.933732,223,102,medium
2023-11-16 18:56:19.244879,218,77,medium
2023-11-16 18:56:19.517629,197,144,medium
2023-11-16 18:56:19.606022,174,79,medium
2023-11-16 18:56:19.708936,215,74,medium
2023-11-16 18:56:19.954200,214,70,medium
2023-11-16 18:56:20.115166,1166,40,long
2023-11-16 18:56:20.249743,202,115,medium
2023-11-16 18:56:20.366765,401,170,medium
2023-11-16 18:56:20.500054,1366,96,long
2023-11-16 18:56:20.804785,202,87,medium
2023-11-16 18:56:21.125439,1085,396,long
2023-11-16 18:56:22.061064,1359,54,long
2023-11-16 18:56:22.073265,406,90,medium
2023-11-16 18:56:22.341187,252,94,medium
2023-11-16 18:56:23.149847,1312,162,long
2023-11-16 18:56:23.232147,1111,446,long
2023-11-16 18:56:23.552797,214,75,medium
2023-11-16 18:56:23.673994,391,93,medium
2023-11-16 18:56:23.992329,181,180,medium
2023-11-16 18:56:24.047595,2444,28,long
2023-11-16 18:56:24.346333,200,183,medium
2023-11-16 18:56:24.535444,1073,415,long
2023-11-16 18:56:24.655319,424,142,medium
2023-11-16 18:56:24.993945,32,112,short
2023-11-16 18:56:25.048034,4828,118,long
2023-11-16 18:56:25.399630,181,88,medium
2023-11-16 18:56:25.730166,241,120,medium
2023-11-16 18:56:25.788205,203,93,medium
2023-11-16 18:56:25.942274,1115,611,long
2023-11-16 18:56:25.999383,200,181,medium
2023-11-16 18:56:26.216656,399,98,medium
2023-11-16 18:56:26.307862,1085,396,long
2023-11-16 18:56:26.339675,202,107,medium
2023-11-16 18:56:26.804175,1854,72,long
2023-11-16 18:56:26.990272,1313,177,long
2023-11-16 18:56:27.003620,1315,415,long
2023-11-16 18:56:27.137124,1154,506,long
2023-11-16 18:56:27.320040,407,81,medium
2023-11-16 18:56:27.471135,948,80,long
2023-11-16 18:56:27.790126,1153,394,long
2023-11-16 18:56:28.119355,1265,433,long
2023-11-16 18:56:28.217172,195,95,medium
2023-11-16 18:56:28.267924,203,162,medium
2023-11-16 18:56:28.320699,404,93,medium
2023-11-16 18:56:28.607119,1314,206,long
2023-11-16 18:56:29.033564,1033,399,long
2023-11-16 18:56:29.328779,1049,404,long
2023-11-16 18:56:29.341282,207,115,medium
2023-11-16 18:56:29.481341,17,81,short
2023-11-16 18:56:29.812808,384,66,medium
2023-11-16 18:56:30.062878,1113,384,long
2023-11-16 18:56:30.088307,3413,88,long
2023-11-16 18:56:30.349427,220,118,medium
2023-11-16 18:56:30.377148,203,207,medium
2023-11-16 18:56:30.928710,1129,406,long
2023-11-16 18:56:30.989895,185,67,medium
2023-11-16 18:56:31.019639,1992,59,long
2023-11-16 18:56:31.446221,1090,388,long
2023-11-16 18:56:31.615977,213,110,medium
2023-11-16 18:56:31.742468,419,91,medium
2023-11-16 18:56:31.863990,957,44,long
2023-11-16 18:56:31.953039,1314,166,long
2023-11-16 18:56:32.031321,197,87,medium
2023-11-16 18:56:32.123587,385,102,medium
2023-11-16 18:56:32.269044,1479,134,long
2023-11-16 18:56:32.406586,1110,468,long
2023-11-16 18:56:32.661164,2020,151,long
2023-11-16 18:56:32.836362,1155,551,long
2023-11-16 18:56:32.932606,2606,87,long
2023-11-16 18:56:33.239976,1132,414,long
2023-11-16 18:56:34.123041,2506,107,long
2023-11-16 18:56:34.241507,181,73,medium
2023-11-16 18:56:34.309189,220,138,medium
2023-11-16 18:56:34.315960,225,59,medium
2023-11-16 18:56:34.337363,182,106,medium
2023-11-16 18:56:34.699089,1116,444,long
2023-11-16 18:56:34.712897,228,59,medium
2023-11-16 18:56:34.772671,1071,450,long
2023-11-16 18:56:35.133957,231,81,medium
2023-11-16 18:56:35.177816,197,52,medium
2023-11-16 18:56:35.607936,212,217,medium
2023-11-16 18:56:35.672740,1590,76,long
2023-11-16 18:56:35.702801,204,85,medium
2023-11-16 18:56:35.803051,181,145,medium
2023-11-16 18:56:35.904745,208,57,medium
2023-11-16 18:56:36.055646,405,88,medium
2023-11-16 18:56:36.289544,400,86,medium
2023-11-16 18:56:36.295077,2177,71,long
2023-11-16 18:56:36.304308,2070,102,long
2023-11-16 18:56:36.357033,44,103,short
2023-11-16 18:56:36.478964,1094,425,long
2023-11-16 18:56:36.599658,203,167,medium
2023-11-16 18:56:36.869129,543,84,long
2023-11-16 18:56:37.081877,230,49,medium
2023-11-16 18:56:37.123246,7,116,short
2023-11-16 18:56:37.470408,1117,397,long
2023-11-16 18:56:37.559343,1256,386,long
2023-11-16 18:56:37.595599,1046,410,long
2023-11-16 18:56:37.638149,1035,616,long
2023-11-16 18:56:38.131787,1119,414,long
2023-11-16 18:56:38.194485,1186,409,long
2023-11-16 18:56:38.552198,1060,420,long
2023-11-16 18:56:38.936621,417,90,medium
2023-11-16 18:56:39.103013,411,104,medium
2023-11-16 18:56:39.162262,191,161,medium
2023-11-16 18:56:39.168540,996,536,long
2023-11-16 18:56:39.603593,1128,396,long
2023-11-16 18:56:39.797909,331,18,medium
2023-11-16 18:56:39.824303,1047,402,long
2023-11-16 18:56:39.851363,181,121,medium
2023-11-16 18:56:39.862035,208,101,medium
2023-11-16 18:56:39.997138,869,108,long
2023-11-16 18:56:40.242089,427,89,medium
2023-11-16 18:56:40.261591,887,86,long
2023-11-16 18:56:40.431510,194,92,medium
2023-11-16 18:56:40.662781,127,96,short
2023-11-16 18:56:40.983979,234,58,medium
2023-11-16 18:56:41.036300,420,110,medium
2023-11-16 18:56:41.260691,401,92,medium
2023-11-16 18:56:41.449788,1005,415,long
2023-11-16 18:56:41.492167,181,106,medium
2023-11-16 18:56:41.999448,1061,441,long
2023-11-16 18:56:42.038412,1211,413,long
2023-11-16 18:56:42.324314,1167,447,long
2023-11-16 18:56:42.539755,1100,455,long
2023-11-16 18:56:42.555322,404,146,medium
2023-11-16 18:56:42.592140,200,179,medium
2023-11-16 18:56:42.709658,396,101,medium
2023-11-16 18:56:43.028321,165,192,medium
2023-11-16 18:56:43.598913,393,92,medium
2023-11-16 18:56:43.734960,400,104,medium
2023-11-16 18:56:43.898401,1065,391,long
2023-11-16 18:56:44.005652,1063,405,long
2023-11-16 18:56:44.253139,1093,420,long
2023-11-16 18:56:44.544971,1115,398,long
2023-11-16 18:56:44.636995,647,114,long
2023-11-16 18:56:44.803733,200,102,medium
2023-11-16 18:56:44.880342,1105,444,long
2023-11-16 18:56:44.881966,181,112,medium
2023-11-16 18:56:44.952639,231,90,medium
2023-11-16 18:56:44.960227,1877,108,long
2023-11-16 18:56:45.063075,966,502,long
2023-11-16 18:56:45.300128,1352,49,long
2023-11-16 18:56:45.305481,393,92,medium
2023-11-16 18:56:45.359841,1005,78,long
2023-11-16 18:56:45.437885,1090,395,long
2023-11-16 18:56:45.493105,236,79,medium
2023-11-16 18:56:45.518698,1003,444,long
2023-11-16 18:56:45.666079,1317,200,long
2023-11-16 18:56:45.882722,1107,434,long
2023-11-16 18:56:46.001287,391,125,medium
2023-11-16 18:56:46.256234,1050,386,long
2023-11-16 18:56:46.536255,338,83,medium
2023-11-16 18:56:46.597065,1081,400,long
2023-11-16 18:56:46.597432,1603,91,long
2023-11-16 18:56:47.024862,2040,100,long
2023-11-16 18:56:47.602985,216,133,medium
2023-11-16 18:56:47.813531,1053,449,long
2023-11-16 18:56:48.268320,1120,433,long
2023-11-16 18:56:48.374100,480,96,medium
2023-11-16 18:56:48.409525,194,90,medium
2023-11-16 18:56:48.849446,1081,411,long
2023-11-16 18:56:48.994793,192,76,medium
2023-11-16 18:56:49.021595,1103,417,long
2023-11-16 18:56:49.056127,2470,66,long
2023-11-16 18:56:49.098990,220,99,medium
2023-11-16 18:56:49.223775,1313,177,long
2023-11-16 18:56:49.288363,1326,413,long
2023-11-16 18:56:49.371880,208,78,medium
2023-11-16 18:56:49.476191,1318,191,long
2023-11-16 18:56:49.477139,1122,384,long
2023-11-16 18:56:49.491453,104,73,short
2023-11-16 18:56:49.750691,994,374,long
2023-11-16 18:56:49.816508,204,52,medium
2023-11-16 18:56:50.409830,2136,70,long
2023-11-16 18:56:50.421287,396,100,medium
2023-11-16 18:56:50.470002,239,95,medium
2023-11-16 18:56:50.517663,433,92,medium
2023-11-16 18:56:50.556345,1119,370,long
2023-11-16 18:56:50.589449,196,89,medium
2023-11-16 18:56:50.967280,207,92,medium
2023-11-16 18:56:51.001817,197,217,medium
2023-11-16 18:56:51.279442,200,80,medium
2023-11-16 18:56:51.611330,184,83,medium
2023-11-16 18:56:51.832909,1320,155,long
2023-11-16 18:56:51.854285,1126,484,long
2023-11-16 18:56:51.931943,228,82,medium
2023-11-16 18:56:52.139200,119,12,short
2023-11-16 18:56:52.339131,408,200,medium
2023-11-16 18:56:52.431534,1107,396,long
2023-11-16 18:56:52.539950,197,67,medium
2023-11-16 18:56:52.614174,997,118,long
2023-11-16 18:56:52.624854,395,93,medium
2023-11-16 18:56:52.831746,4380,47,long
2023-11-16 18:56:52.865120,214,84,medium
2023-11-16 18:56:53.042321,30,116,short
2023-11-16 18:56:53.069856,2312,130,long
2023-11-16 18:56:53.539113,230,68,medium
2023-11-16 18:56:53.703497,1226,404,long
2023-11-16 18:56:53.708038,670,90,long
2023-11-16 18:56:53.982567,181,90,medium
2023-11-16 18:56:54.027812,1028,428,long
2023-11-16 18:56:54.505608,1036,393,long
2023-11-16 18:56:54.585627,206,217,medium
2023-11-16 18:56:54.886417,402,137,medium
2023-11-16 18:56:54.953555,197,65,medium
2023-11-16 18:56:55.386820,827,80,long
2023-11-16 18:56:55.600923,194,112,medium
2023-11-16 18:56:55.701018,1058,379,long
2023-11-16 18:56:55.772760,1320,196,long
2023-11-16 18:56:55.791524,1325,182,long
2023-11-16 18:56:55.932680,1288,404,long
2023-11-16 18:56:56.188364,1035,429,long
2023-11-16 18:56:56.411101,1310,375,long
2023-11-16 18:56:56.411203,202,96,medium
2023-11-16 18:56:56.965882,1116,428,long
2023-11-16 18:56:57.031688,1427,83,long
2023-11-16 18:56:57.032581,2345,74,long
2023-11-16 18:56:57.276530,11,61,short
2023-11-16 18:56:57.372938,209,101,medium
2023-11-16 18:56:57.537986,401,84,medium
2023-11-16 18:56:58.029981,1136,62,long
2023-11-16 18:56:58.081881,395,127,medium
2023-11-16 18:56:58.111396,19,86,short
2023-11-16 18:56:58.265497,990,546,long
2023-11-16 18:56:58.355145,1082,427,long
2023-11-16 18:56:58.693845,246,108,medium
2023-11-16 18:56:58.737214,185,76,medium
2023-11-16 18:56:58.757973,210,111,medium
2023-11-16 18:56:58.843135,1095,490,long
2023-11-16 18:56:59.242377,914,86,long
2023-11-16 18:56:59.337165,203,88,medium
2023-11-16 18:56:59.514394,208,100,medium
2023-11-16 18:56:59.528426,996,389,long
2023-11-16 18:56:59.651945,181,158,medium
2023-11-16 18:56:59.791459,205,76,medium
2023-11-16 18:56:59.804886,1350,163,long
2023-11-16 18:56:59.907117,1033,382,long
2023-11-16 18:57:00.143884,401,97,medium
2023-11-16 18:57:00.309158,393,93,medium
2023-11-16 18:57:00.373972,403,133,medium
2023-11-16 18:57:00.658702,1048,396,long
2023-11-16 18:57:00.806233,3955,106,long
2023-11-16 18:57:00.966477,1321,63,long
2023-11-16 18:57:00.966703,1073,440,long
2023-11-16 18:57:01.090853,389,123,medium
2023-11-16 18:57:01.106179,1053,432,long
2023-11-16 18:57:01.106186,223,86,medium
2023-11-16 18:57:01.564586,230,69,medium
2023-11-16 18:57:01.634400,203,91,medium
2023-11-16 18:57:01.756001,458,200,medium
2023-11-16 18:57:01.828696,2268,89,long
2023-11-16 18:57:02.264504,395,94,medium
2023-11-16 18:57:02.286097,437,74,medium
2023-11-16 18:57:02.372085,393,109,medium
2023-11-16 18:57:02.372155,210,80,medium
2023-11-16 18:57:02.456032,867,31,long
2023-11-16 18:57:02.477803,2351,147,long
2023-11-16 18:57:02.789991,413,99,medium
2023-11-16 18:57:03.052913,402,107,medium
2023-11-16 18:57:03.144888,459,334,medium
2023-11-16 18:57:03.270324,1078,390,long
2023-11-16 18:57:03.321339,208,63,medium
2023-11-16 18:57:03.391318,225,44,medium
2023-11-16 18:57:03.536435,402,111,medium
2023-11-16 18:57:03.813809,45,86,short
2023-11-16 18:57:03.838050,393,128,medium
2023-11-16 18:57:03.884756,1145,404,long
2023-11-16 18:57:03.886436,181,147,medium
2023-11-16 18:57:03.886750,1057,442,long
2023-11-16 18:57:03.953094,1058,470,long
2023-11-16 18:57:03.989457,218,89,medium
2023-11-16 18:57:04.053706,1313,440,long
2023-11-16 18:57:04.065270,201,91,medium
2023-11-16 18:57:04.363774,1018,422,long
2023-11-16 18:57:04.675201,210,87,medium
2023-11-16 18:57:05.780733,1332,73,long
2023-11-16 18:57:05.783633,1593,109,long
2023-11-16 18:57:06.057046,391,100,medium
2023-11-16 18:57:06.315460,428,128,medium
2023-11-16 18:57:06.998057,203,217,medium
2023-11-16 18:57:07.394150,1118,400,long
2023-11-16 18:57:07.566778,217,75,medium
2023-11-16 18:57:07.596403,224,51,medium
2023-11-16 18:57:07.945881,1091,398,long
2023-11-16 18:57:08.005383,399,95,medium
2023-11-16 18:57:08.091934,1476,168,long
2023-11-16 18:57:08.220291,2136,129,long
2023-11-16 18:57:08.342637,220,97,medium
2023-11-16 18:57:08.498964,12,77,short
2023-11-16 18:57:08.643537,209,217,medium
2023-11-16 18:57:08.831586,1240,414,long
2023-11-16 18:57:08.862720,1069,411,long
2023-11-16 18:57:09.034045,1066,509,long
2023-11-16 18:57:09.122086,1317,247,long
2023-11-16 18:57:09.470665,223,58,medium
2023-11-16 18:57:09.565918,1165,396,long
2023-11-16 18:57:09.878231,62,113,short
2023-11-16 18:57:10.024474,396,169,medium
2023-11-16 18:57:10.294272,213,131,medium
2023-11-16 18:57:10.892745,211,111,medium
2023-11-16 18:57:11.088806,1106,395,long
2023-11-16 18:57:11.246577,1315,139,long
2023-11-16 18:57:11.278408,2134,52,long
2023-11-16 18:57:11.527505,992,443,long
2023-11-16 18:57:11.600670,234,85,medium
2023-11-16 18:57:11.983860,972,89,long
2023-11-16 18:57:12.044404,399,95,medium
2023-11-16 18:57:12.110920,31,70,short
2023-11-16 18:57:12.447636,232,71,medium
2023-11-16 18:57:12.675687,2799,112,long
2023-11-16 18:57:12.715408,392,92,medium
2023-11-16 18:57:12.875324,1072,455,long
2023-11-16 18:57:12.919598,1329,93,long
2023-11-16 18:57:13.000341,914,99,long
2023-11-16 18:57:13.000348,172,98,medium
2023-11-16 18:57:13.035573,250,81,medium
2023-11-16 18:57:13.521283,1088,420,long
2023-11-16 18:57:13.542551,2050,95,long
2023-11-16 18:57:13.744028,1206,116,long
2023-11-16 18:57:13.862070,402,76,medium
2023-11-16 18:57:13.981318,2608,72,long
2023-11-16 18:57:14.281065,1113,396,long
2023-11-16 18:57:14.330402,394,93,medium
2023-11-16 18:57:14.330772,1072,646,long
2023-11-16 18:57:14.438619,407,88,medium
2023-11-16 18:57:14.442694,405,137,medium
2023-11-16 18:57:14.616548,209,179,medium
2023-11-16 18:57:14.671015,939,117,long
2023-11-16 18:57:14.696576,386,78,medium
2023-11-16 18:57:14.725463,1037,414,long
2023-11-16 18:57:14.857702,968,58,long
2023-11-16 18:57:14.978273,432,103,medium
2023-11-16 18:57:14.978741,405,134,medium
2023-11-16 18:57:15.098004,996,97,long
2023-11-16 18:57:15.235645,197,111,medium
2023-11-16 18:57:15.400589,1071,553,long
2023-11-16 18:57:15.574892,2435,96,long
2023-11-16 18:57:16.363627,1109,378,long
2023-11-16 18:57:16.503665,2705,125,long
2023-11-16 18:57:16.527166,220,78,medium
2023-11-16 18:57:16.739459,178,112,medium
2023-11-16 18:57:17.375394,180,122,medium
2023-11-16 18:57:17.725543,411,152,medium
2023-11-16 18:57:17.978495,5421,39,long
2023-11-16 18:57:18.071964,395,89,medium
2023-11-16 18:57:18.973541,209,70,medium
2023-11-16 18:57:19.151321,1350,172,long
2023-11-16 18:57:19.220769,401,152,medium
2023-11-16 18:57:19.428815,1105,395,long
2023-11-16 18:57:19.473469,299,18,medium
2023-11-16 18:57:19.991594,394,107,medium
2023-11-16 18:57:20.030691,1002,601,long
2023-11-16 18:57:20.414960,219,80,medium
2023-11-16 18:57:20.480482,222,81,medium
2023-11-16 18:57:20.670875,1137,385,long
2023-11-16 18:57:20.670882,1064,419,long
2023-11-16 18:57:20.703182,327,18,medium
2023-11-16 18:57:20.714981,393,89,medium
2023-11-16 18:57:20.835713,246,90,medium
2023-11-16 18:57:20.875211,1276,42,long
2023-11-16 18:57:20.883787,180,74,medium
2023-11-16 18:57:20.939299,1004,422,long
2023-11-16 18:57:21.043723,221,81,medium
2023-11-16 18:57:21.200521,1119,396,long
2023-11-16 18:57:21.248873,817,56,long
2023-11-16 18:57:21.266137,1319,240,long
2023-11-16 18:57:21.483411,20,70,short
2023-11-16 18:57:21.502495,1639,64,long
2023-11-16 18:57:21.539469,2539,134,long
2023-11-16 18:57:21.550342,1122,390,long
2023-11-16 18:57:21.615557,1185,406,long
2023-11-16 18:57:21.711799,251,67,medium
2023-11-16 18:57:21.817414,1517,104,long
2023-11-16 18:57:21.881292,184,127,medium
2023-11-16 18:57:21.950817,1352,174,long
2023-11-16 18:57:22.278259,399,85,medium
2023-11-16 18:57:22.350073,181,146,medium
2023-11-16 18:57:22.701146,1100,399,long
2023-11-16 18:57:22.725212,1025,408,long
2023-11-16 18:57:22.744400,1313,441,long
2023-11-16 18:57:22.747798,209,162,medium
2023-11-16 18:57:23.977498,443,94,medium
2023-11-16 18:57:24.071785,1068,510,long
2023-11-16 18:57:24.088886,1633,64,long
2023-11-16 18:57:24.197361,399,96,medium
2023-11-16 18:57:24.399229,394,134,medium
2023-11-16 18:57:24.483739,199,73,medium
2023-11-16 18:57:24.902450,181,174,medium
2023-11-16 18:57:25.630570,209,217,medium
2023-11-16 18:57:26.081550,397,86,medium
2023-11-16 18:57:26.226877,2593,101,long
2023-11-16 18:57:26.895608,135,132,medium
2023-11-16 18:57:27.182356,228,60,medium
2023-11-16 18:57:27.341173,221,68,medium
2023-11-16 18:57:27.423067,411,71,medium
2023-11-16 18:57:27.621080,1072,629,long
2023-11-16 18:57:27.714625,1837,75,long
2023-11-16 18:57:27.838497,407,101,medium
2023-11-16 18:57:27.911856,203,52,medium
2023-11-16 18:57:28.007221,219,75,medium
2023-11-16 18:57:28.060395,224,101,medium
2023-11-16 18:57:28.181982,1115,427,long
2023-11-16 18:57:28.228184,399,114,medium
2023-11-16 18:57:28.331650,205,81,medium
2023-11-16 18:57:28.374590,15,78,short
2023-11-16 18:57:28.379430,403,141,medium
2023-11-16 18:57:28.730397,1131,411,long
2023-11-16 18:57:28.765885,819,72,long
2023-11-16 18:57:29.005657,189,100,medium
2023-11-16 18:57:29.013010,1095,387,long
2023-11-16 18:57:29.083479,241,71,medium
2023-11-16 18:57:29.301802,1006,399,long
2023-11-16 18:57:29.628746,254,80,medium
2023-11-16 18:57:29.692253,1120,400,long
2023-11-16 18:57:29.772189,212,77,medium
2023-11-16 18:57:29.930883,1044,393,long
2023-11-16 18:57:30.021654,1149,426,long
2023-11-16 18:57:30.133604,406,103,medium
2023-11-16 18:57:30.379599,2203,118,long
2023-11-16 18:57:30.503805,1073,379,long
2023-11-16 18:57:30.822955,2646,81,long
2023-11-16 18:57:31.186989,251,72,medium
2023-11-16 18:57:31.295677,3384,51,long
2023-11-16 18:57:31.541002,2089,83,long
2023-11-16 18:57:31.616345,387,87,medium
2023-11-16 18:57:31.940907,211,75,medium
2023-11-16 18:57:32.029949,203,165,medium
2023-11-16 18:57:32.056894,431,98,medium
2023-11-16 18:57:32.058255,213,76,medium
2023-11-16 18:57:32.087532,213,81,medium
2023-11-16 18:57:32.596508,401,94,medium
2023-11-16 18:57:33.036569,194,93,medium
2023-11-16 18:57:33.187107,202,81,medium
2023-11-16 18:57:33.364223,200,164,medium
2023-11-16 18:57:33.376146,1746,70,long
2023-11-16 18:57:33.512236,181,331,medium
2023-11-16 18:57:33.663619,209,64,medium
2023-11-16 18:57:33.954627,399,89,medium
2023-11-16 18:57:34.052788,176,161,medium
2023-11-16 18:57:34.130838,211,112,medium
2023-11-16 18:57:34.369587,196,122,medium
2023-11-16 18:57:34.447467,1332,92,long
2023-11-16 18:57:34.579106,196,75,medium
2023-11-16 18:57:34.618938,937,394,long
2023-11-16 18:57:34.806308,215,78,medium
2023-11-16 18:57:35.747907,1458,98,long
2023-11-16 18:57:36.376311,2491,124,long
2023-11-16 18:57:36.474299,189,100,medium
2023-11-16 18:57:36.652749,2249,125,long
2023-11-16 18:57:36.845578,1048,462,long
2023-11-16 18:57:36.988492,1339,421,long
2023-11-16 18:57:37.297137,193,121,medium
2023-11-16 18:57:37.379808,1319,186,long
2023-11-16 18:57:37.470479,218,71,medium
2023-11-16 18:57:37.485969,237,36,medium
2023-11-16 18:57:37.576729,206,68,medium
2023-11-16 18:57:37.613292,200,179,medium
2023-11-16 18:57:37.739697,1240,407,long
2023-11-16 18:57:38.161904,1087,407,long
2023-11-16 18:57:38.261485,1085,377,long
2023-11-16 18:57:39.233298,1076,623,long
2023-11-16 18:57:39.264001,430,87,medium
2023-11-16 18:57:39.400976,2022,79,long
2023-11-16 18:57:40.092607,406,87,medium
2023-11-16 18:57:40.228214,213,111,medium
2023-11-16 18:57:40.667824,1095,386,long
2023-11-16 18:57:40.703598,394,124,medium
2023-11-16 18:57:40.731087,1041,410,long
2023-11-16 18:57:40.884212,235,86,medium
2023-11-16 18:57:41.179950,1057,501,long
2023-11-16 18:57:41.389276,414,178,medium
2023-11-16 18:57:41.434283,1123,614,long
2023-11-16 18:57:41.615385,407,90,medium
2023-11-16 18:57:42.031894,1221,383,long
2023-11-16 18:57:42.209198,945,106,long
2023-11-16 18:57:42.215265,11,125,short
2023-11-16 18:57:42.301792,1093,486,long
2023-11-16 18:57:42.432285,438,86,medium
2023-11-16 18:57:42.465342,1273,136,long
2023-11-16 18:57:42.534283,1031,396,long
2023-11-16 18:57:42.639039,390,91,medium
2023-11-16 18:57:42.824389,2308,77,long
2023-11-16 18:57:43.218495,1887,114,long
2023-11-16 18:57:43.229473,1416,405,long
2023-11-16 18:57:43.399121,18,210,short
2023-11-16 18:57:43.462939,429,98,medium
2023-11-16 18:57:43.610302,215,101,medium
2023-11-16 18:57:43.611539,396,78,medium
2023-11-16 18:57:43.830352,1058,462,long
2023-11-16 18:57:43.846423,1320,230,long
2023-11-16 18:57:44.174159,1313,198,long
2023-11-16 18:57:44.267162,1157,401,long
2023-11-16 18:57:44.282185,1088,90,long
2023-11-16 18:57:44.330188,396,106,medium
2023-11-16 18:57:44.459856,1217,397,long
2023-11-16 18:57:45.186179,407,103,medium
2023-11-16 18:57:45.265065,1072,588,long
2023-11-16 18:57:45.303972,42,149,short
2023-11-16 18:57:45.310440,3077,77,long
2023-11-16 18:57:45.344424,2729,58,long
2023-11-16 18:57:45.464321,1117,427,long
2023-11-16 18:57:45.534333,197,137,medium
2023-11-16 18:57:45.559098,221,96,medium
2023-11-16 18:57:45.917905,1247,663,long
2023-11-16 18:57:46.230105,1315,200,long
2023-11-16 18:57:46.393361,1062,442,long
2023-11-16 18:57:46.503060,1412,421,long
2023-11-16 18:57:46.505822,1110,430,long
2023-11-16 18:57:46.623426,1315,218,long
2023-11-16 18:57:46.764844,120,12,short
2023-11-16 18:57:46.873127,56,120,short
2023-11-16 18:57:46.908588,194,96,medium
2023-11-16 18:57:47.095422,200,107,medium
2023-11-16 18:57:47.110942,1332,81,long
2023-11-16 18:57:47.174089,376,94,medium
2023-11-16 18:57:47.197932,183,137,medium
2023-11-16 18:57:47.232770,832,89,long
2023-11-16 18:57:47.360423,403,83,medium
2023-11-16 18:57:47.610763,907,148,long
2023-11-16 18:57:47.786269,1135,636,long
2023-11-16 18:57:47.809447,1100,425,long
2023-11-16 18:57:47.825860,328,18,medium
2023-11-16 18:57:47.836929,214,99,medium
2023-11-16 18:57:47.869089,550,110,long
2023-11-16 18:57:47.939801,120,12,short
2023-11-16 18:57:48.262632,206,162,medium
2023-11-16 18:57:48.366965,1036,400,long
2023-11-16 18:57:48.905148,428,97,medium
2023-11-16 18:57:48.945518,1690,63,long
2023-11-16 18:57:49.066896,1049,82,long
2023-11-16 18:57:49.280997,1007,427,long
2023-11-16 18:57:49.422869,1141,107,long
2023-11-16 18:57:49.766583,5588,112,long
2023-11-16 18:57:49.806411,318,18,medium
2023-11-16 18:57:50.078861,1116,432,long
2023-11-16 18:57:50.584136,397,200,medium
2023-11-16 18:57:50.799555,1084,121,long
2023-11-16 18:57:50.935319,206,217,medium
2023-11-16 18:57:51.910733,394,77,medium
2023-11-16 18:57:51.970520,1273,116,long
2023-11-16 18:57:52.006011,388,115,medium
2023-11-16 18:57:52.120336,209,162,medium
2023-11-16 18:57:52.347282,1091,421,long
2023-11-16 18:57:52.432759,1339,420,long
2023-11-16 18:57:52.612119,2451,132,long
2023-11-16 18:57:52.952451,1104,415,long
2023-11-16 18:57:53.196080,1070,511,long
2023-11-16 18:57:53.208099,2166,81,long
2023-11-16 18:57:53.368371,393,88,medium
2023-11-16 18:57:53.468882,208,122,medium
2023-11-16 18:57:53.560296,303,18,medium
2023-11-16 18:57:53.591230,404,108,medium
2023-11-16 18:57:54.138514,749,64,long
2023-11-16 18:57:54.250956,1071,414,long
2023-11-16 18:57:54.345117,400,124,medium
2023-11-16 18:57:54.451022,210,58,medium
2023-11-16 18:57:54.666197,1412,377,long
2023-11-16 18:57:54.838553,196,117,medium
2023-11-16 18:57:55.413156,1019,428,long
2023-11-16 18:57:55.431363,1195,411,long
2023-11-16 18:57:55.513489,433,55,medium
2023-11-16 18:57:55.553238,1051,66,long
2023-11-16 18:57:55.582500,1770,98,long
2023-11-16 18:57:55.903134,1185,535,long
2023-11-16 18:57:56.006549,225,97,medium
2023-11-16 18:57:56.433002,185,53,medium
2023-11-16 18:57:56.468996,391,128,medium
2023-11-16 18:57:56.479298,1129,387,long
2023-11-16 18:57:56.501131,1122,104,long
2023-11-16 18:57:56.535105,7219,61,long
2023-11-16 18:57:56.617772,23,45,short
2023-11-16 18:57:56.833339,388,95,medium
2023-11-16 18:57:56.848444,3155,69,long
2023-11-16 18:57:57.108514,2542,74,long
2023-11-16 18:57:57.215974,410,99,medium
2023-11-16 18:57:57.351612,2273,121,long
2023-11-16 18:57:57.408648,5667,74,long
2023-11-16 18:57:57.882330,411,90,medium
2023-11-16 18:57:58.019400,403,81,medium
2023-11-16 18:57:58.135243,402,147,medium
2023-11-16 18:57:58.606406,323,62,medium
2023-11-16 18:57:59.126374,219,77,medium
2023-11-16 18:57:59.174125,782,104,long
2023-11-16 18:57:59.276604,391,83,medium
2023-11-16 18:57:59.290939,389,92,medium
2023-11-16 18:57:59.392428,2219,112,long
2023-11-16 18:57:59.414669,394,122,medium
2023-11-16 18:57:59.458624,1117,411,long
2023-11-16 18:57:59.557834,230,68,medium
2023-11-16 18:57:59.590475,1149,546,long
2023-11-16 18:58:00.113744,459,93,medium
2023-11-16 18:58:00.129501,5035,71,long
2023-11-16 18:58:00.137077,181,223,medium
2023-11-16 18:58:00.188470,3086,75,long
2023-11-16 18:58:00.555871,883,129,long
2023-11-16 18:58:00.889526,1146,426,long
2023-11-16 18:58:01.097173,399,81,medium
2023-11-16 18:58:01.097666,992,50,long
2023-11-16 18:58:01.122687,1251,36,long
2023-11-16 18:58:01.143363,3200,69,long
2023-11-16 18:58:01.289487,403,137,medium
2023-11-16 18:58:02.002213,3238,109,long
2023-11-16 18:58:02.127347,1072,588,long
2023-11-16 18:58:02.131919,642,113,long
2023-11-16 18:58:02.184752,391,87,medium
2023-11-16 18:58:02.250564,394,108,medium
2023-11-16 18:58:02.443722,1069,384,long
2023-11-16 18:58:02.957954,391,136,medium
2023-11-16 18:58:03.180241,4798,83,long
2023-11-16 18:58:03.399610,1021,427,long
2023-11-16 18:58:03.595614,2598,44,long
2023-11-16 18:58:03.602806,241,81,medium
2023-11-16 18:58:03.740359,3783,78,long
2023-11-16 18:58:03.955735,1038,688,long
2023-11-16 18:58:03.983599,5125,141,long
2023-11-16 18:58:04.088455,237,14,medium
2023-11-16 18:58:04.231474,396,81,medium
2023-11-16 18:58:04.265637,1848,132,long
2023-11-16 18:58:04.294471,5654,62,long
2023-11-16 18:58:04.418174,388,69,medium
2023-11-16 18:58:04.520896,185,138,medium
2023-11-16 18:58:04.697737,890,97,long
2023-11-16 18:58:04.805793,1100,396,long
2023-11-16 18:58:04.805890,1316,146,long
2023-11-16 18:58:04.882088,1887,130,long
2023-11-16 18:58:05.059558,1026,396,long
2023-11-16 18:58:05.264818,223,42,medium
2023-11-16 18:58:05.406992,1045,467,long
2023-11-16 18:58:05.443913,448,128,medium
2023-11-16 18:58:05.895576,397,110,medium
2023-11-16 18:58:06.016690,1067,604,long
2023-11-16 18:58:06.093875,185,86,medium
2023-11-16 18:58:06.106781,1115,415,long
2023-11-16 18:58:06.625096,1182,401,long
2023-11-16 18:58:07.006036,3079,132,long
2023-11-16 18:58:07.081831,1144,382,long
2023-11-16 18:58:07.096455,1536,58,long
2023-11-16 18:58:07.189684,219,57,medium
2023-11-16 18:58:07.281915,3297,115,long
2023-11-16 18:58:07.375259,1010,33,long
2023-11-16 18:58:07.578845,1072,504,long
2023-11-16 18:58:07.798268,75,88,short
2023-11-16 18:58:07.839196,409,97,medium
2023-11-16 18:58:08.116421,1105,399,long
2023-11-16 18:58:08.361726,204,141,medium
2023-11-16 18:58:08.446301,2161,100,long
2023-11-16 18:58:08.498648,2671,107,long
2023-11-16 18:58:08.520419,3297,59,long
2023-11-16 18:58:08.580899,2451,110,long
2023-11-16 18:58:08.597028,1029,373,long
2023-11-16 18:58:08.597722,407,104,medium
2023-11-16 18:58:08.708637,404,142,medium
2023-11-16 18:58:08.803716,777,121,long
2023-11-16 18:58:08.822416,181,206,medium
2023-11-16 18:58:08.894505,2066,123,long
2023-11-16 18:58:09.189019,1162,396,long
2023-11-16 18:58:09.192887,724,86,long
2023-11-16 18:58:09.236332,1119,396,long
2023-11-16 18:58:09.545575,181,260,medium
2023-11-16 18:58:09.620148,1055,939,long
2023-11-16 18:58:09.738440,415,129,medium
2023-11-16 18:58:09.749643,1087,406,long
2023-11-16 18:58:09.931551,2004,105,long
2023-11-16 18:58:09.988617,2183,124,long
2023-11-16 18:58:10.017593,472,122,medium
2023-11-16 18:58:10.038891,1394,148,long
2023-11-16 18:58:10.050305,1109,388,long
2023-11-16 18:58:10.287184,4941,76,long
2023-11-16 18:58:10.311426,633,91,long
2023-11-16 18:58:10.489588,399,92,medium
2023-11-16 18:58:10.581831,203,194,medium
2023-11-16 18:58:10.648570,1071,414,long
2023-11-16 18:58:10.737927,4201,124,long
2023-11-16 18:58:11.153426,1476,124,long
2023-11-16 18:58:11.489652,1312,234,long
2023-11-16 18:58:11.676462,2107,63,long
2023-11-16 18:58:11.755260,3589,82,long
2023-11-16 18:58:12.083925,369,93,medium
2023-11-16 18:58:12.277776,397,127,medium
2023-11-16 18:58:12.389377,2455,74,long
2023-11-16 18:58:12.540808,1416,395,long
2023-11-16 18:58:12.813910,1098,420,long
2023-11-16 18:58:12.972579,1315,216,long
2023-11-16 18:58:13.001562,903,115,long
2023-11-16 18:58:13.002927,1073,439,long
2023-11-16 18:58:13.038653,203,217,medium
2023-11-16 18:58:13.171339,1671,125,long
2023-11-16 18:58:13.810949,3536,132,long
2023-11-16 18:58:14.099855,200,167,medium
2023-11-16 18:58:14.258749,218,67,medium
2023-11-16 18:58:14.355977,1313,219,long
2023-11-16 18:58:14.418936,1093,403,long
2023-11-16 18:58:14.939647,224,140,medium
2023-11-16 18:58:14.974042,200,217,medium
2023-11-16 18:58:15.189113,185,67,medium
2023-11-16 18:58:15.291763,392,137,medium
2023-11-16 18:58:15.377638,1157,395,long
2023-11-16 18:58:15.646273,1073,365,long
2023-11-16 18:58:15.938884,119,12,short
2023-11-16 18:58:16.897754,2467,300,long
2023-11-16 18:58:17.245465,405,107,medium
2023-11-16 18:58:17.245880,1314,186,long
2023-11-16 18:58:17.306183,28,157,short
2023-11-16 18:58:17.462349,4831,84,long
2023-11-16 18:58:17.738318,998,97,long
2023-11-16 18:58:17.769920,1476,122,long
2023-11-16 18:58:18.012927,410,124,medium
2023-11-16 18:58:18.150050,332,69,medium
2023-11-16 18:58:18.351094,181,159,medium
2023-11-16 18:58:18.755574,1146,386,long
2023-11-16 18:58:18.912961,1073,375,long
2023-11-16 18:58:19.022711,2413,75,long
2023-11-16 18:58:19.175456,2447,300,long
2023-11-16 18:58:19.228580,400,94,medium
2023-11-16 18:58:19.624647,5997,190,long
2023-11-16 18:58:19.877486,194,162,medium
2023-11-16 18:58:19.941526,2584,156,long
2023-11-16 18:58:20.870251,3238,90,long
2023-11-16 18:58:21.019809,1041,410,long
2023-11-16 18:58:21.327774,2227,39,long
2023-11-16 18:58:21.711366,1206,42,long
2023-11-16 18:58:21.958329,407,89,medium
2023-11-16 18:58:21.984342,534,89,long
2023-11-16 18:58:21.993195,731,121,long
2023-11-16 18:58:22.261208,181,163,medium
2023-11-16 18:58:22.360984,1072,57,long
2023-11-16 18:58:22.428050,746,96,long
2023-11-16 18:58:22.806204,1169,59,long
2023-11-16 18:58:22.947158,1114,429,long
2023-11-16 18:58:23.487869,387,92,medium
2023-11-16 18:58:23.521941,181,105,medium
2023-11-16 18:58:23.605815,1070,401,long
2023-11-16 18:58:23.911755,2961,65,long
2023-11-16 18:58:23.960261,1021,394,long
2023-11-16 18:58:24.077736,825,114,long
2023-11-16 18:58:24.170759,267,151,medium
2023-11-16 18:58:24.406397,1286,45,long
2023-11-16 18:58:24.447877,1493,41,long
2023-11-16 18:58:24.591541,399,178,medium
2023-11-16 18:58:24.892300,4941,62,long
2023-11-16 18:58:24.899503,924,396,long
2023-11-16 18:58:25.657509,420,80,medium
2023-11-16 18:58:25.783986,898,87,long
2023-11-16 18:58:25.879316,2121,82,long
2023-11-16 18:58:26.521229,475,88,medium
2023-11-16 18:58:27.353312,1020,388,long
2023-11-16 18:58:28.040722,404,118,medium
2023-11-16 18:58:28.441700,839,84,long
2023-11-16 18:58:28.866753,4831,64,long
2023-11-16 18:58:28.913409,181,177,medium
2023-11-16 18:58:29.193835,2585,52,long
2023-11-16 18:58:29.338860,4867,99,long
2023-11-16 18:58:29.581319,1620,105,long
2023-11-16 18:58:29.850257,210,64,medium
2023-11-16 18:58:30.571674,2427,116,long
2023-11-16 18:58:30.573060,2737,93,long
2023-11-16 18:58:30.611412,396,116,medium
2023-11-16 18:58:30.688224,405,94,medium
2023-11-16 18:58:30.885992,391,98,medium
2023-11-16 18:58:30.918308,1069,401,long
2023-11-16 18:58:31.234439,388,129,medium
2023-11-16 18:58:31.512934,423,93,medium
2023-11-16 18:58:31.676667,194,51,medium
2023-11-16 18:58:31.737389,398,120,medium
2023-11-16 18:58:31.890973,1314,157,long
2023-11-16 18:58:31.951647,1271,82,long
2023-11-16 18:58:32.160442,1313,132,long
2023-11-16 18:58:32.627826,188,144,medium
2023-11-16 18:58:32.701629,1079,577,long
2023-11-16 18:58:32.932458,2475,109,long
2023-11-16 18:58:33.287899,413,87,medium
2023-11-16 18:58:33.873903,2853,40,long
2023-11-16 18:58:34.205140,2427,100,long
2023-11-16 18:58:34.240146,1172,115,long
2023-11-16 18:58:34.409752,2361,112,long
2023-11-16 18:58:34.857534,1002,411,long
2023-11-16 18:58:34.920453,3536,144,long
2023-11-16 18:58:35.266054,1042,383,long
2023-11-16 18:58:35.341433,125,57,short
2023-11-16 18:58:35.629843,2004,154,long
2023-11-16 18:58:35.922016,2313,49,long
2023-11-16 18:58:36.161861,941,98,long
2023-11-16 18:58:36.341111,1060,396,long
2023-11-16 18:58:36.732606,432,96,medium
2023-11-16 18:58:37.208651,1505,110,long
2023-11-16 18:58:37.521216,1075,550,long
2023-11-16 18:58:37.722158,4864,124,long
2023-11-16 18:58:38.024347,1228,403,long
2023-11-16 18:58:38.560537,400,89,medium
2023-11-16 18:58:38.955283,1042,400,long
2023-11-16 18:58:39.193206,1084,518,long
2023-11-16 18:58:39.228992,2018,85,long
2023-11-16 18:58:39.358651,403,121,medium
2023-11-16 18:58:39.617766,1069,377,long
2023-11-16 18:58:39.686660,390,89,medium
2023-11-16 18:58:39.725161,403,107,medium
2023-11-16 18:58:39.822551,3079,134,long
2023-11-16 18:58:39.980937,5997,119,long
2023-11-16 18:58:40.013964,1058,390,long
2023-11-16 18:58:40.261970,1053,380,long
2023-11-16 18:58:40.266380,1046,378,long
2023-11-16 18:58:40.335858,1072,588,long
2023-11-16 18:58:41.344943,181,119,medium
2023-11-16 18:58:41.519078,5244,30,long
2023-11-16 18:58:42.021337,835,94,long
2023-11-16 18:58:42.241649,1114,426,long
2023-11-16 18:58:42.388005,3293,64,long
2023-11-16 18:58:42.569738,249,76,medium
2023-11-16 18:58:42.674621,1180,90,long
2023-11-16 18:58:42.835270,401,89,medium
2023-11-16 18:58:43.251485,2173,36,long
2023-11-16 18:58:43.512184,421,101,medium
2023-11-16 18:58:43.533359,5803,67,long
2023-11-16 18:58:44.293389,1104,404,long
2023-11-16 18:58:44.389342,2576,121,long
2023-11-16 18:58:44.411898,314,18,medium
2023-11-16 18:58:44.499328,1320,231,long
2023-11-16 18:58:44.697306,1204,403,long
2023-11-16 18:58:44.699078,223,119,medium
2023-11-16 18:58:44.798786,922,76,long
2023-11-16 18:58:44.799241,2563,84,long
2023-11-16 18:58:45.199719,673,112,long
2023-11-16 18:58:45.362573,228,55,medium
2023-11-16 18:58:45.777494,1051,407,long
2023-11-16 18:58:46.212305,1079,401,long
2023-11-16 18:58:46.215031,1185,414,long
2023-11-16 18:58:46.473403,1462,97,long
2023-11-16 18:58:46.473780,798,98,long
2023-11-16 18:58:47.084855,463,123,medium
2023-11-16 18:58:47.275915,2069,126,long
2023-11-16 18:58:47.498039,4158,99,long
2023-11-16 18:58:47.761040,941,88,long
2023-11-16 18:58:47.836609,1098,411,long
2023-11-16 18:58:48.229812,226,140,medium
2023-11-16 18:58:48.469336,404,117,medium
2023-11-16 18:58:48.478487,1254,396,long
2023-11-16 18:58:48.517597,228,73,medium
2023-11-16 18:58:48.529348,181,171,medium
2023-11-16 18:58:48.791956,1103,396,long
2023-11-16 18:58:48.846486,1057,396,long
2023-11-16 18:58:48.892891,2584,145,long
2023-11-16 18:58:48.941416,1055,401,long
2023-11-16 18:58:49.478029,178,65,medium
2023-11-16 18:58:49.891937,1109,415,long
2023-11-16 18:58:50.026913,5185,76,long
2023-11-16 18:58:50.078712,393,96,medium
2023-11-16 18:58:50.079511,206,194,medium
2023-11-16 18:58:50.469888,1318,404,long
2023-11-16 18:58:50.491170,1102,420,long
2023-11-16 18:58:50.634650,181,98,medium
2023-11-16 18:58:51.273856,631,78,long
2023-11-16 18:58:51.298197,2584,145,long
2023-11-16 18:58:51.346251,989,468,long
2023-11-16 18:58:51.361788,1074,430,long
2023-11-16 18:58:51.481532,322,18,medium
2023-11-16 18:58:51.629225,203,167,medium
2023-11-16 18:58:51.637273,990,424,long
2023-11-16 18:58:52.133223,1265,429,long
2023-11-16 18:58:52.200148,1249,396,long
2023-11-16 18:58:52.266352,1135,417,long
2023-11-16 18:58:52.379951,194,217,medium
2023-11-16 18:58:52.438961,702,105,long
2023-11-16 18:58:52.439815,1033,406,long
2023-11-16 18:58:52.510627,1046,378,long
2023-11-16 18:58:52.673420,2124,99,long
2023-11-16 18:58:52.736018,1127,396,long
2023-11-16 18:58:52.776449,1006,396,long
2023-11-16 18:58:52.876164,1116,954,long
2023-11-16 18:58:52.919128,218,70,medium
2023-11-16 18:58:52.970581,1083,404,long
2023-11-16 18:58:53.084590,2714,37,long
2023-11-16 18:58:53.166283,1094,433,long
2023-11-16 18:58:53.545520,2465,161,long
2023-11-16 18:58:53.593038,249,87,medium
2023-11-16 18:58:53.617705,1091,397,long
2023-11-16 18:58:53.625258,181,100,medium
2023-11-16 18:58:53.720131,401,124,medium
2023-11-16 18:58:53.906982,1093,385,long
2023-11-16 18:58:53.961242,165,159,medium
2023-11-16 18:58:54.095506,2926,82,long
2023-11-16 18:58:54.106659,200,167,medium
2023-11-16 18:58:54.343919,1054,405,long
2023-11-16 18:58:54.434458,2072,64,long
2023-11-16 18:58:54.441417,728,99,long
2023-11-16 18:58:54.545450,1061,408,long
2023-11-16 18:58:54.829644,5416,95,long
2023-11-16 18:58:54.874200,1075,408,long
2023-11-16 18:58:54.967336,1100,396,long
2023-11-16 18:58:55.068775,2574,204,long
2023-11-16 18:58:55.357667,1217,396,long
2023-11-16 18:58:55.460178,724,112,long
2023-11-16 18:58:55.474086,1315,112,long
2023-11-16 18:58:56.187104,1207,418,long
2023-11-16 18:58:56.530733,1776,104,long
2023-11-16 18:58:56.602057,1030,416,long
2023-11-16 18:58:57.248116,1118,401,long
2023-11-16 18:58:57.295558,2197,42,long
2023-11-16 18:58:57.296671,401,96,medium
2023-11-16 18:58:57.359513,1223,405,long
2023-11-16 18:58:57.483993,1122,383,long
2023-11-16 18:58:57.533525,237,143,medium
2023-11-16 18:58:57.722822,435,88,medium
2023-11-16 18:58:58.039531,399,144,medium
2023-11-16 18:58:58.157078,1087,429,long
2023-11-16 18:58:58.315171,5166,68,long
2023-11-16 18:58:58.354733,1086,411,long
2023-11-16 18:58:58.421951,1313,130,long
2023-11-16 18:58:58.472623,884,167,long
2023-11-16 18:58:59.024751,17,156,short
2023-11-16 18:58:59.066564,1204,421,long
2023-11-16 18:58:59.090584,996,427,long
2023-11-16 18:58:59.143092,203,223,medium
2023-11-16 18:58:59.246686,1178,396,long
2023-11-16 18:58:59.386616,1183,89,long
2023-11-16 18:58:59.432501,394,93,medium
2023-11-16 18:58:59.708890,1311,139,long
2023-11-16 18:58:59.825281,200,183,medium
2023-11-16 18:58:59.987401,399,82,medium
2023-11-16 18:59:00.229582,1063,428,long
2023-11-16 18:59:00.240994,954,116,long
2023-11-16 18:59:00.498054,924,403,long
2023-11-16 18:59:00.840876,825,78,long
2023-11-16 18:59:01.032372,239,64,medium
2023-11-16 18:59:01.230915,1029,415,long
2023-11-16 18:59:01.291398,1127,412,long
2023-11-16 18:59:01.324625,2961,67,long
2023-11-16 18:59:01.770511,210,83,medium
2023-11-16 18:59:02.015081,1262,79,long
2023-11-16 18:59:02.309987,406,98,medium
2023-11-16 18:59:02.661428,1017,386,long
2023-11-16 18:59:02.732688,1043,418,long
2023-11-16 18:59:02.857933,335,18,medium
2023-11-16 18:59:02.912545,1727,91,long
2023-11-16 18:59:03.338934,1110,435,long
2023-11-16 18:59:03.434013,1550,69,long
2023-11-16 18:59:03.624212,1141,401,long
2023-11-16 18:59:03.629921,237,94,medium
2023-11-16 18:59:03.786760,223,60,medium
2023-11-16 18:59:03.983491,4800,78,long
2023-11-16 18:59:04.259579,981,375,long
2023-11-16 18:59:04.506473,4773,112,long
2023-11-16 18:59:04.537907,614,114,long
2023-11-16 18:59:04.538688,556,87,long
2023-11-16 18:59:04.603587,1667,68,long
2023-11-16 18:59:04.707522,1023,399,long
2023-11-16 18:59:05.048693,401,88,medium
2023-11-16 18:59:05.067380,1234,405,long
2023-11-16 18:59:05.327680,226,49,medium
2023-11-16 18:59:05.376991,1309,442,long
2023-11-16 18:59:05.391457,1950,99,long
2023-11-16 18:59:05.507414,399,107,medium
2023-11-16 18:59:05.891771,412,89,medium
2023-11-16 18:59:06.033601,2467,76,long
2023-11-16 18:59:06.183696,1166,419,long
2023-11-16 18:59:06.208933,424,98,medium
2023-11-16 18:59:06.235131,1066,125,long
2023-11-16 18:59:06.266964,618,134,long
2023-11-16 18:59:06.271906,200,161,medium
2023-11-16 18:59:06.333833,91,16,short
2023-11-16 18:59:06.717156,744,89,long
2023-11-16 18:59:07.009189,702,57,long
2023-11-16 18:59:07.015910,622,88,long
2023-11-16 18:59:07.101646,1861,66,long
2023-11-16 18:59:07.165829,1099,605,long
2023-11-16 18:59:07.648981,408,104,medium
2023-11-16 18:59:07.707839,1459,109,long
2023-11-16 18:59:07.745813,52,146,short
2023-11-16 18:59:07.766023,206,186,medium
2023-11-16 18:59:08.017264,1042,396,long
2023-11-16 18:59:08.272413,395,94,medium
2023-11-16 18:59:08.803087,618,87,long
2023-11-16 18:59:09.189753,580,95,long
2023-11-16 18:59:09.363153,1102,502,long
2023-11-16 18:59:09.625405,428,88,medium
2023-11-16 18:59:09.736083,1140,564,long
2023-11-16 18:59:09.814826,1083,508,long
2023-11-16 18:59:09.900542,981,411,long
2023-11-16 18:59:10.009883,5166,163,long
2023-11-16 18:59:10.025238,613,103,long
2023-11-16 18:59:10.667825,834,85,long
2023-11-16 18:59:10.722831,970,508,long
2023-11-16 18:59:11.074093,1363,111,long
2023-11-16 18:59:11.413923,195,55,medium
2023-11-16 18:59:11.535998,1459,152,long
2023-11-16 18:59:11.769531,2383,92,long
2023-11-16 18:59:11.833436,8,117,short
2023-11-16 18:59:12.049282,1268,442,long
2023-11-16 18:59:12.073456,181,101,medium
2023-11-16 18:59:12.357377,5105,153,long
2023-11-16 18:59:12.387475,385,90,medium
2023-11-16 18:59:12.465276,1084,489,long
2023-11-16 18:59:12.779696,866,88,long
2023-11-16 18:59:12.860181,434,98,medium
2023-11-16 18:59:12.925937,1018,498,long
2023-11-16 18:59:13.211183,1066,105,long
2023-11-16 18:59:13.530183,171,74,medium
2023-11-16 18:59:13.591743,406,88,medium
2023-11-16 18:59:13.602000,1968,127,long
2023-11-16 18:59:13.707638,5981,53,long
2023-11-16 18:59:13.777206,1073,588,long
2023-11-16 18:59:14.014564,72,138,short
2023-11-16 18:59:14.059961,208,129,medium
2023-11-16 18:59:14.066191,1455,68,long
2023-11-16 18:59:15.081408,1102,459,long
2023-11-16 18:59:15.461937,404,78,medium
2023-11-16 18:59:15.511010,1093,393,long
2023-11-16 18:59:15.546353,1960,189,long
2023-11-16 18:59:15.951466,1060,383,long
2023-11-16 18:59:15.960193,2366,151,long
2023-11-16 18:59:16.235472,385,86,medium
2023-11-16 18:59:16.682507,684,94,long
2023-11-16 18:59:16.691967,398,97,medium
2023-11-16 18:59:16.837543,1292,440,long
2023-11-16 18:59:16.921182,970,91,long
2023-11-16 18:59:17.020045,5388,103,long
2023-11-16 18:59:17.036559,2466,67,long
2023-11-16 18:59:17.128691,1153,388,long
2023-11-16 18:59:17.145324,1174,145,long
2023-11-16 18:59:17.418962,2498,123,long
2023-11-16 18:59:17.740364,1121,114,long
2023-11-16 18:59:18.218578,1342,73,long
2023-11-16 18:59:18.605940,1966,118,long
2023-11-16 18:59:18.614791,2520,97,long
2023-11-16 18:59:18.633123,417,90,medium
2023-11-16 18:59:18.798417,989,411,long
2023-11-16 18:59:18.916310,2226,86,long
2023-11-16 18:59:19.077444,2431,84,long
2023-11-16 18:59:19.514803,437,91,medium
2023-11-16 18:59:20.172313,165,217,medium
2023-11-16 18:59:20.343635,618,145,long
2023-11-16 18:59:20.433700,1416,377,long
2023-11-16 18:59:20.460760,454,80,medium
2023-11-16 18:59:20.474600,1121,484,long
2023-11-16 18:59:20.691984,134,81,medium
2023-11-16 18:59:20.722084,804,70,long
2023-11-16 18:59:20.777501,216,111,medium
2023-11-16 18:59:20.828981,4232,94,long
2023-11-16 18:59:21.216294,401,88,medium
2023-11-16 18:59:21.223016,2304,110,long
2023-11-16 18:59:21.331906,1087,393,long
2023-11-16 18:59:21.551047,1122,394,long
2023-11-16 18:59:21.612324,1369,109,long
2023-11-16 18:59:21.719528,1315,200,long
2023-11-16 18:59:21.842800,399,92,medium
2023-11-16 18:59:22.028527,417,133,medium
2023-11-16 18:59:22.029749,1245,50,long
2023-11-16 18:59:22.121808,1094,417,long
2023-11-16 18:59:22.318041,1177,115,long
2023-11-16 18:59:22.362001,207,59,medium
2023-11-16 18:59:22.617666,419,111,medium
2023-11-16 18:59:22.830143,395,83,medium
2023-11-16 18:59:22.953757,965,110,long
2023-11-16 18:59:23.289051,428,94,medium
2023-11-16 18:59:23.759546,1152,382,long
2023-11-16 18:59:23.870570,2584,138,long
2023-11-16 18:59:23.872174,932,55,long
2023-11-16 18:59:24.061975,817,135,long
2023-11-16 18:59:24.353054,556,47,long
2023-11-16 18:59:24.667505,3150,96,long
2023-11-16 18:59:24.667529,201,68,medium
2023-11-16 18:59:24.718549,459,331,medium
2023-11-16 18:59:24.773915,618,117,long
2023-11-16 18:59:24.939820,445,97,medium
2023-11-16 18:59:25.011048,1179,81,long
2023-11-16 18:59:25.013171,618,76,long
2023-11-16 18:59:25.597920,682,100,long
2023-11-16 18:59:26.170572,406,98,medium
2023-11-16 18:59:26.317477,403,169,medium
2023-11-16 18:59:27.297057,800,106,long
2023-11-16 18:59:27.342336,1338,64,long
2023-11-16 18:59:27.409533,1233,75,long
2023-11-16 18:59:27.865017,838,95,long
2023-11-16 18:59:27.959509,1491,134,long
2023-11-16 18:59:28.085554,888,120,long
2023-11-16 18:59:28.180095,1143,411,long
2023-11-16 18:59:28.234839,413,93,medium
2023-11-16 18:59:28.590924,1693,123,long
2023-11-16 18:59:28.658771,5936,63,long
2023-11-16 18:59:28.843490,415,90,medium
2023-11-16 18:59:29.166287,1313,180,long
2023-11-16 18:59:29.211506,1136,416,long
2023-11-16 18:59:29.298094,203,162,medium
2023-11-16 18:59:29.458704,181,218,medium
2023-11-16 18:59:29.807799,410,91,medium
2023-11-16 18:59:29.842329,1782,73,long
2023-11-16 18:59:30.116470,400,90,medium
2023-11-16 18:59:30.229834,2189,40,long
2023-11-16 18:59:30.419975,4100,103,long
2023-11-16 18:59:30.459187,2956,122,long
2023-11-16 18:59:30.521824,1118,90,long
2023-11-16 18:59:30.593611,2019,78,long
2023-11-16 18:59:30.975900,1043,397,long
2023-11-16 18:59:31.322174,233,59,medium
2023-11-16 18:59:31.524113,159,217,medium
2023-11-16 18:59:31.762755,885,120,long
2023-11-16 18:59:32.026165,855,124,long
2023-11-16 18:59:32.048239,884,85,long
2023-11-16 18:59:32.129017,1078,417,long
2023-11-16 18:59:32.254249,1317,178,long
2023-11-16 18:59:32.322147,1356,197,long
2023-11-16 18:59:32.436930,2226,77,long
2023-11-16 18:59:32.523541,4463,106,long
2023-11-16 18:59:32.919346,1314,122,long
2023-11-16 18:59:32.946088,1076,411,long
2023-11-16 18:59:32.950134,1314,176,long
2023-11-16 18:59:33.088825,1702,123,long
2023-11-16 18:59:33.150102,1058,416,long
2023-11-16 18:59:33.398058,67,110,short
2023-11-16 18:59:33.652024,742,35,long
2023-11-16 18:59:33.803611,1012,388,long
2023-11-16 18:59:33.919293,442,158,medium
2023-11-16 18:59:34.117127,1633,146,long
2023-11-16 18:59:34.187214,1068,411,long
2023-11-16 18:59:34.524854,1097,415,long
2023-11-16 18:59:34.590638,416,91,medium
2023-11-16 18:59:34.732972,1075,426,long
2023-11-16 18:59:34.780543,91,16,short
2023-11-16 18:59:34.924030,1477,105,long
2023-11-16 18:59:34.943586,1079,393,long
2023-11-16 18:59:35.156016,201,54,medium
2023-11-16 18:59:35.261647,203,152,medium
2023-11-16 18:59:35.571463,1070,379,long
2023-11-16 18:59:35.600973,2923,159,long
2023-11-16 18:59:35.605645,1219,114,long
2023-11-16 18:59:35.672078,1030,395,long
2023-11-16 18:59:36.215482,1245,50,long
2023-11-16 18:59:36.459161,895,109,long
2023-11-16 18:59:36.622736,397,139,medium
2023-11-16 18:59:36.846533,344,123,medium
2023-11-16 18:59:37.327271,1844,109,long
2023-11-16 18:59:37.371927,3164,137,long
2023-11-16 18:59:37.515734,1083,508,long
2023-11-16 18:59:37.598852,589,83,long
2023-11-16 18:59:37.667459,1238,443,long
2023-11-16 18:59:37.806679,397,106,medium
2023-11-16 18:59:37.927953,1280,122,long
2023-11-16 18:59:37.997813,1416,396,long
2023-11-16 18:59:38.025805,3210,98,long
2023-11-16 18:59:38.201699,1127,412,long
2023-11-16 18:59:38.390322,4804,87,long
2023-11-16 18:59:38.751080,1024,401,long
2023-11-16 18:59:38.796707,2073,77,long
2023-11-16 18:59:39.034533,2429,124,long
2023-11-16 18:59:39.082236,194,183,medium
2023-11-16 18:59:39.217208,4232,127,long
2023-11-16 18:59:39.372541,1046,587,long
2023-11-16 18:59:39.414587,1075,567,long
2023-11-16 18:59:39.526236,203,217,medium
2023-11-16 18:59:39.766967,1799,100,long
2023-11-16 18:59:40.142417,868,129,long
2023-11-16 18:59:40.372085,1336,385,long
2023-11-16 18:59:40.491331,394,104,medium
2023-11-16 18:59:40.645994,1971,73,long
2023-11-16 18:59:40.804024,993,385,long
2023-11-16 18:59:40.813381,412,79,medium
2023-11-16 18:59:41.109649,967,95,long
2023-11-16 18:59:41.383044,1619,72,long
2023-11-16 18:59:41.457550,1212,390,long
2023-11-16 18:59:41.529157,311,18,medium
2023-11-16 18:59:41.793030,1147,472,long
2023-11-16 18:59:41.898841,1280,63,long
2023-11-16 18:59:42.421383,2806,102,long
2023-11-16 18:59:42.469119,1961,87,long
2023-11-16 18:59:42.469131,258,77,medium
2023-11-16 18:59:42.497073,433,84,medium
2023-11-16 18:59:42.674350,407,130,medium
2023-11-16 18:59:42.786148,1069,416,long
2023-11-16 18:59:43.549603,2069,146,long
2023-11-16 18:59:43.582360,2424,203,long
2023-11-16 18:59:43.749820,1099,450,long
2023-11-16 18:59:43.891706,1373,120,long
2023-11-16 18:59:43.899439,1315,71,long
2023-11-16 18:59:44.032925,2812,110,long
2023-11-16 18:59:44.106221,403,102,medium
2023-11-16 18:59:44.460844,1110,475,long
2023-11-16 18:59:44.761823,1094,397,long
2023-11-16 18:59:44.805323,1314,163,long
2023-11-16 18:59:45.025876,212,217,medium
2023-11-16 18:59:45.241839,181,76,medium
2023-11-16 18:59:45.306005,403,154,medium
2023-11-16 18:59:45.417754,1060,402,long
2023-11-16 18:59:45.442906,1075,426,long
2023-11-16 18:59:45.627065,2448,159,long
2023-11-16 18:59:45.916252,787,121,long
2023-11-16 18:59:45.997009,407,101,medium
2023-11-16 18:59:46.018423,181,192,medium
2023-11-16 18:59:46.163057,1416,396,long
2023-11-16 18:59:46.363875,996,396,long
2023-11-16 18:59:46.681383,391,104,medium
2023-11-16 18:59:46.702764,1075,397,long
2023-11-16 18:59:46.811265,3414,134,long
2023-11-16 18:59:46.959911,400,143,medium
2023-11-16 18:59:47.006225,723,135,long
2023-11-16 18:59:47.184544,981,394,long
2023-11-16 18:59:47.383495,1040,420,long
2023-11-16 18:59:47.595802,206,162,medium
2023-11-16 18:59:47.703042,41,67,short
2023-11-16 18:59:47.735926,2339,64,long
2023-11-16 18:59:47.911894,1702,118,long
2023-11-16 18:59:48.293646,1137,418,long
2023-11-16 18:59:48.390917,3617,61,long
2023-11-16 18:59:48.570485,1015,398,long
2023-11-16 18:59:48.841099,1073,420,long
2023-11-16 18:59:49.767870,1961,101,long
2023-11-16 18:59:49.807649,2288,98,long
2023-11-16 18:59:50.038811,6461,67,long
2023-11-16 18:59:50.040122,2609,59,long
2023-11-16 18:59:50.388097,5868,110,long
2023-11-16 18:59:50.408030,373,133,medium
2023-11-16 18:59:50.467140,1022,389,long
2023-11-16 18:59:50.594660,1065,417,long
2023-11-16 18:59:50.639359,3979,68,long
2023-11-16 18:59:50.947753,396,83,medium
2023-11-16 18:59:50.963112,395,85,medium
2023-11-16 18:59:51.191932,1491,122,long
2023-11-16 18:59:51.376151,406,87,medium
2023-11-16 18:59:51.399309,134,69,medium
2023-11-16 18:59:51.610620,483,100,medium
2023-11-16 18:59:52.211645,935,109,long
2023-11-16 18:59:52.737711,1060,415,long
2023-11-16 18:59:52.776880,6212,133,long
2023-11-16 18:59:52.785492,3210,86,long
2023-11-16 18:59:52.815467,1844,116,long
2023-11-16 18:59:53.016711,402,141,medium
2023-11-16 18:59:53.405471,1201,107,long
2023-11-16 18:59:53.481300,1374,77,long
2023-11-16 18:59:53.621361,413,95,medium
2023-11-16 18:59:54.244373,200,138,medium
2023-11-16 18:59:55.053585,41,67,short
2023-11-16 18:59:55.188649,120,12,short
2023-11-16 18:59:55.455394,1116,97,long
2023-11-16 18:59:55.569587,4975,59,long
2023-11-16 18:59:55.609328,413,103,medium
2023-11-16 18:59:55.880016,416,92,medium
2023-11-16 18:59:56.145434,3085,66,long
2023-11-16 18:59:56.238972,418,98,medium
2023-11-16 18:59:56.459881,2073,56,long
2023-11-16 18:59:56.467636,3452,68,long
2023-11-16 18:59:56.522359,787,119,long
2023-11-16 18:59:56.892461,403,131,medium
2023-11-16 18:59:57.076881,589,91,long
2023-11-16 18:59:57.146321,1280,114,long
2023-11-16 18:59:57.448277,2424,107,long
2023-11-16 18:59:57.842562,1032,433,long
2023-11-16 18:59:58.031888,120,12,short
2023-11-16 18:59:58.099272,1186,434,long
2023-11-16 18:59:58.150183,181,71,medium
2023-11-16 18:59:59.084559,1123,429,long
2023-11-16 18:59:59.514733,2923,165,long
2023-11-16 18:59:59.952548,1312,204,long
2023-11-16 18:59:59.999317,1113,110,long
2023-11-16 19:00:00.048492,986,121,long
2023-11-16 19:00:00.348402,459,400,medium
2023-11-16 19:00:00.624101,408,145,medium
2023-11-16 19:00:00.669472,1876,143,long
2023-11-16 19:00:00.760933,1313,123,long
2023-11-16 19:00:00.771305,1032,440,long
2023-11-16 19:00:01.057399,1646,55,long
2023-11-16 19:00:01.086502,1007,397,long
2023-11-16 19:00:01.247930,181,224,medium
2023-11-16 19:00:01.401277,5939,72,long
2023-11-16 19:00:01.439284,1965,84,long
2023-11-16 19:00:01.755748,227,73,medium
2023-11-16 19:00:01.978426,5108,115,long
2023-11-16 19:00:02.253230,212,183,medium
2023-11-16 19:00:02.698944,416,108,medium
2023-11-16 19:00:02.830312,1137,396,long
2023-11-16 19:00:02.979718,437,100,medium
2023-11-16 19:00:03.243623,2609,96,long
2023-11-16 19:00:03.412198,5243,94,long
2023-11-16 19:00:03.534371,5290,152,long
2023-11-16 19:00:03.628653,120,12,short
2023-11-16 19:00:04.063631,1633,168,long
2023-11-16 19:00:04.169152,927,84,long
2023-11-16 19:00:04.189667,181,236,medium
2023-11-16 19:00:04.250235,2168,74,long
2023-11-16 19:00:04.364587,1127,429,long
2023-11-16 19:00:04.622131,418,125,medium
2023-11-16 19:00:05.028211,9,140,short
2023-11-16 19:00:05.140865,5942,61,long
2023-11-16 19:00:05.392560,394,92,medium
2023-11-16 19:00:05.523860,91,24,short
2023-11-16 19:00:05.792577,1374,95,long
2023-11-16 19:00:05.944512,440,81,medium
2023-11-16 19:00:06.043272,237,118,medium
2023-11-16 19:00:06.393286,401,91,medium
2023-11-16 19:00:06.419924,1257,85,long
2023-11-16 19:00:06.433861,1072,413,long
2023-11-16 19:00:06.566887,414,100,medium
2023-11-16 19:00:06.684692,1027,397,long
2023-11-16 19:00:06.846669,344,116,medium
2023-11-16 19:00:07.088537,391,102,medium
2023-11-16 19:00:07.412996,400,113,medium
2023-11-16 19:00:07.510886,3018,100,long
2023-11-16 19:00:07.746395,1060,415,long
2023-11-16 19:00:08.269848,1052,69,long
2023-11-16 19:00:08.662174,405,77,medium
2023-11-16 19:00:08.904791,235,99,medium
2023-11-16 19:00:09.030358,209,217,medium
2023-11-16 19:00:09.185521,415,113,medium
2023-11-16 19:00:09.211869,1092,438,long
2023-11-16 19:00:09.550234,1114,395,long
2023-11-16 19:00:09.756550,405,94,medium
2023-11-16 19:00:09.795025,191,183,medium
2023-11-16 19:00:09.930719,1261,151,long
2023-11-16 19:00:10.089597,3085,90,long
2023-11-16 19:00:10.228925,392,98,medium
2023-11-16 19:00:10.556941,209,212,medium
2023-11-16 19:00:10.636876,219,60,medium
2023-11-16 19:00:10.670464,703,85,long
2023-11-16 19:00:10.753669,3452,113,long
2023-11-16 19:00:10.875816,1118,429,long
2023-11-16 19:00:10.909447,1240,104,long
2023-11-16 19:00:11.201197,447,115,medium
2023-11-16 19:00:11.245416,1094,397,long
2023-11-16 19:00:11.437969,134,103,medium
2023-11-16 19:00:11.489520,3414,114,long
2023-11-16 19:00:11.572110,2753,151,long
2023-11-16 19:00:11.730708,6280,68,long
2023-11-16 19:00:11.860784,1062,397,long
2023-11-16 19:00:12.093954,543,82,long
2023-11-16 19:00:12.104055,2580,118,long
2023-11-16 19:00:12.172845,653,77,long
2023-11-16 19:00:12.213312,1015,398,long
2023-11-16 19:00:12.412084,5776,98,long
2023-11-16 19:00:12.468364,1159,394,long
2023-11-16 19:00:12.473913,1037,92,long
2023-11-16 19:00:12.852594,2429,163,long
2023-11-16 19:00:13.217463,1077,393,long
2023-11-16 19:00:13.564612,388,73,medium
2023-11-16 19:00:13.587056,418,93,medium
2023-11-16 19:00:13.701997,395,96,medium
2023-11-16 19:00:14.358232,224,79,medium
2023-11-16 19:00:15.049761,37,48,short
2023-11-16 19:00:15.204077,833,78,long
2023-11-16 19:00:15.240831,1076,411,long
2023-11-16 19:00:15.518363,209,179,medium
2023-11-16 19:00:15.636267,432,166,medium
2023-11-16 19:00:15.883074,1065,417,long
2023-11-16 19:00:16.134142,1083,428,long
2023-11-16 19:00:16.226096,163,205,medium
2023-11-16 19:00:16.692125,1022,411,long
2023-11-16 19:00:16.728027,241,100,medium
2023-11-16 19:00:16.920892,222,96,medium
2023-11-16 19:00:16.979422,5977,122,long
2023-11-16 19:00:17.492429,397,98,medium
2023-11-16 19:00:17.762676,403,97,medium
2023-11-16 19:00:17.838902,397,100,medium
2023-11-16 19:00:18.535870,181,139,medium
2023-11-16 19:00:18.703832,1383,122,long
2023-11-16 19:00:19.013031,396,93,medium
2023-11-16 19:00:19.093947,3497,114,long
2023-11-16 19:00:19.267156,1045,412,long
2023-11-16 19:00:19.268750,1028,411,long
2023-11-16 19:00:19.311195,197,181,medium
2023-11-16 19:00:19.489560,2307,99,long
2023-11-16 19:00:19.737575,1314,176,long
2023-11-16 19:00:19.928869,1036,399,long
2023-11-16 19:00:20.151860,235,70,medium
2023-11-16 19:00:20.359870,3295,130,long
2023-11-16 19:00:20.477767,1719,110,long
2023-11-16 19:00:20.553264,2207,144,long
2023-11-16 19:00:20.682641,5345,140,long
2023-11-16 19:00:20.776369,1157,397,long
2023-11-16 19:00:20.914287,1050,396,long
2023-11-16 19:00:21.108581,6352,74,long
2023-11-16 19:00:21.857975,1007,411,long
2023-11-16 19:00:21.857982,5977,116,long
2023-11-16 19:00:21.955797,918,109,long
2023-11-16 19:00:22.003266,2723,109,long
2023-11-16 19:00:22.085084,222,69,medium
2023-11-16 19:00:22.265050,237,72,medium
2023-11-16 19:00:22.365713,181,164,medium
2023-11-16 19:00:22.402837,420,121,medium
2023-11-16 19:00:22.558543,1366,101,long
2023-11-16 19:00:22.996766,1137,396,long
2023-11-16 19:00:22.998313,1140,394,long
2023-11-16 19:00:23.348821,394,93,medium
2023-11-16 19:00:23.440661,1009,411,long
2023-11-16 19:00:23.611298,2584,148,long
2023-11-16 19:00:23.666930,1166,37,long
2023-11-16 19:00:23.862979,1104,84,long
2023-11-16 19:00:23.897827,1091,411,long
2023-11-16 19:00:24.315518,1261,129,long
2023-11-16 19:00:24.328659,399,77,medium
2023-11-16 19:00:24.515795,1037,81,long
2023-11-16 19:00:24.529822,1040,420,long
2023-11-16 19:00:24.844423,1022,411,long
2023-11-16 19:00:25.007360,413,124,medium
2023-11-16 19:00:25.296157,5776,134,long
2023-11-16 19:00:25.480422,397,99,medium
2023-11-16 19:00:25.745644,410,137,medium
2023-11-16 19:00:25.754024,241,62,medium
2023-11-16 19:00:25.827382,127,194,short
2023-11-16 19:00:26.430353,404,122,medium
2023-11-16 19:00:26.431121,224,54,medium
2023-11-16 19:00:26.733085,1031,379,long
2023-11-16 19:00:26.866367,1549,132,long
2023-11-16 19:00:27.097313,1162,396,long
2023-11-16 19:00:27.213497,1613,115,long
2023-11-16 19:00:27.374613,397,80,medium
2023-11-16 19:00:27.496188,1083,446,long
2023-11-16 19:00:27.530764,27,116,short
2023-11-16 19:00:27.637857,927,90,long
2023-11-16 19:00:27.873971,1018,411,long
2023-11-16 19:00:28.063867,606,117,long
2023-11-16 19:00:28.803162,1312,138,long
2023-11-16 19:00:28.983528,1660,113,long
2023-11-16 19:00:28.997498,989,420,long
2023-11-16 19:00:29.035620,483,95,medium
2023-11-16 19:00:29.098117,421,89,medium
2023-11-16 19:00:29.503903,1315,68,long
2023-11-16 19:00:29.607221,181,179,medium
2023-11-16 19:00:29.652199,1491,57,long
2023-11-16 19:00:29.888678,1633,224,long
2023-11-16 19:00:30.310771,209,174,medium
2023-11-16 19:00:30.323069,4251,109,long
2023-11-16 19:00:30.419613,22,129,short
2023-11-16 19:00:30.517972,3171,147,long
2023-11-16 19:00:30.617828,1679,108,long
2023-11-16 19:00:31.080183,1416,472,long
2023-11-16 19:00:31.414508,120,12,short
2023-11-16 19:00:31.752413,209,179,medium
2023-11-16 19:00:31.777067,1002,386,long
2023-11-16 19:00:31.923872,1416,407,long
2023-11-16 19:00:32.080450,1032,417,long
2023-11-16 19:00:32.372612,4127,83,long
2023-11-16 19:00:32.390455,1104,83,long
2023-11-16 19:00:32.504195,1161,429,long
2023-11-16 19:00:32.514209,1032,447,long
2023-11-16 19:00:32.782289,1366,104,long
2023-11-16 19:00:32.939718,197,163,medium
2023-11-16 19:00:33.269079,2753,103,long
2023-11-16 19:00:33.393834,428,64,medium
2023-11-16 19:00:33.826411,1096,415,long
2023-11-16 19:00:33.930764,181,232,medium
2023-11-16 19:00:34.018613,982,401,long
2023-11-16 19:00:34.043349,7096,111,long
2023-11-16 19:00:34.116506,1050,396,long
2023-11-16 19:00:34.431861,1533,69,long
2023-11-16 19:00:34.453983,77,98,short
2023-11-16 19:00:34.477623,4251,81,long
2023-11-16 19:00:34.495641,1054,410,long
2023-11-16 19:00:34.514858,426,122,medium
2023-11-16 19:00:34.631687,401,101,medium
2023-11-16 19:00:34.882050,998,441,long
2023-11-16 19:00:34.941239,1106,644,long
2023-11-16 19:00:35.363718,606,65,long
2023-11-16 19:00:35.426664,197,176,medium
2023-11-16 19:00:35.451867,999,411,long
2023-11-16 19:00:35.860424,263,116,medium
2023-11-16 19:00:35.978881,902,136,long
2023-11-16 19:00:36.122906,1039,395,long
2023-11-16 19:00:36.132565,5345,111,long
2023-11-16 19:00:36.151832,1127,429,long
2023-11-16 19:00:36.297656,1055,419,long
2023-11-16 19:00:36.916743,398,79,medium
2023-11-16 19:00:37.142881,169,217,medium
2023-11-16 19:00:37.333376,415,111,medium
2023-11-16 19:00:37.541759,1049,414,long
2023-11-16 19:00:37.587196,465,86,medium
2023-11-16 19:00:37.607403,1036,399,long
2023-11-16 19:00:38.283270,1032,403,long
2023-11-16 19:00:38.726885,3628,81,long
2023-11-16 19:00:38.911735,389,101,medium
2023-11-16 19:00:38.964519,1147,163,long
2023-11-16 19:00:39.121693,1075,491,long
2023-11-16 19:00:39.187876,1268,76,long
2023-11-16 19:00:39.293299,200,217,medium
2023-11-16 19:00:39.336536,1118,388,long
2023-11-16 19:00:39.447687,327,18,medium
2023-11-16 19:00:39.478283,410,92,medium
2023-11-16 19:00:40.253911,1904,106,long
2023-11-16 19:00:40.287768,964,609,long
2023-11-16 19:00:40.289500,979,393,long
2023-11-16 19:00:40.291216,1043,392,long
2023-11-16 19:00:40.300309,237,15,medium
2023-11-16 19:00:40.314563,1495,102,long
2023-11-16 19:00:40.378771,1013,405,long
2023-11-16 19:00:40.382960,3882,105,long
2023-11-16 19:00:40.443088,818,85,long
2023-11-16 19:00:40.980621,209,217,medium
2023-11-16 19:00:41.032853,998,475,long
2023-11-16 19:00:41.379935,415,91,medium
2023-11-16 19:00:41.444245,647,89,long
2023-11-16 19:00:41.453394,1036,395,long
2023-11-16 19:00:41.523599,1026,404,long
2023-11-16 19:00:41.966809,206,217,medium
2023-11-16 19:00:42.439091,1032,429,long
2023-11-16 19:00:42.444298,584,76,long
2023-11-16 19:00:42.628425,1471,50,long
2023-11-16 19:00:42.692178,2348,73,long
2023-11-16 19:00:42.755246,403,116,medium
2023-11-16 19:00:43.065976,209,217,medium
2023-11-16 19:00:43.120357,177,58,medium
2023-11-16 19:00:43.235713,981,391,long
2023-11-16 19:00:43.389248,1031,379,long
2023-11-16 19:00:43.419861,1779,121,long
2023-11-16 19:00:43.527680,1032,411,long
2023-11-16 19:00:43.694607,6352,130,long
2023-11-16 19:00:44.018627,1552,51,long
2023-11-16 19:00:44.069356,1045,414,long
2023-11-16 19:00:44.322841,1048,94,long
2023-11-16 19:00:44.985747,2723,146,long
2023-11-16 19:00:45.083310,407,108,medium
2023-11-16 19:00:45.160214,1028,411,long
2023-11-16 19:00:45.212565,821,150,long
2023-11-16 19:00:45.272250,5071,80,long
2023-11-16 19:00:45.315991,591,91,long
2023-11-16 19:00:45.436801,964,423,long
2023-11-16 19:00:45.471715,408,108,medium
2023-11-16 19:00:45.754330,1009,398,long
2023-11-16 19:00:45.754602,818,121,long
2023-11-16 19:00:45.818733,428,110,medium
2023-11-16 19:00:45.928278,818,93,long
2023-11-16 19:00:45.965362,1045,414,long
2023-11-16 19:00:46.099608,1013,94,long
2023-11-16 19:00:46.133446,1022,433,long
2023-11-16 19:00:46.307721,1054,388,long
2023-11-16 19:00:46.332275,733,92,long
2023-11-16 19:00:46.426841,181,191,medium
2023-11-16 19:00:46.571599,1312,172,long
2023-11-16 19:00:46.924803,680,118,long
2023-11-16 19:00:47.102111,3171,123,long
2023-11-16 19:00:47.314574,410,105,medium
2023-11-16 19:00:47.445380,2593,112,long
2023-11-16 19:00:47.454002,209,162,medium
2023-11-16 19:00:47.534316,400,115,medium
2023-11-16 19:00:47.646737,400,106,medium
2023-11-16 19:00:47.713277,1007,397,long
2023-11-16 19:00:47.748462,1348,138,long
2023-11-16 19:00:47.807688,584,83,long
2023-11-16 19:00:47.808804,394,80,medium
2023-11-16 19:00:47.905454,1316,221,long
2023-11-16 19:00:48.126893,374,111,medium
2023-11-16 19:00:48.149735,1005,414,long
2023-11-16 19:00:48.153254,402,124,medium
2023-11-16 19:00:48.212461,2774,106,long
2023-11-16 19:00:48.543751,964,444,long
2023-11-16 19:00:48.618278,3882,113,long
2023-11-16 19:00:48.621670,902,95,long
2023-11-16 19:00:48.693522,530,117,long
2023-11-16 19:00:48.699906,391,110,medium
2023-11-16 19:00:48.707406,821,105,long
2023-11-16 19:00:49.114825,1549,139,long
2023-11-16 19:00:49.207846,1058,430,long
2023-11-16 19:00:49.696106,206,193,medium
2023-11-16 19:00:49.969507,238,94,medium
2023-11-16 19:00:49.997904,1165,37,long
2023-11-16 19:00:50.652555,397,92,medium
2023-11-16 19:00:50.690010,393,95,medium
2023-11-16 19:00:50.815420,989,418,long
2023-11-16 19:00:50.894426,414,108,medium
2023-11-16 19:00:51.106752,2479,199,long
2023-11-16 19:00:51.347236,1014,390,long
2023-11-16 19:00:51.625505,1003,392,long
2023-11-16 19:00:51.651012,1018,411,long
2023-11-16 19:00:51.750639,1031,394,long
2023-11-16 19:00:51.845518,1079,83,long
2023-11-16 19:00:52.020806,181,184,medium
2023-11-16 19:00:52.079621,5572,158,long
2023-11-16 19:00:52.159478,818,114,long
2023-11-16 19:00:52.239939,327,110,medium
2023-11-16 19:00:52.306502,1005,414,long
2023-11-16 19:00:52.865703,408,153,medium
2023-11-16 19:00:53.935177,181,168,medium
2023-11-16 19:00:54.033980,213,122,medium
2023-11-16 19:00:54.089667,1013,399,long
2023-11-16 19:00:54.573799,992,398,long
2023-11-16 19:00:54.939644,5572,126,long
2023-11-16 19:00:55.130241,186,102,medium
2023-11-16 19:00:55.170310,320,18,medium
2023-11-16 19:00:55.232490,1045,414,long
2023-11-16 19:00:55.718720,1355,218,long
2023-11-16 19:00:55.814970,400,88,medium
2023-11-16 19:00:55.851953,415,133,medium
2023-11-16 19:00:56.003195,1049,407,long
2023-11-16 19:00:56.204652,1039,414,long
2023-11-16 19:00:56.309508,911,394,long
2023-11-16 19:00:56.634799,392,131,medium
2023-11-16 19:00:56.702867,1313,146,long
2023-11-16 19:00:56.703220,909,403,long
2023-11-16 19:00:57.234788,1057,414,long
2023-11-16 19:00:57.309150,985,397,long
2023-11-16 19:00:57.559039,1026,411,long
2023-11-16 19:00:57.582544,1006,388,long
2023-11-16 19:00:57.594667,732,54,long
2023-11-16 19:00:57.820028,206,192,medium
2023-11-16 19:00:58.026625,1011,391,long
2023-11-16 19:00:58.073063,1041,391,long
2023-11-16 19:00:58.103089,6352,108,long
2023-11-16 19:00:58.177119,2479,117,long
2023-11-16 19:00:58.868639,998,392,long
2023-11-16 19:00:59.014709,1002,386,long
2023-11-16 19:00:59.126506,1316,203,long
2023-11-16 19:00:59.196951,3751,108,long
2023-11-16 19:00:59.429055,1092,404,long
2023-11-16 19:00:59.481202,970,368,long
2023-11-16 19:00:59.749106,7096,162,long
2023-11-16 19:01:00.059049,898,88,long
2023-11-16 19:01:00.182853,955,57,long
2023-11-16 19:01:00.280621,401,84,medium
2023-11-16 19:01:00.304368,2290,89,long
2023-11-16 19:01:00.383156,1779,129,long
2023-11-16 19:01:00.529335,181,170,medium
2023-11-16 19:01:00.551652,931,92,long
2023-11-16 19:01:00.799913,240,72,medium
2023-11-16 19:01:00.800055,1032,451,long
2023-11-16 19:01:00.972811,647,104,long
2023-11-16 19:01:00.994971,239,38,medium
2023-11-16 19:01:01.077819,407,105,medium
2023-11-16 19:01:01.085262,406,91,medium
2023-11-16 19:01:01.223715,998,475,long
2023-11-16 19:01:01.260464,732,99,long
2023-11-16 19:01:01.417301,399,118,medium
2023-11-16 19:01:01.611371,591,109,long
2023-11-16 19:01:01.630503,1031,400,long
2023-11-16 19:01:01.999863,909,403,long
2023-11-16 19:01:02.635295,213,69,medium
2023-11-16 19:01:02.715021,1556,61,long
2023-11-16 19:01:02.777699,13,51,short
2023-11-16 19:01:02.869620,1451,62,long
2023-11-16 19:01:02.894839,209,162,medium
2023-11-16 19:01:03.054368,1020,405,long
2023-11-16 19:01:03.100791,26,228,short
2023-11-16 19:01:03.296084,733,97,long
2023-11-16 19:01:03.384184,1897,78,long
2023-11-16 19:01:03.692023,420,84,medium
2023-11-16 19:01:03.815921,1926,108,long
2023-11-16 19:01:03.954414,209,217,medium
2023-11-16 19:01:04.320659,3080,70,long
2023-11-16 19:01:04.472561,231,129,medium
2023-11-16 19:01:04.708026,1003,615,long
2023-11-16 19:01:04.995188,1904,142,long
2023-11-16 19:01:05.577758,207,62,medium
2023-11-16 19:01:05.859915,530,165,long
2023-11-16 19:01:06.008830,212,179,medium
2023-11-16 19:01:06.025358,2723,166,long
2023-11-16 19:01:06.356986,237,14,medium
2023-11-16 19:01:06.497381,5071,125,long
2023-11-16 19:01:06.701921,2593,133,long
2023-11-16 19:01:07.380341,218,183,medium
2023-11-16 19:01:07.604851,1076,409,long
2023-11-16 19:01:07.897629,1549,114,long
2023-11-16 19:01:08.040782,215,162,medium
2023-11-16 19:01:08.054219,420,87,medium
2023-11-16 19:01:08.390886,181,157,medium
2023-11-16 19:01:08.549435,84,140,short
2023-11-16 19:01:08.691424,414,99,medium
2023-11-16 19:01:09.188198,1020,390,long
2023-11-16 19:01:09.538663,231,63,medium
2023-11-16 19:01:09.723554,1318,201,long
2023-11-16 19:01:10.143141,1000,396,long
2023-11-16 19:01:10.230919,2053,138,long
2023-11-16 19:01:10.416126,1028,411,long
2023-11-16 19:01:10.610832,422,91,medium
2023-11-16 19:01:10.694382,997,722,long
2023-11-16 19:01:11.138785,680,154,long
2023-11-16 19:01:11.139420,1093,585,long
2023-11-16 19:01:11.179247,4157,124,long
2023-11-16 19:01:11.394513,2655,119,long
2023-11-16 19:01:11.395406,913,103,long
2023-11-16 19:01:11.432038,617,86,long
2023-11-16 19:01:11.447458,732,75,long
2023-11-16 19:01:11.701811,331,18,medium
2023-11-16 19:01:11.800329,212,217,medium
2023-11-16 19:01:12.076863,252,67,medium
2023-11-16 19:01:12.077299,3080,57,long
2023-11-16 19:01:12.202991,400,103,medium
2023-11-16 19:01:12.208999,1039,414,long
2023-11-16 19:01:12.281444,209,162,medium
2023-11-16 19:01:12.306455,1054,410,long
2023-11-16 19:01:12.323622,211,59,medium
2023-11-16 19:01:12.631229,231,134,medium
2023-11-16 19:01:12.875332,437,109,medium
2023-11-16 19:01:13.030721,4764,69,long
2023-11-16 19:01:13.052755,194,175,medium
2023-11-16 19:01:13.316687,1049,413,long
2023-11-16 19:01:13.334177,492,55,medium
2023-11-16 19:01:13.628949,416,136,medium
2023-11-16 19:01:13.812696,1058,429,long
2023-11-16 19:01:14.219438,974,160,long
2023-11-16 19:01:14.375583,977,429,long
2023-11-16 19:01:14.700931,1466,87,long
2023-11-16 19:01:15.129407,1049,400,long
2023-11-16 19:01:15.233527,3751,171,long
2023-11-16 19:01:15.462962,1065,373,long
2023-11-16 19:01:15.525578,396,96,medium
2023-11-16 19:01:15.665949,1416,407,long
2023-11-16 19:01:15.748414,37,60,short
2023-11-16 19:01:15.795424,992,395,long
2023-11-16 19:01:15.811934,236,53,medium
2023-11-16 19:01:15.845933,1211,48,long
2023-11-16 19:01:15.889256,406,89,medium
2023-11-16 19:01:16.256686,186,118,medium
2023-11-16 19:01:16.441906,1986,41,long
2023-11-16 19:01:16.811027,3242,115,long
2023-11-16 19:01:17.142344,1057,384,long
2023-11-16 19:01:17.391020,211,48,medium
2023-11-16 19:01:17.536791,1055,442,long
2023-11-16 19:01:17.625914,181,91,medium
2023-11-16 19:01:17.873042,1319,142,long
2023-11-16 19:01:18.180557,1076,429,long
2023-11-16 19:01:18.338547,394,103,medium
2023-11-16 19:01:18.445921,308,18,medium
2023-11-16 19:01:18.576477,410,86,medium
2023-11-16 19:01:18.724917,400,86,medium
2023-11-16 19:01:18.748169,1032,430,long
2023-11-16 19:01:18.907329,1020,550,long
2023-11-16 19:01:18.987378,401,89,medium
2023-11-16 19:01:19.127871,1300,75,long
2023-11-16 19:01:19.442675,1377,112,long
2023-11-16 19:01:19.452025,400,95,medium
2023-11-16 19:01:19.459482,812,81,long
2023-11-16 19:01:19.819715,361,88,medium
2023-11-16 19:01:20.086595,396,112,medium
2023-11-16 19:01:20.238503,1416,399,long
2023-11-16 19:01:20.325778,1023,429,long
2023-11-16 19:01:20.417445,1076,429,long
2023-11-16 19:01:20.485588,7096,108,long
2023-11-16 19:01:20.488476,1904,141,long
2023-11-16 19:01:20.489324,394,91,medium
2023-11-16 19:01:20.533143,403,112,medium
2023-11-16 19:01:20.548986,898,81,long
2023-11-16 19:01:20.790413,413,128,medium
2023-11-16 19:01:20.893205,3751,150,long
2023-11-16 19:01:20.978043,1237,108,long
2023-11-16 19:01:20.985978,973,109,long
2023-11-16 19:01:21.149250,913,93,long
2023-11-16 19:01:21.231316,3930,63,long
2023-11-16 19:01:21.421917,1033,407,long
2023-11-16 19:01:21.704343,1031,415,long
2023-11-16 19:01:22.054908,2221,186,long
2023-11-16 19:01:22.782974,2655,116,long
2023-11-16 19:01:22.802257,395,106,medium
2023-11-16 19:01:22.915750,1065,435,long
2023-11-16 19:01:23.136961,1321,154,long
2023-11-16 19:01:23.188790,231,89,medium
2023-11-16 19:01:23.562326,317,18,medium
2023-11-16 19:01:23.687096,197,217,medium
2023-11-16 19:01:23.758433,4157,117,long
2023-11-16 19:01:24.003611,1926,134,long
2023-11-16 19:01:25.211367,1211,64,long
2023-11-16 19:01:25.358065,408,91,medium
2023-11-16 19:01:25.622250,1052,414,long
2023-11-16 19:01:25.658619,126,74,short
2023-11-16 19:01:25.687876,1419,132,long
2023-11-16 19:01:25.698964,1039,409,long
2023-11-16 19:01:25.786456,2144,127,long
2023-11-16 19:01:26.135991,1076,441,long
2023-11-16 19:01:26.175465,973,100,long
2023-11-16 19:01:26.228982,219,69,medium
2023-11-16 19:01:26.229584,888,70,long
2023-11-16 19:01:26.416803,2156,90,long
2023-11-16 19:01:26.448673,1314,225,long
2023-11-16 19:01:26.521409,2452,127,long
2023-11-16 19:01:26.848817,391,88,medium
2023-11-16 19:01:26.886384,1058,386,long
2023-11-16 19:01:26.910950,848,449,long
2023-11-16 19:01:27.548487,469,60,medium
2023-11-16 19:01:27.612031,401,128,medium
2023-11-16 19:01:27.728746,401,89,medium
2023-11-16 19:01:27.834676,1005,401,long
2023-11-16 19:01:28.052366,1375,70,long
2023-11-16 19:01:28.175174,1184,375,long
2023-11-16 19:01:28.666760,1076,459,long
2023-11-16 19:01:29.149042,3185,100,long
2023-11-16 19:01:29.222249,488,98,medium
2023-11-16 19:01:29.243847,1416,396,long
2023-11-16 19:01:29.516958,1419,111,long
2023-11-16 19:01:29.526191,390,88,medium
2023-11-16 19:01:29.546139,1020,414,long
2023-11-16 19:01:29.626775,1031,392,long
2023-11-16 19:01:29.652964,1130,388,long
2023-11-16 19:01:29.824012,2423,99,long
2023-11-16 19:01:30.021148,1076,429,long
2023-11-16 19:01:30.056296,3857,132,long
2023-11-16 19:01:30.151312,200,217,medium
2023-11-16 19:01:30.252298,1049,400,long
2023-11-16 19:01:30.262610,181,92,medium
2023-11-16 19:01:30.265266,400,112,medium
2023-11-16 19:01:30.292151,2135,66,long
2023-11-16 19:01:30.521128,1009,398,long
2023-11-16 19:01:30.643384,1093,481,long
2023-11-16 19:01:30.652336,400,112,medium
2023-11-16 19:01:30.842065,394,89,medium
2023-11-16 19:01:30.846210,1745,105,long
2023-11-16 19:01:31.096560,1029,645,long
2023-11-16 19:01:31.421936,1300,79,long
2023-11-16 19:01:31.784453,203,162,medium
2023-11-16 19:01:31.982534,1026,405,long
2023-11-16 19:01:32.079487,15,150,short
2023-11-16 19:01:32.097182,1316,218,long
2023-11-16 19:01:32.514719,2735,131,long
2023-11-16 19:01:32.594516,1013,420,long
2023-11-16 19:01:32.789935,315,116,medium
2023-11-16 19:01:32.829764,215,217,medium
2023-11-16 19:01:33.086398,1030,63,long
2023-11-16 19:01:33.567136,1330,46,long
2023-11-16 19:01:33.863642,1050,404,long
2023-11-16 19:01:33.923858,120,12,short
2023-11-16 19:01:34.421905,1076,448,long
2023-11-16 19:01:34.682467,857,114,long
2023-11-16 19:01:34.841379,402,117,medium
2023-11-16 19:01:34.922416,855,91,long
2023-11-16 19:01:35.089236,388,86,medium
2023-11-16 19:01:35.244409,219,82,medium
2023-11-16 19:01:35.306746,209,217,medium
2023-11-16 19:01:35.322961,1256,130,long
2023-11-16 19:01:35.378977,680,122,long
2023-11-16 19:01:35.450558,403,129,medium
2023-11-16 19:01:35.666857,1055,385,long
2023-11-16 19:01:35.939812,403,80,medium
2023-11-16 19:01:36.215810,1012,123,long
2023-11-16 19:01:36.246865,2735,80,long
2023-11-16 19:01:36.519820,1377,165,long
2023-11-16 19:01:36.588963,1019,395,long
2023-11-16 19:01:36.688950,1000,419,long
2023-11-16 19:01:36.697113,1024,429,long
2023-11-16 19:01:36.704311,4157,102,long
2023-11-16 19:01:36.750764,1237,132,long
2023-11-16 19:01:36.792367,539,129,long
2023-11-16 19:01:36.851142,1065,396,long
2023-11-16 19:01:36.934976,291,147,medium
2023-11-16 19:01:36.943283,977,429,long
2023-11-16 19:01:36.991673,1745,107,long
2023-11-16 19:01:37.022356,3751,131,long
2023-11-16 19:01:37.170001,401,100,medium
2023-11-16 19:01:37.194150,1057,401,long
2023-11-16 19:01:37.210410,6949,103,long
2023-11-16 19:01:37.270910,1011,398,long
2023-11-16 19:01:37.447336,824,90,long
2023-11-16 19:01:37.698462,2144,101,long
2023-11-16 19:01:37.797539,1060,179,long
2023-11-16 19:01:38.135474,2593,113,long
2023-11-16 19:01:38.192226,1821,90,long
2023-11-16 19:01:38.275411,407,99,medium
2023-11-16 19:01:38.292731,3815,68,long
2023-11-16 19:01:38.490239,1024,429,long
2023-11-16 19:01:38.540715,1040,405,long
2023-11-16 19:01:39.048815,4764,93,long
2023-11-16 19:01:39.135870,5377,100,long
2023-11-16 19:01:39.500894,1041,391,long
2023-11-16 19:01:39.713194,1184,416,long
2023-11-16 19:01:39.831517,390,98,medium
2023-11-16 19:01:40.028679,423,62,medium
2023-11-16 19:01:40.030932,1316,239,long
2023-11-16 19:01:40.247963,200,205,medium
2023-11-16 19:01:40.251903,1438,101,long
2023-11-16 19:01:40.292880,848,436,long
2023-11-16 19:01:40.320570,3185,83,long
2023-11-16 19:01:40.385941,315,56,medium
2023-11-16 19:01:40.494607,971,375,long
2023-11-16 19:01:40.520907,266,74,medium
2023-11-16 19:01:40.756773,1540,97,long
2023-11-16 19:01:40.902137,909,425,long
2023-11-16 19:01:40.903455,1050,404,long
2023-11-16 19:01:40.996212,1043,411,long
2023-11-16 19:01:40.996811,181,236,medium
2023-11-16 19:01:41.092879,200,217,medium
2023-11-16 19:01:41.271062,1151,57,long
2023-11-16 19:01:41.454510,203,181,medium
2023-11-16 19:01:41.636084,1194,119,long
2023-11-16 19:01:41.648255,982,390,long
2023-11-16 19:01:41.648261,1014,395,long
2023-11-16 19:01:42.460479,307,18,medium
2023-11-16 19:01:42.600741,395,102,medium
2023-11-16 19:01:42.609992,1076,401,long
2023-11-16 19:01:43.308904,971,475,long
2023-11-16 19:01:43.589365,3292,139,long
2023-11-16 19:01:43.767323,291,73,medium
2023-11-16 19:01:43.778598,194,147,medium
2023-11-16 19:01:43.805560,1023,430,long
2023-11-16 19:01:44.067565,397,81,medium
2023-11-16 19:01:44.294852,2268,56,long
2023-11-16 19:01:44.362891,3815,54,long
2023-11-16 19:01:44.521191,4527,123,long
2023-11-16 19:01:44.626581,1065,408,long
2023-11-16 19:01:44.682774,427,142,medium
2023-11-16 19:01:44.703074,402,128,medium
2023-11-16 19:01:44.959792,203,181,medium
2023-11-16 19:01:45.011376,1066,440,long
2023-11-16 19:01:45.079052,425,85,medium
2023-11-16 19:01:45.177358,444,94,medium
2023-11-16 19:01:45.327489,1417,90,long
2023-11-16 19:01:45.368913,1043,448,long
2023-11-16 19:01:45.387706,982,412,long
2023-11-16 19:01:45.399929,394,92,medium
2023-11-16 19:01:45.606033,1076,448,long
2023-11-16 19:01:45.666082,1416,396,long
2023-11-16 19:01:46.208344,420,124,medium
2023-11-16 19:01:46.336545,203,138,medium
2023-11-16 19:01:46.337478,357,100,medium
2023-11-16 19:01:46.379426,423,72,medium
2023-11-16 19:01:46.508027,4869,77,long
2023-11-16 19:01:46.586215,1020,550,long
2023-11-16 19:01:46.633636,1032,401,long
2023-11-16 19:01:46.821349,1031,394,long
2023-11-16 19:01:47.213931,2409,76,long
2023-11-16 19:01:47.337908,1072,442,long
2023-11-16 19:01:47.375182,1058,407,long
2023-11-16 19:01:47.484724,402,150,medium
2023-11-16 19:01:47.505622,3356,61,long
2023-11-16 19:01:47.990289,408,105,medium
2023-11-16 19:01:48.120779,5158,122,long
2023-11-16 19:01:48.240833,2452,151,long
2023-11-16 19:01:48.584406,403,95,medium
2023-11-16 19:01:48.935189,2584,153,long
2023-11-16 19:01:48.936557,857,121,long
2023-11-16 19:01:49.036553,1926,170,long
2023-11-16 19:01:49.050464,181,84,medium
2023-11-16 19:01:49.121149,947,94,long
2023-11-16 19:01:49.611994,5377,85,long
2023-11-16 19:01:49.688899,1076,438,long
2023-11-16 19:01:49.718862,1031,414,long
2023-11-16 19:01:50.131346,1127,77,long
2023-11-16 19:01:50.222770,5277,71,long
2023-11-16 19:01:50.424599,403,129,medium
2023-11-16 19:01:50.672238,1052,414,long
2023-11-16 19:01:50.673884,1065,400,long
2023-11-16 19:01:51.008461,397,162,medium
2023-11-16 19:01:51.188018,1038,414,long
2023-11-16 19:01:51.300910,3751,126,long
2023-11-16 19:01:51.439652,1033,414,long
2023-11-16 19:01:51.531086,1031,404,long
2023-11-16 19:01:51.752433,1320,154,long
2023-11-16 19:01:51.829255,388,64,medium
2023-11-16 19:01:51.892584,1040,537,long
2023-11-16 19:01:51.924186,200,217,medium
2023-11-16 19:01:51.991985,1024,411,long
2023-11-16 19:01:52.113389,429,67,medium
2023-11-16 19:01:52.319032,920,77,long
2023-11-16 19:01:52.392563,1055,427,long
2023-11-16 19:01:52.608162,947,127,long
2023-11-16 19:01:53.063452,1040,532,long
2023-11-16 19:01:53.089203,1821,88,long
2023-11-16 19:01:53.634576,3728,138,long
2023-11-16 19:01:53.951689,697,93,long
2023-11-16 19:01:54.120193,2239,96,long
2023-11-16 19:01:54.493882,1093,72,long
2023-11-16 19:01:54.590467,401,96,medium
2023-11-16 19:01:54.875115,247,105,medium
2023-11-16 19:01:55.047543,250,48,medium
2023-11-16 19:01:55.188023,4527,120,long
2023-11-16 19:01:55.363297,1012,120,long
2023-11-16 19:01:55.393607,242,14,medium
2023-11-16 19:01:55.488690,1010,430,long
2023-11-16 19:01:55.637772,3090,91,long
2023-11-16 19:01:55.865156,1209,440,long
2023-11-16 19:01:55.866078,410,123,medium
2023-11-16 19:01:56.004589,1377,147,long
2023-11-16 19:01:56.244249,395,113,medium
2023-11-16 19:01:56.303597,1066,410,long
2023-11-16 19:01:56.317656,1010,431,long
2023-11-16 19:01:56.365275,401,140,medium
2023-11-16 19:01:56.708173,673,94,long
2023-11-16 19:01:56.852189,435,131,medium
2023-11-16 19:01:57.201736,395,102,medium
2023-11-16 19:01:57.681050,3292,149,long
2023-11-16 19:01:57.726004,1241,70,long
2023-11-16 19:01:57.778889,215,217,medium
2023-11-16 19:01:57.965699,1184,384,long
2023-11-16 19:01:57.977674,1076,429,long
2023-11-16 19:01:57.988929,1055,377,long
2023-11-16 19:01:58.110247,1417,88,long
2023-11-16 19:01:58.178271,1024,400,long
2023-11-16 19:01:58.342941,406,94,medium
2023-11-16 19:01:58.384236,399,78,medium
2023-11-16 19:01:58.423212,200,181,medium
2023-11-16 19:01:58.470779,399,97,medium
2023-11-16 19:01:58.821727,2867,77,long
2023-11-16 19:01:59.320980,723,77,long
2023-11-16 19:01:59.364598,984,429,long
2023-11-16 19:01:59.909696,1076,459,long
2023-11-16 19:02:00.066441,1850,49,long
2023-11-16 19:02:00.074793,1315,148,long
2023-11-16 19:02:00.083287,391,88,medium
2023-11-16 19:02:00.429317,194,181,medium
2023-11-16 19:02:00.554888,1050,404,long
2023-11-16 19:02:00.573260,1241,155,long
2023-11-16 19:02:00.652781,128,194,short
2023-11-16 19:02:01.174522,203,179,medium
2023-11-16 19:02:01.344040,391,98,medium
2023-11-16 19:02:01.346587,5277,73,long
2023-11-16 19:02:01.383145,1000,396,long
2023-11-16 19:02:01.406602,209,162,medium
2023-11-16 19:02:01.538085,1052,152,long
2023-11-16 19:02:01.678113,1043,386,long
2023-11-16 19:02:02.070131,1010,431,long
2023-11-16 19:02:02.150522,1680,61,long
2023-11-16 19:02:02.218795,5158,103,long
2023-11-16 19:02:02.437553,91,16,short
2023-11-16 19:02:02.550854,1005,414,long
2023-11-16 19:02:02.648872,407,130,medium
2023-11-16 19:02:02.680287,1066,411,long
2023-11-16 19:02:02.919138,400,115,medium
2023-11-16 19:02:03.257895,1540,169,long
2023-11-16 19:02:03.803865,350,102,medium
2023-11-16 19:02:03.819424,984,429,long
2023-11-16 19:02:03.924150,1835,125,long
2023-11-16 19:02:04.012593,947,89,long
2023-11-16 19:02:04.014821,1209,399,long
2023-11-16 19:02:04.269489,929,128,long
2023-11-16 19:02:05.025493,929,141,long
2023-11-16 19:02:05.257990,1256,79,long
2023-11-16 19:02:05.763083,393,97,medium
2023-11-16 19:02:05.857568,453,95,medium
2023-11-16 19:02:06.138299,987,396,long
2023-11-16 19:02:06.246976,5501,49,long
2023-11-16 19:02:06.283956,1316,186,long
2023-11-16 19:02:06.375448,216,82,medium
2023-11-16 19:02:06.587215,837,103,long
2023-11-16 19:02:06.866249,21,194,short
2023-11-16 19:02:06.990303,401,149,medium
2023-11-16 19:02:07.012791,397,115,medium
2023-11-16 19:02:07.163641,247,65,medium
2023-11-16 19:02:07.520489,350,66,medium
2023-11-16 19:02:07.521429,181,255,medium
2023-11-16 19:02:07.552341,420,107,medium
2023-11-16 19:02:07.657279,408,97,medium
2023-11-16 19:02:07.668341,883,88,long
2023-11-16 19:02:07.673886,181,140,medium
2023-11-16 19:02:07.942000,206,217,medium
2023-11-16 19:02:07.992520,200,162,medium
2023-11-16 19:02:08.555858,1011,451,long
2023-11-16 19:02:08.576062,977,434,long
2023-11-16 19:02:08.635315,396,112,medium
2023-11-16 19:02:08.639547,1057,401,long
2023-11-16 19:02:08.847626,1055,427,long
2023-11-16 19:02:08.927516,2635,55,long
2023-11-16 19:02:09.023587,2108,123,long
2023-11-16 19:02:09.079012,1313,181,long
2023-11-16 19:02:09.186595,5652,104,long
2023-11-16 19:02:09.365189,1348,178,long
2023-11-16 19:02:09.761270,411,87,medium
2023-11-16 19:02:09.900215,61,81,short
2023-11-16 19:02:09.900547,412,96,medium
2023-11-16 19:02:10.014727,1043,414,long
2023-11-16 19:02:10.371242,1096,411,long
2023-11-16 19:02:10.415308,697,95,long
2023-11-16 19:02:10.425050,1760,58,long
2023-11-16 19:02:10.737722,202,82,medium
2023-11-16 19:02:10.738302,400,170,medium
2023-11-16 19:02:10.821876,415,90,medium
2023-11-16 19:02:10.918838,1041,451,long
2023-11-16 19:02:11.099838,1041,394,long
2023-11-16 19:02:11.224529,474,163,medium
2023-11-16 19:02:11.297914,2166,97,long
2023-11-16 19:02:11.380693,2553,94,long
2023-11-16 19:02:11.442250,723,97,long
2023-11-16 19:02:11.491880,397,111,medium
2023-11-16 19:02:11.798458,411,93,medium
2023-11-16 19:02:12.588193,6949,88,long
2023-11-16 19:02:12.675062,398,102,medium
2023-11-16 19:02:12.937125,2452,181,long
2023-11-16 19:02:13.064177,2146,128,long
2023-11-16 19:02:13.398969,3747,143,long
2023-11-16 19:02:13.491352,212,183,medium
2023-11-16 19:02:13.555895,1316,174,long
2023-11-16 19:02:13.569198,1730,125,long
2023-11-16 19:02:13.606470,4722,140,long
2023-11-16 19:02:13.826536,197,217,medium
2023-11-16 19:02:13.903707,181,170,medium
2023-11-16 19:02:14.051846,1096,489,long
2023-11-16 19:02:14.140095,1032,430,long
2023-11-16 19:02:14.242494,409,116,medium
2023-11-16 19:02:14.462881,431,98,medium
2023-11-16 19:02:14.484205,2091,128,long
2023-11-16 19:02:14.489490,1540,158,long
2023-11-16 19:02:15.012772,982,379,long
2023-11-16 19:02:15.104466,2221,189,long
2023-11-16 19:02:15.145132,1320,158,long
2023-11-16 19:02:15.390479,1024,401,long
2023-11-16 19:02:15.485096,438,112,medium
2023-11-16 19:02:15.952718,1958,103,long
2023-11-16 19:02:16.082971,1033,391,long
2023-11-16 19:02:16.204827,131,205,medium
2023-11-16 19:02:16.225296,1316,157,long
2023-11-16 19:02:16.367166,1315,172,long
2023-11-16 19:02:16.625364,987,408,long
2023-11-16 19:02:17.012932,418,200,medium
2023-11-16 19:02:17.052794,2166,82,long
2023-11-16 19:02:17.289601,1540,124,long
2023-11-16 19:02:18.046633,788,88,long
2023-11-16 19:02:18.139839,687,94,long
2023-11-16 19:02:18.287832,203,152,medium
2023-11-16 19:02:18.451746,406,165,medium
2023-11-16 19:02:18.562748,28,133,short
2023-11-16 19:02:18.632174,415,92,medium
2023-11-16 19:02:18.673301,1024,429,long
2023-11-16 19:02:19.031988,194,217,medium
2023-11-16 19:02:19.304872,837,95,long
2023-11-16 19:02:19.317042,181,252,medium
2023-11-16 19:02:19.557905,200,167,medium
2023-11-16 19:02:19.634707,2091,78,long
2023-11-16 19:02:19.712892,1065,409,long
2023-11-16 19:02:19.745289,1130,116,long
2023-11-16 19:02:20.119087,399,117,medium
2023-11-16 19:02:20.295539,2108,136,long
2023-11-16 19:02:20.632477,398,108,medium
2023-11-16 19:02:20.738552,971,534,long
2023-11-16 19:02:20.870276,3747,76,long
2023-11-16 19:02:20.916824,1020,411,long
2023-11-16 19:02:20.940917,200,217,medium
2023-11-16 19:02:21.222596,403,102,medium
2023-11-16 19:02:21.313002,206,186,medium
2023-11-16 19:02:21.459497,1019,411,long
2023-11-16 19:02:21.658059,197,211,medium
2023-11-16 19:02:21.668305,519,99,long
2023-11-16 19:02:21.742242,687,113,long
2023-11-16 19:02:21.776387,391,88,medium
2023-11-16 19:02:22.322186,200,167,medium
2023-11-16 19:02:22.679600,407,132,medium
2023-11-16 19:02:22.720819,91,16,short
2023-11-16 19:02:22.782263,397,116,medium
2023-11-16 19:02:23.466368,401,91,medium
2023-11-16 19:02:23.511514,1010,448,long
2023-11-16 19:02:23.824768,911,413,long
2023-11-16 19:02:23.918687,1409,82,long
2023-11-16 19:02:24.093230,411,90,medium
2023-11-16 19:02:24.366224,474,103,medium
2023-11-16 19:02:24.367460,203,217,medium
2023-11-16 19:02:24.373199,2870,61,long
2023-11-16 19:02:24.476657,2123,87,long
2023-11-16 19:02:24.506488,2893,69,long
2023-11-16 19:02:24.539916,455,97,medium
2023-11-16 19:02:24.935263,203,211,medium
2023-11-16 19:02:25.137951,2895,99,long
2023-11-16 19:02:25.248592,1020,85,long
2023-11-16 19:02:25.431181,947,107,long
2023-11-16 19:02:25.637695,400,96,medium
2023-11-16 19:02:26.240883,2893,71,long
2023-11-16 19:02:26.568265,1313,145,long
2023-11-16 19:02:26.793400,1020,393,long
2023-11-16 19:02:26.809783,19,76,short
2023-11-16 19:02:26.924329,2655,96,long
2023-11-16 19:02:26.996123,215,76,medium
2023-11-16 19:02:27.039997,1169,99,long
2023-11-16 19:02:27.153285,1065,398,long
2023-11-16 19:02:27.655772,993,392,long
2023-11-16 19:02:28.071264,194,174,medium
2023-11-16 19:02:28.105525,1010,448,long
2023-11-16 19:02:28.727947,18,110,short
2023-11-16 19:02:29.066210,4549,125,long
2023-11-16 19:02:29.209574,1209,395,long
2023-11-16 19:02:29.290908,8,110,short
2023-11-16 19:02:29.519265,191,217,medium
2023-11-16 19:02:29.569386,1409,83,long
2023-11-16 19:02:29.839002,1785,98,long
2023-11-16 19:02:29.839581,399,94,medium
2023-11-16 19:02:29.941902,2146,76,long
2023-11-16 19:02:30.031414,206,217,medium
2023-11-16 19:02:30.057713,181,106,medium
2023-11-16 19:02:30.278714,367,103,medium
2023-11-16 19:02:30.380227,770,71,long
2023-11-16 19:02:30.501016,1233,59,long
2023-11-16 19:02:30.568311,2630,47,long
2023-11-16 19:02:30.627715,2584,139,long
2023-11-16 19:02:30.732094,390,124,medium
2023-11-16 19:02:30.853750,1013,420,long
2023-11-16 19:02:30.937095,3292,139,long
2023-11-16 19:02:31.069459,910,85,long
2023-11-16 19:02:31.101397,2123,80,long
2023-11-16 19:02:31.283903,181,1000,medium
2023-11-16 19:02:31.679654,883,115,long
2023-11-16 19:02:31.680169,788,118,long
2023-11-16 19:02:31.961349,2893,82,long
2023-11-16 19:02:32.363350,38,243,short
2023-11-16 19:02:32.548101,400,92,medium
2023-11-16 19:02:32.581399,984,433,long
2023-11-16 19:02:32.807179,984,397,long
2023-11-16 19:02:32.808981,395,153,medium
2023-11-16 19:02:32.926266,2964,143,long
2023-11-16 19:02:33.093766,1065,398,long
2023-11-16 19:02:33.168282,416,99,medium
2023-11-16 19:02:33.204902,322,254,medium
2023-11-16 19:02:33.713123,1037,411,long
2023-11-16 19:02:33.955717,2694,47,long
2023-11-16 19:02:34.146188,676,107,long
2023-11-16 19:02:34.347373,5652,153,long
2023-11-16 19:02:34.701495,1314,138,long
2023-11-16 19:02:35.059665,993,411,long
2023-11-16 19:02:35.447889,1838,129,long
2023-11-16 19:02:35.476635,805,61,long
2023-11-16 19:02:35.635450,1057,396,long
2023-11-16 19:02:36.206886,203,217,medium
2023-11-16 19:02:36.207352,1540,124,long
2023-11-16 19:02:36.214607,1037,411,long
2023-11-16 19:02:36.369782,1065,393,long
2023-11-16 19:02:36.685657,1958,125,long
2023-11-16 19:02:36.771614,987,395,long
2023-11-16 19:02:36.797125,1013,420,long
2023-11-16 19:02:36.845146,1043,392,long
2023-11-16 19:02:36.911445,909,425,long
2023-11-16 19:02:37.305222,2435,82,long
2023-11-16 19:02:37.432030,687,126,long
2023-11-16 19:02:37.496780,1061,428,long
2023-11-16 19:02:37.648829,1043,414,long
2023-11-16 19:02:37.965890,977,408,long
2023-11-16 19:02:38.124404,4722,162,long
2023-11-16 19:02:38.287596,4750,115,long
2023-11-16 19:02:38.442946,3617,77,long
2023-11-16 19:02:38.605882,1543,88,long
2023-11-16 19:02:39.044757,998,458,long
2023-11-16 19:02:39.355582,1065,431,long
2023-11-16 19:02:39.606711,1081,410,long
2023-11-16 19:02:39.838152,1040,536,long
2023-11-16 19:02:39.839145,44,97,short
2023-11-16 19:02:40.342193,1058,69,long
2023-11-16 19:02:40.707582,1055,401,long
2023-11-16 19:02:41.004139,1041,394,long
2023-11-16 19:02:41.390646,1080,403,long
2023-11-16 19:02:41.435924,977,411,long
2023-11-16 19:02:41.541586,948,100,long
2023-11-16 19:02:41.664984,1043,414,long
2023-11-16 19:02:41.959532,2832,105,long
2023-11-16 19:02:42.428614,433,112,medium
2023-11-16 19:02:42.986131,1441,101,long
2023-11-16 19:02:43.766608,1314,164,long
2023-11-16 19:02:43.907617,2584,151,long
2023-11-16 19:02:44.090670,871,85,long
2023-11-16 19:02:45.963565,1060,363,long
2023-11-16 19:02:46.274736,979,408,long
2023-11-16 19:02:46.403606,962,417,long
2023-11-16 19:02:46.433139,194,176,medium
2023-11-16 19:02:46.476675,897,394,long
2023-11-16 19:02:46.596856,969,393,long
2023-11-16 19:02:47.270463,1045,414,long
2023-11-16 19:02:47.361063,929,79,long
2023-11-16 19:02:47.608889,2339,93,long
2023-11-16 19:02:47.707818,1005,409,long
2023-11-16 19:02:47.749276,984,437,long
2023-11-16 19:02:47.887764,2440,125,long
2023-11-16 19:02:47.935625,1087,394,long
2023-11-16 19:02:48.318735,3855,44,long
2023-11-16 19:02:48.368550,215,211,medium
2023-11-16 19:02:50.058358,237,14,medium
2023-11-16 19:02:50.942367,68,128,short
2023-11-16 19:02:51.024860,4765,62,long
2023-11-16 19:02:51.045433,1312,136,long
2023-11-16 19:02:51.190948,888,393,long
2023-11-16 19:02:51.851425,1082,396,long
2023-11-16 19:02:52.127284,1007,386,long
2023-11-16 19:02:53.923497,45,178,short
2023-11-16 19:02:54.073198,1282,92,long
2023-11-16 19:02:54.494293,1077,396,long
2023-11-16 19:02:54.674529,1168,396,long
2023-11-16 19:02:54.908193,1942,117,long
2023-11-16 19:02:55.135749,984,437,long
2023-11-16 19:02:55.393770,1065,405,long
2023-11-16 19:02:55.750770,1313,202,long
2023-11-16 19:02:55.772929,305,18,medium
2023-11-16 19:02:55.845401,1005,397,long
2023-11-16 19:02:55.933832,1151,396,long
2023-11-16 19:02:55.977210,1068,421,long
2023-11-16 19:02:56.427857,200,167,medium
2023-11-16 19:02:56.576940,1131,429,long
2023-11-16 19:02:56.730554,911,87,long
2023-11-16 19:02:56.851595,1021,427,long
2023-11-16 19:02:57.007405,976,429,long
2023-11-16 19:02:57.184950,1025,395,long
2023-11-16 19:02:57.442443,171,174,medium
2023-11-16 19:02:57.857635,1912,108,long
2023-11-16 19:02:58.370452,2374,78,long
2023-11-16 19:02:58.418766,1169,379,long
2023-11-16 19:02:58.444501,203,217,medium
2023-11-16 19:02:58.446366,1084,411,long
2023-11-16 19:02:58.475341,1352,236,long
2023-11-16 19:02:58.516087,897,382,long
2023-11-16 19:02:58.520415,877,415,long
2023-11-16 19:02:59.545765,1064,411,long
2023-11-16 19:02:59.602061,203,176,medium
2023-11-16 19:02:59.964914,1799,145,long
2023-11-16 19:03:00.026542,976,394,long
2023-11-16 19:03:00.101231,991,420,long
2023-11-16 19:03:00.236011,980,395,long
2023-11-16 19:03:00.517735,1043,414,long
2023-11-16 19:03:00.628780,1027,520,long
2023-11-16 19:03:00.705672,1350,159,long
2023-11-16 19:03:00.706938,261,79,medium
2023-11-16 19:03:01.151526,993,462,long
2023-11-16 19:03:01.281704,878,402,long
2023-11-16 19:03:01.296914,1086,401,long
2023-11-16 19:03:01.500285,181,205,medium
2023-11-16 19:03:01.534803,962,410,long
2023-11-16 19:03:01.977173,181,198,medium
2023-11-16 19:03:02.096421,1005,376,long
2023-11-16 19:03:02.315869,1064,397,long
2023-11-16 19:03:03.120595,935,428,long
2023-11-16 19:03:03.195501,2655,108,long
2023-11-16 19:03:03.200134,203,223,medium
2023-11-16 19:03:03.428089,1079,426,long
2023-11-16 19:03:03.729202,1081,396,long
2023-11-16 19:03:03.962810,1098,368,long
2023-11-16 19:03:04.002375,1047,394,long
2023-11-16 19:03:04.094580,1020,405,long
2023-11-16 19:03:04.201935,1121,374,long
2023-11-16 19:03:04.565128,905,91,long
2023-11-16 19:03:04.592730,393,72,medium
2023-11-16 19:03:04.944350,1105,384,long
2023-11-16 19:03:05.013245,947,385,long
2023-11-16 19:03:05.144660,979,374,long
2023-11-16 19:03:05.234144,1010,430,long
2023-11-16 19:03:05.568937,191,217,medium
2023-11-16 19:03:05.698183,984,397,long
2023-11-16 19:03:05.945656,1086,411,long
2023-11-16 19:03:05.999826,215,138,medium
2023-11-16 19:03:06.174167,979,393,long
2023-11-16 19:03:06.813228,1220,98,long
2023-11-16 19:03:06.902696,1041,363,long
2023-11-16 19:03:06.920533,2831,96,long
2023-11-16 19:03:06.972544,935,388,long
2023-11-16 19:03:07.175561,1048,398,long
2023-11-16 19:03:07.901878,206,179,medium
2023-11-16 19:03:08.023929,897,403,long
2023-11-16 19:03:08.440218,992,444,long
2023-11-16 19:03:08.543158,1028,375,long
2023-11-16 19:03:08.557955,2763,85,long
2023-11-16 19:03:08.708254,194,147,medium
2023-11-16 19:03:09.163744,1268,401,long
2023-11-16 19:03:09.163914,899,431,long
2023-11-16 19:03:09.165174,1848,86,long
2023-11-16 19:03:09.311839,1060,399,long
2023-11-16 19:03:10.051536,209,217,medium
2023-11-16 19:03:10.074335,2766,89,long
2023-11-16 19:03:10.191667,1168,50,long
2023-11-16 19:03:10.661373,2895,78,long
2023-11-16 19:03:10.674143,1221,520,long
2023-11-16 19:03:10.899220,1086,373,long
2023-11-16 19:03:11.011366,403,71,medium
2023-11-16 19:03:11.155323,1066,435,long
2023-11-16 19:03:11.194920,1217,386,long
2023-11-16 19:03:11.295108,1050,411,long
2023-11-16 19:03:11.654929,983,414,long
2023-11-16 19:03:11.788227,233,88,medium
2023-11-16 19:03:11.825624,925,111,long
2023-11-16 19:03:11.889103,993,462,long
2023-11-16 19:03:12.415261,1164,455,long
2023-11-16 19:03:12.668046,1011,405,long
2023-11-16 19:03:12.773658,181,154,medium
2023-11-16 19:03:12.933544,2662,107,long
2023-11-16 19:03:13.253310,1015,382,long
2023-11-16 19:03:13.603861,897,402,long
2023-11-16 19:03:13.664956,1065,409,long
2023-11-16 19:03:13.774282,1000,414,long
2023-11-16 19:03:14.833776,862,121,long
2023-11-16 19:03:14.942068,997,89,long
2023-11-16 19:03:15.096935,1009,452,long
2023-11-16 19:03:15.121862,1156,388,long
2023-11-16 19:03:15.285265,1115,446,long
2023-11-16 19:03:15.961453,1806,67,long
2023-11-16 19:03:16.054859,203,162,medium
2023-11-16 19:03:16.155378,1313,153,long
2023-11-16 19:03:16.298174,1331,123,long
2023-11-16 19:03:16.397275,949,124,long
2023-11-16 19:03:16.416437,1157,428,long
2023-11-16 19:03:16.683662,1128,397,long
2023-11-16 19:03:16.750425,4143,81,long
2023-11-16 19:03:16.764219,1087,520,long
2023-11-16 19:03:16.940411,1065,398,long
2023-11-16 19:03:17.493731,1080,468,long
2023-11-16 19:03:17.571469,1009,394,long
2023-11-16 19:03:17.688177,1359,73,long
2023-11-16 19:03:17.790459,22,157,short
2023-11-16 19:03:17.931462,1198,415,long
2023-11-16 19:03:18.016644,1025,375,long
2023-11-16 19:03:18.431983,181,95,medium
2023-11-16 19:03:18.447655,403,94,medium
2023-11-16 19:03:18.520770,1264,397,long
2023-11-16 19:03:18.564485,237,14,medium
2023-11-16 19:03:18.976406,745,68,long
2023-11-16 19:03:19.382104,2097,117,long
2023-11-16 19:03:19.448100,1130,575,long
2023-11-16 19:03:19.958256,2480,48,long
2023-11-16 19:03:19.959638,1123,363,long
2023-11-16 19:03:20.498779,998,619,long
2023-11-16 19:03:20.499417,397,90,medium
2023-11-16 19:03:20.504612,634,44,long
2023-11-16 19:03:20.670001,1123,386,long
2023-11-16 19:03:21.032767,169,204,medium
2023-11-16 19:03:21.105237,1076,409,long
2023-11-16 19:03:21.177259,206,183,medium
2023-11-16 19:03:21.221349,1093,388,long
2023-11-16 19:03:21.526768,1050,522,long
2023-11-16 19:03:21.905259,1037,424,long
2023-11-16 19:03:22.020229,1101,421,long
2023-11-16 19:03:22.079271,237,14,medium
2023-11-16 19:03:22.092708,14,154,short
2023-11-16 19:03:22.588103,4830,89,long
2023-11-16 19:03:22.656802,545,113,long
2023-11-16 19:03:22.739687,1245,429,long
2023-11-16 19:03:22.998656,200,191,medium
2023-11-16 19:03:23.744699,1108,641,long
2023-11-16 19:03:23.857700,403,131,medium
2023-11-16 19:03:24.020372,120,12,short
2023-11-16 19:03:24.426246,1086,537,long
2023-11-16 19:03:24.707744,1020,423,long
2023-11-16 19:03:25.047871,909,427,long
2023-11-16 19:03:25.288612,206,162,medium
2023-11-16 19:03:25.446522,899,427,long
2023-11-16 19:03:25.645750,1015,438,long
2023-11-16 19:03:25.752126,1075,496,long
2023-11-16 19:03:26.169213,1245,54,long
2023-11-16 19:03:26.174792,1153,396,long
2023-11-16 19:03:26.248121,2194,124,long
2023-11-16 19:03:26.658563,1175,394,long
2023-11-16 19:03:26.789425,904,488,long
2023-11-16 19:03:27.232707,4141,153,long
2023-11-16 19:03:27.281183,212,183,medium
2023-11-16 19:03:27.326534,1025,399,long
2023-11-16 19:03:28.068718,1136,399,long
2023-11-16 19:03:28.378229,1391,93,long
2023-11-16 19:03:28.481330,984,437,long
2023-11-16 19:03:29.397143,1147,417,long
2023-11-16 19:03:29.828310,1083,384,long
2023-11-16 19:03:30.447140,1048,374,long
2023-11-16 19:03:31.074317,1161,394,long
2023-11-16 19:03:31.322967,1061,394,long
2023-11-16 19:03:31.441391,2893,83,long
2023-11-16 19:03:31.596599,1219,365,long
2023-11-16 19:03:31.717048,3268,64,long
2023-11-16 19:03:32.505669,181,102,medium
2023-11-16 19:03:32.797526,2964,129,long
2023-11-16 19:03:33.134199,985,500,long
2023-11-16 19:03:33.572913,1075,418,long
2023-11-16 19:03:33.877053,1314,223,long
2023-11-16 19:03:34.094960,1565,55,long
2023-11-16 19:03:34.182601,392,82,medium
2023-11-16 19:03:34.502204,977,408,long
2023-11-16 19:03:34.561508,3529,53,long
2023-11-16 19:03:35.213021,3920,74,long
2023-11-16 19:03:35.454968,935,431,long
2023-11-16 19:03:35.534116,1321,184,long
2023-11-16 19:03:35.662953,1101,491,long
2023-11-16 19:03:35.696621,200,161,medium
2023-11-16 19:03:35.761361,969,432,long
2023-11-16 19:03:36.278060,197,167,medium
2023-11-16 19:03:36.294461,1313,142,long
2023-11-16 19:03:36.554413,1147,396,long
2023-11-16 19:03:37.227519,27,112,short
2023-11-16 19:03:37.547263,215,78,medium
2023-11-16 19:03:38.091446,4549,136,long
2023-11-16 19:03:38.344072,3142,123,long
2023-11-16 19:03:38.591952,871,90,long
2023-11-16 19:03:38.902922,1099,393,long
2023-11-16 19:03:39.069001,993,373,long
2023-11-16 19:03:39.280464,4035,71,long
2023-11-16 19:03:39.355883,77,195,short
2023-11-16 19:03:39.530512,1339,53,long
2023-11-16 19:03:40.226496,206,161,medium
2023-11-16 19:03:40.404056,1130,129,long
2023-11-16 19:03:40.605510,1137,388,long
2023-11-16 19:03:40.627267,1091,398,long
2023-11-16 19:03:40.728770,181,204,medium
2023-11-16 19:03:41.177407,212,179,medium
2023-11-16 19:03:41.257694,1079,391,long
2023-11-16 19:03:41.311297,1096,411,long
2023-11-16 19:03:41.396635,312,18,medium
2023-11-16 19:03:41.439275,2893,136,long
2023-11-16 19:03:41.514880,3136,125,long
2023-11-16 19:03:41.565326,5652,145,long
2023-11-16 19:03:42.351370,42,153,short
2023-11-16 19:03:42.598667,1188,401,long
2023-11-16 19:03:42.689281,181,52,medium
2023-11-16 19:03:43.027085,916,412,long
2023-11-16 19:03:43.494862,237,14,medium
2023-11-16 19:03:43.629482,1026,418,long
2023-11-16 19:03:43.656583,1880,101,long
2023-11-16 19:03:44.077877,955,427,long
2023-11-16 19:03:44.351538,1154,433,long
2023-11-16 19:03:44.739231,1040,605,long
2023-11-16 19:03:45.076715,194,191,medium
2023-11-16 19:03:45.512960,2276,96,long
2023-11-16 19:03:45.789919,1063,445,long
2023-11-16 19:03:45.813509,212,217,medium
2023-11-16 19:03:46.411457,1050,411,long
2023-11-16 19:03:46.730341,962,419,long
2023-11-16 19:03:47.234982,1076,387,long
2023-11-16 19:03:47.810761,2525,124,long
2023-11-16 19:03:47.823805,175,148,medium
2023-11-16 19:03:47.824384,636,51,long
2023-11-16 19:03:48.109933,194,217,medium
2023-11-16 19:03:48.938049,1316,261,long
2023-11-16 19:03:49.047717,1312,148,long
2023-11-16 19:03:49.167280,806,117,long
2023-11-16 19:03:49.496692,1033,383,long
2023-11-16 19:03:49.653803,1067,1000,long
2023-11-16 19:03:50.077270,433,107,medium
2023-11-16 19:03:50.303282,1540,87,long
2023-11-16 19:03:50.653844,1626,129,long
2023-11-16 19:03:51.321335,408,90,medium
2023-11-16 19:03:51.409738,1106,375,long
2023-11-16 19:03:52.260596,2219,47,long
2023-11-16 19:03:52.546511,1003,117,long
2023-11-16 19:03:52.592607,1197,43,long
2023-11-16 19:03:52.864271,1995,73,long
2023-11-16 19:03:53.262149,5318,143,long
2023-11-16 19:03:53.704806,1043,414,long
2023-11-16 19:03:54.557526,1028,384,long
2023-11-16 19:03:54.994411,1048,376,long
2023-11-16 19:03:55.009789,1019,446,long
2023-11-16 19:03:55.070887,1053,468,long
2023-11-16 19:03:55.869028,1005,388,long
2023-11-16 19:03:56.236613,1148,397,long
2023-11-16 19:03:56.276971,869,375,long
2023-11-16 19:03:56.953465,1005,436,long
2023-11-16 19:03:57.129682,120,12,short
2023-11-16 19:03:57.186094,886,124,long
2023-11-16 19:03:57.642157,1020,412,long
2023-11-16 19:03:57.699518,165,164,medium
2023-11-16 19:03:57.737536,1096,386,long
2023-11-16 19:03:57.969721,1108,415,long
2023-11-16 19:03:58.106521,1155,954,long
2023-11-16 19:03:58.570334,1020,454,long
2023-11-16 19:03:58.678449,200,161,medium
2023-11-16 19:03:58.814033,1079,398,long
2023-11-16 19:03:59.258586,2893,188,long
2023-11-16 19:03:59.487218,206,138,medium
2023-11-16 19:03:59.909715,1622,101,long
2023-11-16 19:04:00.288946,1067,624,long
2023-11-16 19:04:00.505484,203,162,medium
2023-11-16 19:04:01.057585,128,205,short
2023-11-16 19:04:01.091250,1163,396,long
2023-11-16 19:04:01.200175,1049,384,long
2023-11-16 19:04:01.352751,1161,401,long
2023-11-16 19:04:01.430123,410,92,medium
2023-11-16 19:04:01.698575,1149,509,long
2023-11-16 19:04:01.774077,209,162,medium
2023-11-16 19:04:01.980515,433,93,medium
2023-11-16 19:04:02.056983,1094,411,long
2023-11-16 19:04:02.355863,45,122,short
2023-11-16 19:04:03.612667,1025,402,long
2023-11-16 19:04:03.754415,203,183,medium
2023-11-16 19:04:03.824530,1151,418,long
2023-11-16 19:04:04.224796,1007,414,long
2023-11-16 19:04:04.226242,752,79,long
2023-11-16 19:04:04.295900,1079,952,long
2023-11-16 19:04:04.387259,1026,403,long
2023-11-16 19:04:04.797576,1048,440,long
2023-11-16 19:04:04.882621,200,152,medium
2023-11-16 19:04:04.995064,1025,553,long
2023-11-16 19:04:05.104645,1151,114,long
2023-11-16 19:04:05.219189,1050,387,long
2023-11-16 19:04:06.275545,908,400,long
2023-11-16 19:04:06.305178,1117,592,long
2023-11-16 19:04:06.420641,1025,397,long
2023-11-16 19:04:06.869670,981,379,long
2023-11-16 19:04:07.111140,1031,445,long
2023-11-16 19:04:08.085362,189,52,medium
2023-11-16 19:04:08.377017,5485,171,long
2023-11-16 19:04:08.573288,1164,419,long
2023-11-16 19:04:08.658929,41,194,short
2023-11-16 19:04:08.757803,1174,53,long
2023-11-16 19:04:09.123952,1135,418,long
2023-11-16 19:04:09.316070,1849,127,long
2023-11-16 19:04:09.584877,1155,420,long
2023-11-16 19:04:09.862547,1111,438,long
2023-11-16 19:04:10.021020,1067,449,long
2023-11-16 19:04:10.022397,1100,434,long
2023-11-16 19:04:10.054745,1265,128,long
2023-11-16 19:04:10.188260,237,14,medium
2023-11-16 19:04:10.194810,792,125,long
2023-11-16 19:04:10.768739,1055,388,long
2023-11-16 19:04:11.263695,4956,62,long
2023-11-16 19:04:11.354433,1031,520,long
2023-11-16 19:04:11.621980,1009,429,long
2023-11-16 19:04:12.027727,34,136,short
2023-11-16 19:04:12.356756,181,241,medium
2023-11-16 19:04:12.488963,993,398,long
2023-11-16 19:04:12.650360,1061,418,long
2023-11-16 19:04:12.807165,1080,468,long
2023-11-16 19:04:12.952356,237,14,medium
2023-11-16 19:04:12.982172,181,326,medium
2023-11-16 19:04:13.035678,1816,94,long
2023-11-16 19:04:13.596544,1011,446,long
2023-11-16 19:04:13.671918,1066,396,long
2023-11-16 19:04:13.926610,181,246,medium
2023-11-16 19:04:13.971292,2477,52,long
2023-11-16 19:04:13.972913,411,98,medium
2023-11-16 19:04:14.563167,2342,66,long
2023-11-16 19:04:14.711721,1265,129,long
2023-11-16 19:04:14.738857,200,174,medium
2023-11-16 19:04:14.866535,1081,387,long
2023-11-16 19:04:14.923304,1055,377,long
2023-11-16 19:04:15.599097,237,14,medium
2023-11-16 19:04:15.701337,1031,388,long
2023-11-16 19:04:16.046167,1786,58,long
2023-11-16 19:04:16.061916,1170,414,long
2023-11-16 19:04:16.236111,1062,373,long
2023-11-16 19:04:16.800816,10,130,short
2023-11-16 19:04:16.910429,1097,429,long
2023-11-16 19:04:18.722542,1472,117,long
2023-11-16 19:04:19.205151,208,37,medium
2023-11-16 19:04:19.373696,1601,52,long
2023-11-16 19:04:20.229973,1231,401,long
2023-11-16 19:04:20.738171,1352,231,long
2023-11-16 19:04:21.864943,1030,389,long
2023-11-16 19:04:22.107959,1022,417,long
2023-11-16 19:04:22.322261,206,188,medium
2023-11-16 19:04:22.678295,1111,394,long
2023-11-16 19:04:22.835575,200,179,medium
2023-11-16 19:04:23.200797,703,113,long
2023-11-16 19:04:23.308481,120,12,short
2023-11-16 19:04:23.362022,197,162,medium
2023-11-16 19:04:23.497218,206,176,medium
2023-11-16 19:04:23.997283,1010,421,long
2023-11-16 19:04:24.486626,1038,385,long
2023-11-16 19:04:24.535531,1059,436,long
2023-11-16 19:04:24.967276,1061,420,long
2023-11-16 19:04:25.738842,181,93,medium
2023-11-16 19:04:25.758500,952,91,long
2023-11-16 19:04:26.609028,5022,84,long
2023-11-16 19:04:26.758097,974,397,long
2023-11-16 19:04:27.121900,1137,450,long
2023-11-16 19:04:27.331464,1215,401,long
2023-11-16 19:04:27.825735,897,382,long
2023-11-16 19:04:27.916781,44,59,short
2023-11-16 19:04:28.293707,1067,418,long
2023-11-16 19:04:28.346398,1314,218,long
2023-11-16 19:04:28.801830,398,93,medium
2023-11-16 19:04:28.858329,1313,184,long
2023-11-16 19:04:29.192613,893,462,long
2023-11-16 19:04:29.568141,200,212,medium
2023-11-16 19:04:29.640693,1358,52,long
2023-11-16 19:04:29.917433,1040,410,long
2023-11-16 19:04:30.499908,827,49,long
2023-11-16 19:04:30.558899,413,139,medium
2023-11-16 19:04:31.780907,1155,424,long
2023-11-16 19:04:31.974166,433,109,medium
2023-11-16 19:04:32.013084,409,167,medium
2023-11-16 19:04:32.030407,241,133,medium
2023-11-16 19:04:32.088370,1151,396,long
2023-11-16 19:04:32.367193,200,174,medium
2023-11-16 19:04:32.509567,976,394,long
2023-11-16 19:04:32.512867,1089,393,long
2023-11-16 19:04:32.891371,788,99,long
2023-11-16 19:04:33.003382,1084,367,long
2023-11-16 19:04:33.082725,1048,373,long
2023-11-16 19:04:33.112526,1056,446,long
2023-11-16 19:04:33.120018,1013,388,long
2023-11-16 19:04:33.160818,2132,103,long
2023-11-16 19:04:33.284784,2584,168,long
2023-11-16 19:04:33.463300,979,511,long
2023-11-16 19:04:33.537314,1106,398,long
2023-11-16 19:04:33.702740,958,48,long
2023-11-16 19:04:33.746517,181,117,medium
2023-11-16 19:04:34.197798,1008,411,long
2023-11-16 19:04:35.060399,1042,436,long
2023-11-16 19:04:35.714558,181,252,medium
2023-11-16 19:04:35.882791,203,217,medium
2023-11-16 19:04:36.060325,3369,123,long
2023-11-16 19:04:36.142178,237,14,medium
2023-11-16 19:04:36.696053,206,162,medium
2023-11-16 19:04:36.858946,1039,472,long
2023-11-16 19:04:36.860881,1055,424,long
2023-11-16 19:04:36.927349,1353,166,long
2023-11-16 19:04:37.234552,877,464,long
2023-11-16 19:04:37.530654,1096,462,long
2023-11-16 19:04:37.935540,996,414,long
2023-11-16 19:04:37.947934,1008,411,long
2023-11-16 19:04:38.133000,977,383,long
2023-11-16 19:04:38.463992,2118,54,long
2023-11-16 19:04:38.658453,1317,233,long
2023-11-16 19:04:39.013120,237,14,medium
2023-11-16 19:04:39.171611,1162,375,long
2023-11-16 19:04:39.236409,983,610,long
2023-11-16 19:04:39.407476,203,181,medium
2023-11-16 19:04:39.531475,1061,410,long
2023-11-16 19:04:39.739090,1101,73,long
2023-11-16 19:04:40.131109,3970,121,long
2023-11-16 19:04:40.294483,985,375,long
2023-11-16 19:04:40.308331,1036,399,long
2023-11-16 19:04:40.363612,1000,393,long
2023-11-16 19:04:40.451575,1158,396,long
2023-11-16 19:04:40.668535,1228,61,long
2023-11-16 19:04:41.447676,203,167,medium
2023-11-16 19:04:41.510169,773,60,long
2023-11-16 19:04:41.584533,996,411,long
2023-11-16 19:04:42.382193,1349,243,long
2023-11-16 19:04:42.551830,724,114,long
2023-11-16 19:04:42.563421,1014,396,long
2023-11-16 19:04:43.250920,997,461,long
2023-11-16 19:04:43.315288,1145,411,long
2023-11-16 19:04:43.368550,203,217,medium
2023-11-16 19:04:43.683481,1317,151,long
2023-11-16 19:04:43.805215,2765,87,long
2023-11-16 19:04:43.991701,2584,145,long
2023-11-16 19:04:44.659733,1210,402,long
2023-11-16 19:04:45.318570,3372,64,long
2023-11-16 19:04:45.402789,1090,403,long
2023-11-16 19:04:45.689242,403,100,medium
2023-11-16 19:04:46.054937,1116,417,long
2023-11-16 19:04:46.081573,194,174,medium
2023-11-16 19:04:46.340061,411,84,medium
2023-11-16 19:04:46.400564,2032,111,long
2023-11-16 19:04:46.603683,314,18,medium
2023-11-16 19:04:46.645984,935,39,long
2023-11-16 19:04:47.273556,1046,954,long
2023-11-16 19:04:47.314949,427,91,medium
2023-11-16 19:04:47.741137,989,385,long
2023-11-16 19:04:47.855490,4950,80,long
2023-11-16 19:04:48.215394,1147,490,long
2023-11-16 19:04:48.227643,1176,373,long
2023-11-16 19:04:48.494860,1028,578,long
2023-11-16 19:04:48.505767,1015,377,long
2023-11-16 19:04:48.514746,171,217,medium
2023-11-16 19:04:48.538973,3343,140,long
2023-11-16 19:04:48.744208,181,174,medium
2023-11-16 19:04:49.294976,205,57,medium
2023-11-16 19:04:49.383858,1119,396,long
2023-11-16 19:04:49.437870,426,82,medium
2023-11-16 19:04:49.500317,1067,394,long
2023-11-16 19:04:49.767940,975,613,long
2023-11-16 19:04:50.437311,1053,388,long
2023-11-16 19:04:50.606774,181,100,medium
2023-11-16 19:04:50.667278,205,101,medium
2023-11-16 19:04:50.736273,1057,377,long
2023-11-16 19:04:50.738481,1966,68,long
2023-11-16 19:04:50.817990,1105,397,long
2023-11-16 19:04:50.817996,1062,415,long
2023-11-16 19:04:51.047536,985,418,long
2023-11-16 19:04:51.048561,997,397,long
2023-11-16 19:04:51.182639,596,139,long
2023-11-16 19:04:51.880109,1053,414,long
2023-11-16 19:04:52.053181,953,419,long
2023-11-16 19:04:52.121916,1071,433,long
2023-11-16 19:04:52.553812,954,113,long
2023-11-16 19:04:52.927242,1131,405,long
2023-11-16 19:04:53.032711,1312,207,long
2023-11-16 19:04:53.553385,1037,411,long
2023-11-16 19:04:53.562719,1003,611,long
2023-11-16 19:04:53.615686,194,170,medium
2023-11-16 19:04:53.719725,944,532,long
2023-11-16 19:04:53.995520,18,141,short
2023-11-16 19:04:54.168032,1044,463,long
2023-11-16 19:04:54.191151,1097,396,long
2023-11-16 19:04:54.691036,200,217,medium
2023-11-16 19:04:55.410970,1109,396,long
2023-11-16 19:04:56.251428,1289,183,long
2023-11-16 19:04:56.447999,4983,100,long
2023-11-16 19:04:57.124302,1057,417,long
2023-11-16 19:04:57.618850,1045,407,long
2023-11-16 19:04:57.807359,181,128,medium
2023-11-16 19:04:58.104776,1147,412,long
2023-11-16 19:04:58.175101,1019,465,long
2023-11-16 19:04:58.252617,1219,90,long
2023-11-16 19:04:58.354759,2115,113,long
2023-11-16 19:04:58.384144,128,199,short
2023-11-16 19:04:58.657531,1114,409,long
2023-11-16 19:04:58.685482,1316,195,long
2023-11-16 19:04:58.750363,305,18,medium
2023-11-16 19:04:58.808959,1012,404,long
2023-11-16 19:04:59.029416,7,135,short
2023-11-16 19:04:59.163792,9,102,short
2023-11-16 19:04:59.635469,200,206,medium
2023-11-16 19:05:00.049702,395,88,medium
2023-11-16 19:05:00.365092,1090,426,long
2023-11-16 19:05:00.367656,2838,47,long
2023-11-16 19:05:00.370594,181,193,medium
2023-11-16 19:05:00.583302,203,217,medium
2023-11-16 19:05:01.215404,2593,133,long
2023-11-16 19:05:01.846856,405,125,medium
2023-11-16 19:05:02.209347,209,217,medium
2023-11-16 19:05:02.995640,1086,410,long
2023-11-16 19:05:03.170214,1313,157,long
2023-11-16 19:05:03.236475,405,100,medium
2023-11-16 19:05:03.239417,1317,147,long
2023-11-16 19:05:03.523898,1313,198,long
2023-11-16 19:05:03.625823,2710,71,long
2023-11-16 19:05:03.903904,1529,82,long
2023-11-16 19:05:04.110876,449,80,medium
2023-11-16 19:05:04.780884,995,397,long
2023-11-16 19:05:05.057038,181,118,medium
2023-11-16 19:05:05.556697,1041,404,long
2023-11-16 19:05:05.995130,408,103,medium
2023-11-16 19:05:06.160282,407,147,medium
2023-11-16 19:05:06.212566,1053,85,long
2023-11-16 19:05:06.234045,971,384,long
2023-11-16 19:05:06.628396,323,18,medium
2023-11-16 19:05:06.712790,1070,397,long
2023-11-16 19:05:06.960691,2109,47,long
2023-11-16 19:05:07.465462,1086,399,long
2023-11-16 19:05:07.607218,197,211,medium
2023-11-16 19:05:07.919385,985,375,long
2023-11-16 19:05:08.442331,3920,74,long
2023-11-16 19:05:08.526085,1693,138,long
2023-11-16 19:05:08.621996,206,217,medium
2023-11-16 19:05:08.665552,1116,401,long
2023-11-16 19:05:08.693043,404,143,medium
2023-11-16 19:05:08.823991,1096,394,long
2023-11-16 19:05:09.142246,988,393,long
2023-11-16 19:05:09.529478,1053,397,long
2023-11-16 19:05:09.690022,1053,436,long
2023-11-16 19:05:10.093017,209,179,medium
2023-11-16 19:05:10.098224,1060,520,long
2023-11-16 19:05:10.622436,1048,401,long
2023-11-16 19:05:10.994897,1005,429,long
2023-11-16 19:05:11.669406,903,94,long
2023-11-16 19:05:11.977944,1053,412,long
2023-11-16 19:05:12.026910,398,84,medium
2023-11-16 19:05:12.093943,1050,373,long
2023-11-16 19:05:12.121904,1146,605,long
2023-11-16 19:05:12.810045,194,217,medium
2023-11-16 19:05:12.819334,4272,73,long
2023-11-16 19:05:13.091606,304,18,medium
2023-11-16 19:05:13.229821,1053,402,long
2023-11-16 19:05:13.444803,1114,418,long
2023-11-16 19:05:13.929332,396,101,medium
2023-11-16 19:05:14.034665,215,162,medium
2023-11-16 19:05:14.548055,881,82,long
2023-11-16 19:05:14.796091,1134,426,long
2023-11-16 19:05:15.418037,1358,52,long
2023-11-16 19:05:15.523992,1158,424,long
2023-11-16 19:05:15.731172,1033,406,long
2023-11-16 19:05:15.774727,203,212,medium
2023-11-16 19:05:15.865368,1212,396,long
2023-11-16 19:05:15.913933,989,394,long
2023-11-16 19:05:15.956254,203,181,medium
2023-11-16 19:05:16.064731,1051,396,long
2023-11-16 19:05:16.095439,1087,394,long
2023-11-16 19:05:16.774986,1170,401,long
2023-11-16 19:05:16.997191,1096,506,long
2023-11-16 19:05:17.294653,1155,365,long
2023-11-16 19:05:17.494727,986,397,long
2023-11-16 19:05:17.871305,401,90,medium
2023-11-16 19:05:17.959450,182,116,medium
2023-11-16 19:05:18.228826,974,921,long
2023-11-16 19:05:18.341891,1011,414,long
2023-11-16 19:05:18.764859,206,186,medium
2023-11-16 19:05:19.108473,1194,405,long
2023-11-16 19:05:19.283627,206,161,medium
2023-11-16 19:05:19.531430,120,12,short
2023-11-16 19:05:19.914106,991,397,long
2023-11-16 19:05:20.546084,1024,394,long
2023-11-16 19:05:20.565180,979,448,long
2023-11-16 19:05:20.922270,1312,154,long
2023-11-16 19:05:20.983128,1129,394,long
2023-11-16 19:05:21.085705,57,199,short
2023-11-16 19:05:21.118098,191,217,medium
2023-11-16 19:05:21.308037,1176,507,long
2023-11-16 19:05:21.343761,403,121,medium
2023-11-16 19:05:21.503759,989,395,long
2023-11-16 19:05:21.524239,1041,364,long
2023-11-16 19:05:22.743541,1102,405,long
2023-11-16 19:05:22.777934,968,404,long
2023-11-16 19:05:23.327797,7,123,short
2023-11-16 19:05:23.720378,1084,451,long
2023-11-16 19:05:23.739424,962,429,long
2023-11-16 19:05:23.877435,1045,392,long
2023-11-16 19:05:23.958051,1635,115,long
2023-11-16 19:05:24.355559,977,405,long
2023-11-16 19:05:24.407761,1031,56,long
2023-11-16 19:05:24.603069,127,194,short
2023-11-16 19:05:24.639992,1871,82,long
2023-11-16 19:05:24.656927,1117,399,long
2023-11-16 19:05:24.719215,1059,411,long
2023-11-16 19:05:25.151949,1016,373,long
2023-11-16 19:05:25.701044,1063,530,long
2023-11-16 19:05:25.790291,1121,377,long
2023-11-16 19:05:26.204209,200,193,medium
2023-11-16 19:05:26.211698,128,162,short
2023-11-16 19:05:26.643173,1085,411,long
2023-11-16 19:05:26.778467,1143,371,long
2023-11-16 19:05:27.465124,1407,26,long
2023-11-16 19:05:27.745490,910,375,long
2023-11-16 19:05:27.863297,973,429,long
2023-11-16 19:05:27.967233,1317,249,long
2023-11-16 19:05:28.010853,1092,417,long
2023-11-16 19:05:28.263218,1322,345,long
2023-11-16 19:05:28.306139,1185,428,long
2023-11-16 19:05:28.418011,1315,274,long
2023-11-16 19:05:28.527179,395,131,medium
2023-11-16 19:05:28.674738,206,217,medium
2023-11-16 19:05:28.697075,1033,411,long
2023-11-16 19:05:28.824353,1364,399,long
2023-11-16 19:05:29.221715,402,78,medium
2023-11-16 19:05:29.279460,1085,417,long
2023-11-16 19:05:30.071814,1069,397,long
2023-11-16 19:05:30.423964,1089,397,long
2023-11-16 19:05:30.460701,1419,109,long
2023-11-16 19:05:31.216878,1006,404,long
2023-11-16 19:05:31.297555,1170,393,long
2023-11-16 19:05:31.563009,1111,401,long
2023-11-16 19:05:31.874441,1100,377,long
2023-11-16 19:05:31.965131,1092,455,long
2023-11-16 19:05:31.976427,1011,402,long
2023-11-16 19:05:32.535302,985,393,long
2023-11-16 19:05:32.565108,1142,577,long
2023-11-16 19:05:32.708055,1154,80,long
2023-11-16 19:05:32.931918,181,91,medium
2023-11-16 19:05:33.156384,995,397,long
2023-11-16 19:05:33.486713,203,223,medium
2023-11-16 19:05:33.528982,2894,77,long
2023-11-16 19:05:33.834558,1846,50,long
2023-11-16 19:05:34.854010,1313,209,long
2023-11-16 19:05:34.929059,393,89,medium
2023-11-16 19:05:35.182205,1312,189,long
2023-11-16 19:05:35.204510,1036,403,long
2023-11-16 19:05:35.287466,4042,123,long
2023-11-16 19:05:35.596722,999,397,long
2023-11-16 19:05:35.631521,203,217,medium
2023-11-16 19:05:35.694754,1066,429,long
2023-11-16 19:05:35.778319,2235,110,long
2023-11-16 19:05:35.960535,181,257,medium
2023-11-16 19:05:36.034900,203,181,medium
2023-11-16 19:05:36.270707,995,444,long
2023-11-16 19:05:37.092499,21,142,short
2023-11-16 19:05:37.373882,1316,141,long
2023-11-16 19:05:37.779075,3264,169,long
2023-11-16 19:05:37.810819,1000,414,long
2023-11-16 19:05:37.841569,694,104,long
2023-11-16 19:05:38.233297,1644,123,long
2023-11-16 19:05:38.508409,1100,621,long
2023-11-16 19:05:38.647805,2523,71,long
2023-11-16 19:05:39.924695,1198,499,long
2023-11-16 19:05:39.930023,2630,86,long
2023-11-16 19:05:40.277784,1091,439,long
2023-11-16 19:05:40.309677,399,139,medium
2023-11-16 19:05:40.378935,2319,102,long
2023-11-16 19:05:40.976581,212,161,medium
2023-11-16 19:05:41.000335,459,377,medium
2023-11-16 19:05:41.608798,1026,377,long
2023-11-16 19:05:41.844569,217,71,medium
2023-11-16 19:05:42.227308,985,394,long
2023-11-16 19:05:42.660163,1092,381,long
2023-11-16 19:05:42.895065,1125,401,long
2023-11-16 19:05:43.072047,392,112,medium
2023-11-16 19:05:43.205909,1042,373,long
2023-11-16 19:05:43.253984,21,171,short
2023-11-16 19:05:43.268936,5272,74,long
2023-11-16 19:05:43.667293,1312,136,long
2023-11-16 19:05:43.765476,1075,407,long
2023-11-16 19:05:44.027635,892,38,long
2023-11-16 19:05:44.439721,2584,142,long
2023-11-16 19:05:44.496534,1074,440,long
2023-11-16 19:05:44.608635,1861,126,long
2023-11-16 19:05:44.798021,1070,457,long
2023-11-16 19:05:44.870094,203,183,medium
2023-11-16 19:05:45.156322,977,412,long
2023-11-16 19:05:45.439481,1077,393,long
2023-11-16 19:05:45.745987,1609,94,long
2023-11-16 19:05:45.757814,1315,260,long
2023-11-16 19:05:46.107174,926,91,long
2023-11-16 19:05:46.175207,200,138,medium
2023-11-16 19:05:46.179504,1112,373,long
2023-11-16 19:05:46.447186,1016,393,long
2023-11-16 19:05:46.735045,298,18,medium
2023-11-16 19:05:47.139296,951,435,long
2023-11-16 19:05:47.204258,1314,136,long
2023-11-16 19:05:47.359760,398,95,medium
2023-11-16 19:05:47.496350,2513,150,long
2023-11-16 19:05:47.603291,404,105,medium
2023-11-16 19:05:48.128455,1259,456,long
2023-11-16 19:05:48.205814,1177,395,long
2023-11-16 19:05:48.267416,981,520,long
2023-11-16 19:05:48.336545,395,112,medium
2023-11-16 19:05:48.846961,1169,409,long
2023-11-16 19:05:49.216679,2175,71,long
2023-11-16 19:05:49.655328,308,18,medium
2023-11-16 19:05:50.004276,1068,400,long
2023-11-16 19:05:50.070304,1301,88,long
2023-11-16 19:05:50.885655,1158,439,long
2023-11-16 19:05:50.931862,1092,375,long
2023-11-16 19:05:50.942347,421,86,medium
2023-11-16 19:05:51.100918,1195,456,long
2023-11-16 19:05:51.132081,1003,405,long
2023-11-16 19:05:51.262448,192,48,medium
2023-11-16 19:05:51.782299,317,18,medium
2023-11-16 19:05:51.862380,1057,405,long
2023-11-16 19:05:52.219416,1109,500,long
2023-11-16 19:05:52.351832,1071,433,long
2023-11-16 19:05:52.715732,1158,377,long
2023-11-16 19:05:52.847870,408,81,medium
2023-11-16 19:05:52.881319,1961,91,long
2023-11-16 19:05:53.049920,2059,137,long
2023-11-16 19:05:53.740207,1124,429,long
2023-11-16 19:05:54.132900,316,18,medium
2023-11-16 19:05:54.583540,1161,397,long
2023-11-16 19:05:54.631337,1212,69,long
2023-11-16 19:05:55.000326,1090,438,long
2023-11-16 19:05:55.011646,997,440,long
2023-11-16 19:05:55.307082,951,396,long
2023-11-16 19:05:55.537827,414,105,medium
2023-11-16 19:05:55.608072,1202,401,long
2023-11-16 19:05:55.613902,2322,74,long
2023-11-16 19:05:55.825117,1079,411,long
2023-11-16 19:05:56.103847,126,203,short
2023-11-16 19:05:56.219141,906,99,long
2023-11-16 19:05:56.446057,1066,429,long
2023-11-16 19:05:56.617701,964,391,long
2023-11-16 19:05:56.686642,1712,111,long
2023-11-16 19:05:57.037773,1347,413,long
2023-11-16 19:05:57.117666,1117,459,long
2023-11-16 19:05:57.152864,206,162,medium
2023-11-16 19:05:57.230991,1097,397,long
2023-11-16 19:05:57.444483,1012,394,long
2023-11-16 19:05:57.454473,984,395,long
2023-11-16 19:05:57.911831,1287,514,long
2023-11-16 19:05:58.170421,2349,71,long
2023-11-16 19:05:59.045683,405,85,medium
2023-11-16 19:05:59.722733,181,143,medium
2023-11-16 19:05:59.834847,415,102,medium
2023-11-16 19:05:59.876205,42,146,short
2023-11-16 19:06:00.133166,197,167,medium
2023-11-16 19:06:00.152340,1130,572,long
2023-11-16 19:06:00.158790,664,102,long
2023-11-16 19:06:00.243664,973,377,long
2023-11-16 19:06:00.399766,1265,397,long
2023-11-16 19:06:00.478207,944,392,long
2023-11-16 19:06:00.500966,206,217,medium
2023-11-16 19:06:00.514794,116,78,short
2023-11-16 19:06:00.561881,1086,680,long
2023-11-16 19:06:00.612731,391,107,medium
2023-11-16 19:06:00.613137,209,167,medium
2023-11-16 19:06:00.875102,1128,405,long
2023-11-16 19:06:01.042032,1050,406,long
2023-11-16 19:06:01.096715,852,102,long
2023-11-16 19:06:01.524851,1132,396,long
2023-11-16 19:06:01.630675,971,385,long
2023-11-16 19:06:01.696138,1313,196,long
2023-11-16 19:06:02.017805,1019,448,long
2023-11-16 19:06:02.233011,4760,64,long
2023-11-16 19:06:02.283245,3378,72,long
2023-11-16 19:06:02.364500,401,95,medium
2023-11-16 19:06:02.580177,1911,93,long
2023-11-16 19:06:02.735569,408,126,medium
2023-11-16 19:06:02.789794,1110,397,long
2023-11-16 19:06:02.868012,399,89,medium
2023-11-16 19:06:02.899555,81,181,short
2023-11-16 19:06:03.047435,1112,502,long
2023-11-16 19:06:03.689916,172,64,medium
2023-11-16 19:06:03.770147,1890,92,long
2023-11-16 19:06:03.853460,181,189,medium
2023-11-16 19:06:03.897260,3367,128,long
2023-11-16 19:06:04.582761,2327,28,long
2023-11-16 19:06:04.672053,203,189,medium
2023-11-16 19:06:04.674038,203,217,medium
2023-11-16 19:06:04.925372,1123,380,long
2023-11-16 19:06:05.003146,1117,392,long
2023-11-16 19:06:05.204608,197,217,medium
2023-11-16 19:06:05.326967,321,95,medium
2023-11-16 19:06:05.498374,977,103,long
2023-11-16 19:06:05.900080,1090,380,long
2023-11-16 19:06:06.164726,212,110,medium
2023-11-16 19:06:06.280503,1085,453,long
2023-11-16 19:06:06.351544,1455,50,long
2023-11-16 19:06:06.602494,1034,395,long
2023-11-16 19:06:07.363401,1314,164,long
2023-11-16 19:06:07.646907,171,95,medium
2023-11-16 19:06:08.221022,1204,412,long
2023-11-16 19:06:08.322901,1064,398,long
2023-11-16 19:06:08.399304,964,396,long
2023-11-16 19:06:08.496791,1970,103,long
2023-11-16 19:06:08.556789,984,414,long
2023-11-16 19:06:09.076544,1170,396,long
2023-11-16 19:06:09.129044,1146,536,long
2023-11-16 19:06:10.197550,934,386,long
2023-11-16 19:06:10.523550,991,429,long
2023-11-16 19:06:10.753658,1070,409,long
2023-11-16 19:06:11.090093,992,381,long
2023-11-16 19:06:11.259585,10,170,short
2023-11-16 19:06:11.627055,1319,185,long
2023-11-16 19:06:11.682533,982,409,long
2023-11-16 19:06:11.701743,1045,384,long
2023-11-16 19:06:12.182522,413,88,medium
2023-11-16 19:06:12.257947,412,95,medium
2023-11-16 19:06:12.729591,1165,405,long
2023-11-16 19:06:12.779380,848,62,long
2023-11-16 19:06:13.016723,197,183,medium
2023-11-16 19:06:13.653267,1118,418,long
2023-11-16 19:06:13.972088,1112,408,long
2023-11-16 19:06:14.688891,427,94,medium
2023-11-16 19:06:14.708350,1022,394,long
2023-11-16 19:06:14.864071,982,397,long
2023-11-16 19:06:15.074963,4321,52,long
2023-11-16 19:06:16.130588,181,110,medium
2023-11-16 19:06:16.153624,1170,401,long
2023-11-16 19:06:16.440484,1521,65,long
2023-11-16 19:06:16.928110,157,196,medium
2023-11-16 19:06:17.010169,3048,118,long
2023-11-16 19:06:17.116498,987,375,long
2023-11-16 19:06:17.130639,675,78,long
2023-11-16 19:06:17.538291,395,95,medium
2023-11-16 19:06:17.820660,212,205,medium
2023-11-16 19:06:18.209499,120,12,short
2023-11-16 19:06:18.234700,215,167,medium
2023-11-16 19:06:18.488316,1070,396,long
2023-11-16 19:06:18.602100,955,396,long
2023-11-16 19:06:18.660466,91,16,short
2023-11-16 19:06:18.692565,1629,115,long
2023-11-16 19:06:18.736088,2213,37,long
2023-11-16 19:06:19.305838,439,112,medium
2023-11-16 19:06:19.398098,983,390,long
2023-11-16 19:06:19.469518,912,94,long
2023-11-16 19:06:19.563988,849,69,long
2023-11-16 19:06:20.017911,3357,125,long
2023-11-16 19:06:20.091289,181,100,medium
2023-11-16 19:06:20.963771,1079,594,long
2023-11-16 19:06:21.359244,488,110,medium
2023-11-16 19:06:21.421484,1042,411,long
2023-11-16 19:06:22.302700,1307,396,long
2023-11-16 19:06:22.684997,408,152,medium
2023-11-16 19:06:23.149020,400,106,medium
2023-11-16 19:06:23.816552,206,217,medium
2023-11-16 19:06:23.919738,1288,519,long
2023-11-16 19:06:24.003887,1098,536,long
2023-11-16 19:06:24.131055,1105,417,long
2023-11-16 19:06:24.132870,3762,98,long
2023-11-16 19:06:24.208378,1134,414,long
2023-11-16 19:06:24.251740,194,217,medium
2023-11-16 19:06:24.463166,181,143,medium
2023-11-16 19:06:24.554762,55,109,short
2023-11-16 19:06:25.018322,1316,222,long
2023-11-16 19:06:25.256917,998,460,long
2023-11-16 19:06:25.325025,1073,547,long
2023-11-16 19:06:25.393947,998,418,long
2023-11-16 19:06:25.480050,1108,463,long
2023-11-16 19:06:25.514150,962,379,long
2023-11-16 19:06:25.566637,1099,401,long
2023-11-16 19:06:25.644124,1314,207,long
2023-11-16 19:06:25.731999,977,555,long
2023-11-16 19:06:25.900278,1112,429,long
2023-11-16 19:06:25.921193,1022,491,long
2023-11-16 19:06:26.226283,1055,98,long
2023-11-16 19:06:26.243661,307,18,medium
2023-11-16 19:06:26.421245,1009,422,long
2023-11-16 19:06:26.660710,1094,391,long
2023-11-16 19:06:26.739156,964,444,long
2023-11-16 19:06:27.441416,385,148,medium
2023-11-16 19:06:28.143491,120,12,short
2023-11-16 19:06:28.180799,181,155,medium
2023-11-16 19:06:28.277065,206,217,medium
2023-11-16 19:06:28.576793,1119,395,long
2023-11-16 19:06:28.638943,1034,394,long
2023-11-16 19:06:29.000229,2556,88,long
2023-11-16 19:06:29.423687,1721,70,long
2023-11-16 19:06:29.571992,1008,383,long
2023-11-16 19:06:30.055802,33,66,short
2023-11-16 19:06:30.206114,1846,83,long
2023-11-16 19:06:30.434940,314,18,medium
2023-11-16 19:06:30.573767,209,217,medium
2023-11-16 19:06:30.815679,2247,178,long
2023-11-16 19:06:30.847794,414,75,medium
2023-11-16 19:06:31.055951,1154,69,long
2023-11-16 19:06:31.374742,958,82,long
2023-11-16 19:06:31.744203,914,93,long
2023-11-16 19:06:31.782000,1077,395,long
2023-11-16 19:06:31.925202,987,396,long
2023-11-16 19:06:31.961055,1314,206,long
2023-11-16 19:06:32.056996,1393,489,long
2023-11-16 19:06:32.307889,2584,141,long
2023-11-16 19:06:32.374850,426,101,medium
2023-11-16 19:06:32.508690,302,123,medium
2023-11-16 19:06:32.895868,206,179,medium
2023-11-16 19:06:33.301415,181,126,medium
2023-11-16 19:06:33.318542,975,414,long
2023-11-16 19:06:33.497085,1119,409,long
2023-11-16 19:06:33.863636,994,406,long
2023-11-16 19:06:33.898394,1114,434,long
2023-11-16 19:06:34.115897,1013,393,long
2023-11-16 19:06:34.202455,388,90,medium
2023-11-16 19:06:34.727306,487,100,medium
2023-11-16 19:06:34.990044,421,100,medium
2023-11-16 19:06:35.881257,200,167,medium
2023-11-16 19:06:35.928923,1038,378,long
2023-11-16 19:06:36.330113,1064,424,long
2023-11-16 19:06:36.580991,1094,391,long
2023-11-16 19:06:36.620484,952,434,long
2023-11-16 19:06:37.237353,200,183,medium
2023-11-16 19:06:37.266008,1115,409,long
2023-11-16 19:06:37.369612,1274,401,long
2023-11-16 19:06:37.809335,2605,103,long
2023-11-16 19:06:37.834540,1358,65,long
2023-11-16 19:06:37.875140,60,76,short
2023-11-16 19:06:38.042153,242,79,medium
2023-11-16 19:06:38.087066,209,217,medium
2023-11-16 19:06:39.067542,209,217,medium
2023-11-16 19:06:39.242139,203,217,medium
2023-11-16 19:06:39.931337,1670,52,long
2023-11-16 19:06:40.411226,1616,71,long
2023-11-16 19:06:40.480468,212,165,medium
2023-11-16 19:06:40.576610,1149,385,long
2023-11-16 19:06:40.846064,1029,52,long
2023-11-16 19:06:41.105935,212,217,medium
2023-11-16 19:06:41.515623,791,64,long
2023-11-16 19:06:41.878097,402,83,medium
2023-11-16 19:06:41.947892,428,117,medium
2023-11-16 19:06:42.057781,1061,434,long
2023-11-16 19:06:42.671128,956,405,long
2023-11-16 19:06:42.700336,1282,419,long
2023-11-16 19:06:42.752278,976,395,long
2023-11-16 19:06:42.946714,1312,213,long
2023-11-16 19:06:43.663323,1167,395,long
2023-11-16 19:06:43.693918,997,429,long
2023-11-16 19:06:43.697864,1351,152,long
2023-11-16 19:06:43.786982,992,420,long
2023-11-16 19:06:43.864700,181,112,medium
2023-11-16 19:06:43.897922,2937,86,long
2023-11-16 19:06:43.959858,1337,450,long
2023-11-16 19:06:44.028884,986,393,long
2023-11-16 19:06:44.087475,1263,428,long
2023-11-16 19:06:44.484752,975,376,long
2023-11-16 19:06:44.513309,1028,429,long
2023-11-16 19:06:44.541655,1351,222,long
2023-11-16 19:06:44.816751,1019,389,long
2023-11-16 19:06:45.527767,385,74,medium
2023-11-16 19:06:45.667734,417,122,medium
2023-11-16 19:06:45.737518,964,392,long
2023-11-16 19:06:46.086153,1123,398,long
2023-11-16 19:06:46.563969,1014,405,long
2023-11-16 19:06:46.607977,235,78,medium
2023-11-16 19:06:47.610322,1387,120,long
2023-11-16 19:06:47.709397,1017,456,long
2023-11-16 19:06:47.909466,181,176,medium
2023-11-16 19:06:48.102179,888,393,long
2023-11-16 19:06:48.168887,396,111,medium
2023-11-16 19:06:48.515316,181,112,medium
2023-11-16 19:06:48.573995,400,141,medium
2023-11-16 19:06:48.837206,1312,141,long
2023-11-16 19:06:48.920618,1317,233,long
2023-11-16 19:06:49.326621,1172,409,long
2023-11-16 19:06:49.371095,248,130,medium
2023-11-16 19:06:49.482184,396,110,medium
2023-11-16 19:06:49.850048,1032,398,long
2023-11-16 19:06:50.590916,1053,394,long
2023-11-16 19:06:50.637495,181,174,medium
2023-11-16 19:06:50.687111,1089,460,long
2023-11-16 19:06:50.718344,1171,418,long
2023-11-16 19:06:50.757186,165,171,medium
2023-11-16 19:06:50.871310,913,394,long
2023-11-16 19:06:50.943163,1078,444,long
2023-11-16 19:06:51.209670,393,87,medium
2023-11-16 19:06:51.398450,1131,442,long
2023-11-16 19:06:51.412914,209,183,medium
2023-11-16 19:06:51.431672,1319,178,long
2023-11-16 19:06:51.874118,1127,429,long
2023-11-16 19:06:51.901842,1016,406,long
2023-11-16 19:06:52.487178,984,489,long
2023-11-16 19:06:52.830293,399,123,medium
2023-11-16 19:06:53.580523,388,98,medium
2023-11-16 19:06:53.692859,1090,388,long
2023-11-16 19:06:53.715215,398,116,medium
2023-11-16 19:06:53.783293,1121,446,long
2023-11-16 19:06:54.188234,2030,458,long
2023-11-16 19:06:54.270911,1163,35,long
2023-11-16 19:06:54.687270,1048,394,long
2023-11-16 19:06:54.850831,1568,80,long
2023-11-16 19:06:55.263047,1450,68,long
2023-11-16 19:06:55.382688,1078,491,long
2023-11-16 19:06:55.716706,1151,378,long
2023-11-16 19:06:55.779442,200,217,medium
2023-11-16 19:06:55.791499,1313,231,long
2023-11-16 19:06:55.988043,194,183,medium
2023-11-16 19:06:55.997433,2029,88,long
2023-11-16 19:06:56.501008,992,398,long
2023-11-16 19:06:56.546043,952,82,long
2023-11-16 19:06:56.585265,200,183,medium
2023-11-16 19:06:56.898390,972,396,long
2023-11-16 19:06:56.901442,1009,375,long
2023-11-16 19:06:57.054763,9,137,short
2023-11-16 19:06:57.070708,1127,385,long
2023-11-16 19:06:57.076301,408,118,medium
2023-11-16 19:06:57.120603,1025,383,long
2023-11-16 19:06:57.265362,1110,420,long
2023-11-16 19:06:57.391114,389,131,medium
2023-11-16 19:06:57.575192,1080,429,long
2023-11-16 19:06:57.677482,1119,534,long
2023-11-16 19:06:57.983765,1121,479,long
2023-11-16 19:06:58.352001,1092,382,long
2023-11-16 19:06:58.571802,1279,457,long
2023-11-16 19:06:58.831636,1020,429,long
2023-11-16 19:06:58.910107,1100,627,long
2023-11-16 19:06:59.026651,785,35,long
2023-11-16 19:06:59.205994,1046,419,long
2023-11-16 19:06:59.216020,200,217,medium
2023-11-16 19:06:59.584600,181,107,medium
2023-11-16 19:07:00.539069,1085,395,long
2023-11-16 19:07:00.799125,1079,385,long
2023-11-16 19:07:00.902020,1078,396,long
2023-11-16 19:07:01.243065,1011,419,long
2023-11-16 19:07:01.749267,1071,394,long
2023-11-16 19:07:01.803524,983,536,long
2023-11-16 19:07:01.826417,397,116,medium
2023-11-16 19:07:01.919853,1049,397,long
2023-11-16 19:07:02.106323,985,393,long
2023-11-16 19:07:02.366620,1125,412,long
2023-11-16 19:07:02.402396,1155,398,long
2023-11-16 19:07:02.657539,1059,411,long
2023-11-16 19:07:02.735368,1091,391,long
2023-11-16 19:07:02.857197,396,92,medium
2023-11-16 19:07:02.998949,414,86,medium
2023-11-16 19:07:03.614912,433,122,medium
2023-11-16 19:07:04.073832,986,460,long
2023-11-16 19:07:04.260482,947,523,long
2023-11-16 19:07:04.581875,740,114,long
2023-11-16 19:07:04.834374,1007,379,long
2023-11-16 19:07:05.033818,1290,428,long
2023-11-16 19:07:05.488096,1044,708,long
2023-11-16 19:07:05.648310,2603,66,long
2023-11-16 19:07:05.848146,200,162,medium
2023-11-16 19:07:06.064904,4010,67,long
2023-11-16 19:07:06.301754,1156,411,long
2023-11-16 19:07:06.351062,4722,134,long
2023-11-16 19:07:06.402843,1134,429,long
2023-11-16 19:07:06.951098,4576,87,long
2023-11-16 19:07:06.957640,1123,396,long
2023-11-16 19:07:08.297522,1677,99,long
2023-11-16 19:07:08.311650,394,112,medium
2023-11-16 19:07:08.379862,1191,416,long
2023-11-16 19:07:08.728511,1043,391,long
2023-11-16 19:07:09.004381,1104,468,long
2023-11-16 19:07:09.304074,399,93,medium
2023-11-16 19:07:09.634433,1090,396,long
2023-11-16 19:07:09.755072,1290,396,long
2023-11-16 19:07:10.301608,206,212,medium
2023-11-16 19:07:10.303117,730,65,long
2023-11-16 19:07:10.305399,3926,68,long
2023-11-16 19:07:10.356620,1105,433,long
2023-11-16 19:07:10.375869,413,186,medium
2023-11-16 19:07:10.810828,181,140,medium
2023-11-16 19:07:11.073864,1041,421,long
2023-11-16 19:07:11.635830,1075,130,long
2023-11-16 19:07:11.955179,194,157,medium
2023-11-16 19:07:12.369936,2600,94,long
2023-11-16 19:07:12.578052,1029,408,long
2023-11-16 19:07:12.805824,1320,199,long
2023-11-16 19:07:13.056293,1119,378,long
2023-11-16 19:07:13.230585,1051,429,long
2023-11-16 19:07:13.290745,1318,240,long
2023-11-16 19:07:13.505765,1105,427,long
2023-11-16 19:07:13.682906,1104,380,long
2023-11-16 19:07:14.006948,396,107,medium
2023-11-16 19:07:14.350788,212,183,medium
2023-11-16 19:07:14.683559,212,162,medium
2023-11-16 19:07:14.988970,990,643,long
2023-11-16 19:07:15.035979,396,101,medium
2023-11-16 19:07:15.236494,1039,383,long
2023-11-16 19:07:15.351530,1141,403,long
2023-11-16 19:07:15.351964,16,177,short
2023-11-16 19:07:15.543411,1622,149,long
2023-11-16 19:07:15.553247,173,210,medium
2023-11-16 19:07:16.190648,928,93,long
2023-11-16 19:07:16.260688,197,217,medium
2023-11-16 19:07:17.891686,991,446,long
2023-11-16 19:07:18.079582,42,128,short
2023-11-16 19:07:18.136672,181,217,medium
2023-11-16 19:07:18.219644,1207,403,long
2023-11-16 19:07:18.312355,215,167,medium
2023-11-16 19:07:18.480571,181,108,medium
2023-11-16 19:07:18.481496,389,116,medium
2023-11-16 19:07:18.973787,2584,146,long
2023-11-16 19:07:19.348053,401,94,medium
2023-11-16 19:07:19.361099,1137,421,long
2023-11-16 19:07:19.790890,1124,401,long
2023-11-16 19:07:19.847383,3695,77,long
2023-11-16 19:07:19.858620,1118,402,long
2023-11-16 19:07:20.004538,203,217,medium
2023-11-16 19:07:20.403809,1193,429,long
2023-11-16 19:07:20.467756,795,68,long
2023-11-16 19:07:20.874451,404,104,medium
2023-11-16 19:07:21.097611,501,67,medium
2023-11-16 19:07:21.112290,120,12,short
2023-11-16 19:07:21.460369,203,211,medium
2023-11-16 19:07:21.509253,412,118,medium
2023-11-16 19:07:21.636669,23,172,short
2023-11-16 19:07:21.656157,398,99,medium
2023-11-16 19:07:22.044812,1312,251,long
2023-11-16 19:07:22.594776,1745,74,long
2023-11-16 19:07:22.606593,405,103,medium
2023-11-16 19:07:22.898890,416,96,medium
2023-11-16 19:07:23.012578,401,112,medium
2023-11-16 19:07:23.163638,965,524,long
2023-11-16 19:07:23.720258,401,89,medium
2023-11-16 19:07:23.964172,1102,638,long
2023-11-16 19:07:24.004003,1030,423,long
2023-11-16 19:07:24.240902,989,411,long
2023-11-16 19:07:24.249752,1314,206,long
2023-11-16 19:07:24.463975,999,424,long
2023-11-16 19:07:24.469718,9,162,short
2023-11-16 19:07:24.696392,413,84,medium
2023-11-16 19:07:24.862588,206,162,medium
2023-11-16 19:07:25.557065,394,126,medium
2023-11-16 19:07:25.679987,1970,111,long
2023-11-16 19:07:25.702661,1029,379,long
2023-11-16 19:07:25.800292,950,431,long
2023-11-16 19:07:26.121263,1163,396,long
2023-11-16 19:07:26.435492,1313,232,long
2023-11-16 19:07:26.572148,1641,137,long
2023-11-16 19:07:26.712513,1151,379,long
2023-11-16 19:07:27.217179,1062,422,long
2023-11-16 19:07:27.226418,1080,429,long
2023-11-16 19:07:27.335271,206,217,medium
2023-11-16 19:07:27.465091,390,132,medium
2023-11-16 19:07:27.480980,1059,454,long
2023-11-16 19:07:27.490804,1027,396,long
2023-11-16 19:07:27.711452,1313,156,long
2023-11-16 19:07:27.780095,1042,397,long
2023-11-16 19:07:27.787558,1049,396,long
2023-11-16 19:07:27.872015,1321,183,long
2023-11-16 19:07:28.006663,206,162,medium
2023-11-16 19:07:28.048518,203,162,medium
2023-11-16 19:07:28.158699,1124,401,long
2023-11-16 19:07:28.282302,1118,574,long
2023-11-16 19:07:28.394860,181,110,medium
2023-11-16 19:07:28.412942,1029,396,long
2023-11-16 19:07:28.581469,394,78,medium
2023-11-16 19:07:28.833208,1025,396,long
2023-11-16 19:07:29.506426,1049,421,long
2023-11-16 19:07:29.946759,398,87,medium
2023-11-16 19:07:30.539672,2204,45,long
2023-11-16 19:07:30.564853,3936,83,long
2023-11-16 19:07:30.701658,2320,67,long
2023-11-16 19:07:30.750697,1181,388,long
2023-11-16 19:07:30.956255,437,104,medium
2023-11-16 19:07:31.020160,181,95,medium
2023-11-16 19:07:31.060008,1111,563,long
2023-11-16 19:07:31.127410,200,217,medium
2023-11-16 19:07:31.133837,1304,49,long
2023-11-16 19:07:31.280251,197,211,medium
2023-11-16 19:07:31.556820,395,101,medium
2023-11-16 19:07:31.599088,1091,402,long
2023-11-16 19:07:31.658616,1067,378,long
2023-11-16 19:07:32.610037,389,127,medium
2023-11-16 19:07:32.808744,1122,397,long
2023-11-16 19:07:33.145320,1029,401,long
2023-11-16 19:07:33.367667,1123,412,long
2023-11-16 19:07:33.447435,218,179,medium
2023-11-16 19:07:33.525303,1023,401,long
2023-11-16 19:07:33.865406,1161,429,long
2023-11-16 19:07:34.005475,2284,77,long
2023-11-16 19:07:34.073140,1011,419,long
2023-11-16 19:07:34.193690,1100,377,long
2023-11-16 19:07:34.272127,405,77,medium
2023-11-16 19:07:34.307353,421,166,medium
2023-11-16 19:07:34.313842,1135,450,long
2023-11-16 19:07:34.582003,200,205,medium
2023-11-16 19:07:34.599786,1047,461,long
2023-11-16 19:07:34.662237,1061,409,long
2023-11-16 19:07:34.669481,1318,218,long
2023-11-16 19:07:34.671567,1148,385,long
2023-11-16 19:07:34.896445,1058,409,long
2023-11-16 19:07:35.371061,206,162,medium
2023-11-16 19:07:35.600912,1311,216,long
2023-11-16 19:07:35.670754,989,428,long
2023-11-16 19:07:35.832975,308,18,medium
2023-11-16 19:07:35.898754,1125,433,long
2023-11-16 19:07:35.969405,169,164,medium
2023-11-16 19:07:36.043675,1354,179,long
2023-11-16 19:07:36.065538,404,103,medium
2023-11-16 19:07:36.139667,1034,401,long
2023-11-16 19:07:36.360977,403,92,medium
2023-11-16 19:07:36.528529,403,85,medium
2023-11-16 19:07:36.537579,3264,101,long
2023-11-16 19:07:36.889795,1313,130,long
2023-11-16 19:07:37.038953,203,169,medium
2023-11-16 19:07:37.120348,406,137,medium
2023-11-16 19:07:37.214524,1117,388,long
2023-11-16 19:07:37.258865,793,53,long
2023-11-16 19:07:37.964916,2665,48,long
2023-11-16 19:07:38.312189,1094,429,long
2023-11-16 19:07:38.344027,405,84,medium
2023-11-16 19:07:38.358811,1122,393,long
2023-11-16 19:07:38.370098,181,186,medium
2023-11-16 19:07:38.526694,935,429,long
2023-11-16 19:07:38.548785,1109,448,long
2023-11-16 19:07:38.959444,1010,421,long
2023-11-16 19:07:39.801295,402,81,medium
2023-11-16 19:07:39.913905,1033,418,long
2023-11-16 19:07:40.168204,402,91,medium
2023-11-16 19:07:40.170043,392,97,medium
2023-11-16 19:07:40.320541,181,130,medium
2023-11-16 19:07:41.131812,400,121,medium
2023-11-16 19:07:41.188818,940,371,long
2023-11-16 19:07:41.323559,2272,106,long
2023-11-16 19:07:41.710509,1135,566,long
2023-11-16 19:07:41.817888,1659,101,long
2023-11-16 19:07:41.927475,411,84,medium
2023-11-16 19:07:42.037954,1001,404,long
2023-11-16 19:07:42.105184,1014,405,long
2023-11-16 19:07:42.651086,405,102,medium
2023-11-16 19:07:43.673803,1078,393,long
2023-11-16 19:07:43.751827,1602,96,long
2023-11-16 19:07:43.899738,1105,437,long
2023-11-16 19:07:44.039109,206,162,medium
2023-11-16 19:07:44.655933,2294,127,long
2023-11-16 19:07:45.613867,1052,429,long
2023-11-16 19:07:45.902399,213,58,medium
2023-11-16 19:07:46.041175,710,132,long
2023-11-16 19:07:46.121594,54,115,short
2023-11-16 19:07:46.342351,1111,458,long
2023-11-16 19:07:46.510360,1118,375,long
2023-11-16 19:07:46.773420,413,85,medium
2023-11-16 19:07:46.941468,409,96,medium
2023-11-16 19:07:47.578457,1124,401,long
2023-11-16 19:07:47.719454,466,90,medium
2023-11-16 19:07:48.180100,1306,92,long
2023-11-16 19:07:48.563347,1875,57,long
2023-11-16 19:07:48.612135,403,107,medium
2023-11-16 19:07:49.330904,2453,130,long
2023-11-16 19:07:49.530090,1127,427,long
2023-11-16 19:07:49.722814,1175,412,long
2023-11-16 19:07:49.867365,393,87,medium
2023-11-16 19:07:49.928407,1314,189,long
2023-11-16 19:07:50.032211,120,12,short
2023-11-16 19:07:50.085537,206,161,medium
2023-11-16 19:07:50.218040,120,12,short
2023-11-16 19:07:50.258659,1040,401,long
2023-11-16 19:07:50.364580,165,182,medium
2023-11-16 19:07:50.410332,395,98,medium
2023-11-16 19:07:50.661388,1090,411,long
2023-11-16 19:07:50.723557,413,107,medium
2023-11-16 19:07:50.823779,1175,438,long
2023-11-16 19:07:50.992842,3082,140,long
2023-11-16 19:07:51.314581,2084,29,long
2023-11-16 19:07:51.493422,1182,396,long
2023-11-16 19:07:51.521341,400,89,medium
2023-11-16 19:07:51.570161,989,426,long
2023-11-16 19:07:51.850495,393,90,medium
2023-11-16 19:07:51.887269,1074,415,long
2023-11-16 19:07:52.135709,1119,391,long
2023-11-16 19:07:52.792737,1134,407,long
2023-11-16 19:07:52.996563,209,162,medium
2023-11-16 19:07:53.052379,173,163,medium
2023-11-16 19:07:53.071902,398,89,medium
2023-11-16 19:07:53.327048,2584,191,long
2023-11-16 19:07:53.705808,120,12,short
2023-11-16 19:07:53.920702,411,145,medium
2023-11-16 19:07:54.560683,1315,201,long
2023-11-16 19:07:54.677525,408,93,medium
2023-11-16 19:07:54.708002,200,183,medium
2023-11-16 19:07:54.772207,1135,412,long
2023-11-16 19:07:54.938802,1193,429,long
2023-11-16 19:07:54.939211,403,117,medium
2023-11-16 19:07:55.455060,958,407,long
2023-11-16 19:07:55.989472,1714,81,long
2023-11-16 19:07:56.076596,1368,142,long
2023-11-16 19:07:56.756381,1585,170,long
2023-11-16 19:07:57.074284,397,170,medium
2023-11-16 19:07:57.793182,1859,163,long
2023-11-16 19:07:57.830111,405,95,medium
2023-11-16 19:07:59.042346,412,105,medium
2023-11-16 19:07:59.313369,2467,88,long
2023-11-16 19:07:59.321183,413,114,medium
2023-11-16 19:07:59.836634,181,131,medium
2023-11-16 19:08:00.208832,387,98,medium
2023-11-16 19:08:00.679359,1098,547,long
2023-11-16 19:08:01.099223,1984,136,long
2023-11-16 19:08:01.263631,1022,394,long
2023-11-16 19:08:01.321169,1190,427,long
2023-11-16 19:08:01.748026,1062,521,long
2023-11-16 19:08:02.123790,209,217,medium
2023-11-16 19:08:02.409672,1128,460,long
2023-11-16 19:08:02.806224,1039,556,long
2023-11-16 19:08:02.954204,7,146,short
2023-11-16 19:08:03.190982,1171,442,long
2023-11-16 19:08:03.735276,400,88,medium
2023-11-16 19:08:03.812543,1742,90,long
2023-11-16 19:08:03.914650,1111,387,long
2023-11-16 19:08:04.017066,899,120,long
2023-11-16 19:08:04.393528,2343,97,long
2023-11-16 19:08:04.395687,438,98,medium
2023-11-16 19:08:04.421684,954,410,long
2023-11-16 19:08:05.273020,1330,413,long
2023-11-16 19:08:05.450775,2613,147,long
2023-11-16 19:08:05.597733,1700,90,long
2023-11-16 19:08:05.721113,1628,175,long
2023-11-16 19:08:05.799187,1103,405,long
2023-11-16 19:08:06.206171,897,100,long
2023-11-16 19:08:06.278350,1838,160,long
2023-11-16 19:08:06.341246,1108,625,long
2023-11-16 19:08:06.494129,408,117,medium
2023-11-16 19:08:06.509668,2788,44,long
2023-11-16 19:08:06.704187,1037,419,long
2023-11-16 19:08:06.713591,181,95,medium
2023-11-16 19:08:06.787057,1317,196,long
2023-11-16 19:08:06.880863,20,170,short
2023-11-16 19:08:06.991440,1132,388,long
2023-11-16 19:08:06.998664,1133,136,long
2023-11-16 19:08:07.422715,751,111,long
2023-11-16 19:08:07.455126,181,264,medium
2023-11-16 19:08:07.613793,169,172,medium
2023-11-16 19:08:07.696058,387,169,medium
2023-11-16 19:08:07.846525,1121,532,long
2023-11-16 19:08:08.018962,2684,93,long
2023-11-16 19:08:08.062968,194,217,medium
2023-11-16 19:08:08.132387,87,62,short
2023-11-16 19:08:08.149987,998,397,long
2023-11-16 19:08:08.231776,1007,394,long
2023-11-16 19:08:08.277240,203,217,medium
2023-11-16 19:08:08.782972,318,294,medium
2023-11-16 19:08:08.972235,1197,407,long
2023-11-16 19:08:09.056881,1169,411,long
2023-11-16 19:08:09.386895,736,114,long
2023-11-16 19:08:09.577950,1066,396,long
2023-11-16 19:08:09.668172,1314,164,long
2023-11-16 19:08:09.979974,1040,401,long
2023-11-16 19:08:10.253304,1315,148,long
2023-11-16 19:08:10.255056,404,132,medium
2023-11-16 19:08:10.281579,1135,488,long
2023-11-16 19:08:10.442694,91,16,short
2023-11-16 19:08:10.708930,3634,209,long
2023-11-16 19:08:11.362332,401,130,medium
2023-11-16 19:08:11.614139,1145,405,long
2023-11-16 19:08:11.814511,1797,120,long
2023-11-16 19:08:12.062729,1075,396,long
2023-11-16 19:08:12.701074,3113,197,long
2023-11-16 19:08:12.738730,1148,407,long
2023-11-16 19:08:12.740367,1265,428,long
2023-11-16 19:08:13.232541,1315,194,long
2023-11-16 19:08:13.727550,1038,420,long
2023-11-16 19:08:13.733477,1168,423,long
2023-11-16 19:08:13.891765,408,129,medium
2023-11-16 19:08:14.022778,1696,115,long
2023-11-16 19:08:14.096367,175,56,medium
2023-11-16 19:08:14.313604,404,113,medium
2023-11-16 19:08:14.950847,1093,416,long
2023-11-16 19:08:15.027063,1015,586,long
2023-11-16 19:08:15.103287,1085,397,long
2023-11-16 19:08:15.210978,181,125,medium
2023-11-16 19:08:15.713239,120,12,short
2023-11-16 19:08:15.887082,955,402,long
2023-11-16 19:08:16.114847,1098,401,long
2023-11-16 19:08:16.150527,1058,400,long
2023-11-16 19:08:16.540075,433,97,medium
2023-11-16 19:08:16.656455,1134,429,long
2023-11-16 19:08:16.828910,3292,138,long
2023-11-16 19:08:16.843994,197,217,medium
2023-11-16 19:08:17.022121,385,79,medium
2023-11-16 19:08:17.076132,1288,571,long
2023-11-16 19:08:17.216531,1263,160,long
2023-11-16 19:08:17.320283,12,184,short
2023-11-16 19:08:17.356974,446,76,medium
2023-11-16 19:08:18.328457,1073,376,long
2023-11-16 19:08:18.519686,1007,401,long
2023-11-16 19:08:18.645238,203,138,medium
2023-11-16 19:08:18.896864,1044,406,long
2023-11-16 19:08:18.898049,401,87,medium
2023-11-16 19:08:19.453328,1247,421,long
2023-11-16 19:08:20.770746,400,103,medium
2023-11-16 19:08:20.891510,949,89,long
2023-11-16 19:08:20.891517,1045,396,long
2023-11-16 19:08:20.918607,929,95,long
2023-11-16 19:08:21.114597,1095,415,long
2023-11-16 19:08:21.342883,1316,130,long
2023-11-16 19:08:21.531461,206,205,medium
2023-11-16 19:08:21.551236,1056,417,long
2023-11-16 19:08:21.573596,197,179,medium
2023-11-16 19:08:21.651815,206,162,medium
2023-11-16 19:08:21.652268,421,149,medium
2023-11-16 19:08:22.065289,181,132,medium
2023-11-16 19:08:22.084393,3942,146,long
2023-11-16 19:08:22.139459,1131,412,long
2023-11-16 19:08:22.381807,3549,50,long
2023-11-16 19:08:22.540814,1355,209,long
2023-11-16 19:08:23.171077,1175,426,long
2023-11-16 19:08:23.233312,406,98,medium
2023-11-16 19:08:23.451745,407,151,medium
2023-11-16 19:08:23.657535,403,147,medium
2023-11-16 19:08:23.670410,395,81,medium
2023-11-16 19:08:23.778903,1212,377,long
2023-11-16 19:08:24.242803,398,81,medium
2023-11-16 19:08:24.670648,1074,385,long
2023-11-16 19:08:24.687043,422,82,medium
2023-11-16 19:08:24.712924,879,79,long
2023-11-16 19:08:24.904998,1117,446,long
2023-11-16 19:08:25.059823,416,151,medium
2023-11-16 19:08:25.152902,407,91,medium
2023-11-16 19:08:25.782755,1020,396,long
2023-11-16 19:08:26.018572,328,18,medium
2023-11-16 19:08:26.110812,1313,166,long
2023-11-16 19:08:26.216325,1118,410,long
2023-11-16 19:08:26.240350,2059,100,long
2023-11-16 19:08:27.671347,391,103,medium
2023-11-16 19:08:28.447890,197,217,medium
2023-11-16 19:08:28.459134,209,183,medium
2023-11-16 19:08:28.633765,1043,411,long
2023-11-16 19:08:29.274471,324,18,medium
2023-11-16 19:08:29.462920,1306,42,long
2023-11-16 19:08:29.515688,206,211,medium
2023-11-16 19:08:29.991074,1591,77,long
2023-11-16 19:08:30.524873,1013,411,long
2023-11-16 19:08:30.648686,1058,395,long
2023-11-16 19:08:30.653171,1080,378,long
2023-11-16 19:08:30.847425,1138,411,long
2023-11-16 19:08:30.860857,63,136,short
2023-11-16 19:08:31.010062,436,169,medium
2023-11-16 19:08:31.295419,203,191,medium
2023-11-16 19:08:31.323729,724,160,long
2023-11-16 19:08:32.099614,1061,415,long
2023-11-16 19:08:32.243887,397,94,medium
2023-11-16 19:08:32.307852,1082,438,long
2023-11-16 19:08:33.500027,2584,130,long
2023-11-16 19:08:33.848146,1024,429,long
2023-11-16 19:08:33.912406,388,88,medium
2023-11-16 19:08:33.958933,200,193,medium
2023-11-16 19:08:34.264136,212,179,medium
2023-11-16 19:08:34.266458,1078,430,long
2023-11-16 19:08:34.546524,1032,396,long
2023-11-16 19:08:34.551360,406,104,medium
2023-11-16 19:08:34.741456,1312,163,long
2023-11-16 19:08:34.975527,391,83,medium
2023-11-16 19:08:34.989960,1073,396,long
2023-11-16 19:08:35.392309,1940,110,long
2023-11-16 19:08:35.910967,393,86,medium
2023-11-16 19:08:36.037510,392,85,medium
2023-11-16 19:08:36.357607,1315,158,long
2023-11-16 19:08:36.364556,212,162,medium
2023-11-16 19:08:36.498416,1147,423,long
2023-11-16 19:08:36.653212,1159,429,long
2023-11-16 19:08:36.955327,463,113,medium
2023-11-16 19:08:36.986601,985,414,long
2023-11-16 19:08:37.313244,1118,384,long
2023-11-16 19:08:38.227591,1042,403,long
2023-11-16 19:08:38.544389,7,145,short
2023-11-16 19:08:38.715493,200,138,medium
2023-11-16 19:08:39.200000,1116,396,long
2023-11-16 19:08:39.501850,1312,126,long
2023-11-16 19:08:40.127697,810,84,long
2023-11-16 19:08:40.266227,3815,139,long
2023-11-16 19:08:40.280914,1052,405,long
2023-11-16 19:08:40.333341,403,109,medium
2023-11-16 19:08:40.678455,1054,407,long
2023-11-16 19:08:40.981901,181,273,medium
2023-11-16 19:08:40.981908,212,217,medium
2023-11-16 19:08:41.010927,392,160,medium
2023-11-16 19:08:41.289219,422,109,medium
2023-11-16 19:08:41.397588,1320,213,long
2023-11-16 19:08:41.669256,1094,394,long
2023-11-16 19:08:41.727533,1865,124,long
2023-11-16 19:08:41.823075,767,120,long
2023-11-16 19:08:41.927763,1059,416,long
2023-11-16 19:08:42.380851,997,457,long
2023-11-16 19:08:42.452608,405,99,medium
2023-11-16 19:08:43.779468,181,266,medium
2023-11-16 19:08:43.939288,1095,373,long
2023-11-16 19:08:44.022562,1017,419,long
2023-11-16 19:08:44.286562,974,375,long
2023-11-16 19:08:44.364161,197,183,medium
2023-11-16 19:08:44.464373,197,217,medium
2023-11-16 19:08:45.300626,120,12,short
2023-11-16 19:08:45.417324,1086,418,long
2023-11-16 19:08:45.455505,8,173,short
2023-11-16 19:08:45.536689,1296,103,long
2023-11-16 19:08:45.727015,1072,414,long
2023-11-16 19:08:45.818706,1314,169,long
2023-11-16 19:08:45.886982,1142,408,long
2023-11-16 19:08:46.532195,1150,378,long
2023-11-16 19:08:46.782564,1081,382,long
2023-11-16 19:08:46.866747,436,77,medium
2023-11-16 19:08:46.962637,209,148,medium
2023-11-16 19:08:47.015020,2393,73,long
2023-11-16 19:08:47.381524,209,217,medium
2023-11-16 19:08:48.279439,1160,391,long
2023-11-16 19:08:48.732876,1119,397,long
2023-11-16 19:08:48.879106,1224,433,long
2023-11-16 19:08:48.987458,1081,388,long
2023-11-16 19:08:49.106958,1078,468,long
2023-11-16 19:08:49.373615,1784,64,long
2023-11-16 19:08:50.439996,1151,420,long
2023-11-16 19:08:50.631307,1316,171,long
2023-11-16 19:08:50.934956,1139,385,long
2023-11-16 19:08:51.114995,1212,377,long
2023-11-16 19:08:51.695769,392,118,medium
2023-11-16 19:08:51.760189,1100,424,long
2023-11-16 19:08:51.783223,1134,91,long
2023-11-16 19:08:51.816437,411,88,medium
2023-11-16 19:08:52.037898,1048,429,long
2023-11-16 19:08:52.040321,1135,420,long
2023-11-16 19:08:52.512952,1048,439,long
2023-11-16 19:08:52.575058,400,127,medium
2023-11-16 19:08:53.202634,1048,429,long
2023-11-16 19:08:53.416815,1179,396,long
2023-11-16 19:08:53.525054,1109,419,long
2023-11-16 19:08:53.598961,1034,404,long
2023-11-16 19:08:53.619051,1313,147,long
2023-11-16 19:08:53.623866,1035,482,long
2023-11-16 19:08:53.644804,1053,403,long
2023-11-16 19:08:54.026986,992,411,long
2023-11-16 19:08:54.411851,1072,379,long
2023-11-16 19:08:54.412226,408,90,medium
2023-11-16 19:08:54.670660,2618,64,long
2023-11-16 19:08:54.897550,1077,420,long
2023-11-16 19:08:54.938786,1086,418,long
2023-11-16 19:08:54.980597,1143,393,long
2023-11-16 19:08:55.400447,1212,404,long
2023-11-16 19:08:55.455560,1120,414,long
2023-11-16 19:08:55.484285,1085,418,long
2023-11-16 19:08:55.696722,1110,409,long
2023-11-16 19:08:55.724042,1315,197,long
2023-11-16 19:08:55.735969,1357,93,long
2023-11-16 19:08:55.776225,398,90,medium
2023-11-16 19:08:55.865152,1349,157,long
2023-11-16 19:08:56.075627,206,166,medium
2023-11-16 19:08:56.658036,1186,423,long
2023-11-16 19:08:56.743523,400,82,medium
2023-11-16 19:08:56.866737,1013,436,long
2023-11-16 19:08:56.893326,181,108,medium
2023-11-16 19:08:56.906051,1166,42,long
2023-11-16 19:08:56.936545,181,125,medium
2023-11-16 19:08:57.181000,200,183,medium
2023-11-16 19:08:57.389454,1106,394,long
2023-11-16 19:08:57.900658,402,126,medium
2023-11-16 19:08:57.955595,1135,393,long
2023-11-16 19:08:57.961189,1091,435,long
2023-11-16 19:08:58.170452,1093,383,long
2023-11-16 19:08:58.170915,1318,161,long
2023-11-16 19:08:58.748825,1117,531,long
2023-11-16 19:08:58.976300,1312,153,long
2023-11-16 19:08:59.078275,1419,53,long
2023-11-16 19:08:59.170248,1031,85,long
2023-11-16 19:08:59.293065,1683,113,long
2023-11-16 19:08:59.373198,1213,397,long
2023-11-16 19:08:59.409182,35,110,short
2023-11-16 19:08:59.486073,1161,418,long
2023-11-16 19:08:59.895455,1039,411,long
2023-11-16 19:08:59.977547,1086,410,long
2023-11-16 19:09:00.158435,181,169,medium
2023-11-16 19:09:00.263731,1247,496,long
2023-11-16 19:09:00.363069,825,66,long
2023-11-16 19:09:00.511341,181,116,medium
2023-11-16 19:09:01.241085,2408,101,long
2023-11-16 19:09:01.740329,1139,386,long
2023-11-16 19:09:01.860273,1176,386,long
2023-11-16 19:09:02.930476,1074,409,long
2023-11-16 19:09:03.334158,2264,134,long
2023-11-16 19:09:04.141884,1054,429,long
2023-11-16 19:09:04.189149,1046,427,long
2023-11-16 19:09:04.623160,191,179,medium
2023-11-16 19:09:04.736031,1128,396,long
2023-11-16 19:09:04.884786,405,111,medium
2023-11-16 19:09:04.896047,422,101,medium
2023-11-16 19:09:05.093858,1315,133,long
2023-11-16 19:09:05.984729,1314,228,long
2023-11-16 19:09:06.327915,197,174,medium
2023-11-16 19:09:07.033046,1131,415,long
2023-11-16 19:09:07.422608,403,103,medium
2023-11-16 19:09:07.725749,1314,165,long
2023-11-16 19:09:07.870155,1143,396,long
2023-11-16 19:09:07.959322,1077,418,long
2023-11-16 19:09:08.102632,201,122,medium
2023-11-16 19:09:08.347623,1137,413,long
2023-11-16 19:09:08.976907,314,18,medium
2023-11-16 19:09:09.231523,2678,73,long
2023-11-16 19:09:09.274216,1076,416,long
2023-11-16 19:09:09.878834,197,217,medium
2023-11-16 19:09:10.057360,1101,426,long
2023-11-16 19:09:10.473237,405,99,medium
2023-11-16 19:09:10.531517,1139,393,long
2023-11-16 19:09:10.730074,31,109,short
2023-11-16 19:09:10.765303,1314,177,long
2023-11-16 19:09:10.777755,395,109,medium
2023-11-16 19:09:10.923395,391,94,medium
2023-11-16 19:09:10.950075,120,12,short
2023-11-16 19:09:11.041268,414,152,medium
2023-11-16 19:09:11.419966,1105,393,long
2023-11-16 19:09:11.422027,1044,393,long
2023-11-16 19:09:11.593065,1100,542,long
2023-11-16 19:09:11.641501,120,12,short
2023-11-16 19:09:11.642818,1123,395,long
2023-11-16 19:09:11.696323,1095,378,long
2023-11-16 19:09:11.753136,401,94,medium
2023-11-16 19:09:12.152791,1136,463,long
2023-11-16 19:09:12.321056,1142,390,long
2023-11-16 19:09:12.397652,1177,396,long
2023-11-16 19:09:13.047661,1050,393,long
2023-11-16 19:09:13.100565,206,217,medium
2023-11-16 19:09:13.433820,413,88,medium
2023-11-16 19:09:13.700288,1224,401,long
2023-11-16 19:09:13.945632,1317,148,long
2023-11-16 19:09:14.079648,390,126,medium
2023-11-16 19:09:14.229135,2271,127,long
2023-11-16 19:09:15.058068,1075,451,long
2023-11-16 19:09:15.357125,1105,422,long
2023-11-16 19:09:15.587971,200,167,medium
2023-11-16 19:09:15.710024,416,86,medium
2023-11-16 19:09:15.754091,2456,37,long
2023-11-16 19:09:15.772387,1159,396,long
2023-11-16 19:09:16.004491,1058,533,long
2023-11-16 19:09:16.111965,409,155,medium
2023-11-16 19:09:16.347187,1103,49,long
2023-11-16 19:09:16.416329,1639,123,long
2023-11-16 19:09:16.433106,1126,416,long
2023-11-16 19:09:16.464623,1318,178,long
2023-11-16 19:09:16.627205,218,167,medium
2023-11-16 19:09:17.066659,209,174,medium
2023-11-16 19:09:17.712530,1048,439,long
2023-11-16 19:09:18.293434,163,205,medium
2023-11-16 19:09:18.321736,1135,396,long
2023-11-16 19:09:18.427468,126,159,short
2023-11-16 19:09:18.567654,984,423,long
2023-11-16 19:09:18.777230,1311,207,long
2023-11-16 19:09:19.085110,181,192,medium
2023-11-16 19:09:19.312834,390,93,medium
2023-11-16 19:09:19.464061,26,133,short
2023-11-16 19:09:19.503703,1327,412,long
2023-11-16 19:09:19.696432,1054,514,long
2023-11-16 19:09:20.085505,181,142,medium
2023-11-16 19:09:20.138008,1098,375,long
2023-11-16 19:09:20.138328,1134,379,long
2023-11-16 19:09:20.234679,1085,443,long
2023-11-16 19:09:20.526993,1312,159,long
2023-11-16 19:09:20.570166,392,96,medium
2023-11-16 19:09:20.874977,408,127,medium
2023-11-16 19:09:21.028344,120,12,short
2023-11-16 19:09:21.175031,161,189,medium
2023-11-16 19:09:21.714723,952,129,long
2023-11-16 19:09:21.735381,1068,429,long
2023-11-16 19:09:22.437938,1031,401,long
2023-11-16 19:09:22.551286,1213,397,long
2023-11-16 19:09:23.041743,1103,418,long
2023-11-16 19:09:23.475904,1151,396,long
2023-11-16 19:09:23.561213,1125,435,long
2023-11-16 19:09:23.876796,392,87,medium
2023-11-16 19:09:24.352676,1125,373,long
2023-11-16 19:09:24.600455,1053,503,long
2023-11-16 19:09:24.776485,8,152,short
2023-11-16 19:09:24.943987,1159,57,long
2023-11-16 19:09:25.095796,1044,396,long
2023-11-16 19:09:25.098394,1134,375,long
2023-11-16 19:09:25.571971,2537,139,long
2023-11-16 19:09:25.979973,1316,135,long
2023-11-16 19:09:26.407105,1106,394,long
2023-11-16 19:09:26.496641,1547,143,long
2023-11-16 19:09:26.998908,206,181,medium
2023-11-16 19:09:27.356101,181,220,medium
2023-11-16 19:09:27.370032,406,99,medium
2023-11-16 19:09:27.677333,446,87,medium
2023-11-16 19:09:27.807003,1407,85,long
2023-11-16 19:09:27.881135,1177,401,long
2023-11-16 19:09:28.265081,1201,396,long
2023-11-16 19:09:28.500952,1068,396,long
2023-11-16 19:09:28.619350,200,167,medium
2023-11-16 19:09:28.973936,1122,411,long
2023-11-16 19:09:29.563521,1151,395,long
2023-11-16 19:09:30.226703,1233,396,long
2023-11-16 19:09:30.409490,1812,110,long
2023-11-16 19:09:30.657252,512,156,medium
2023-11-16 19:09:30.796807,2649,98,long
2023-11-16 19:09:31.359288,181,255,medium
2023-11-16 19:09:32.505821,1218,397,long
2023-11-16 19:09:32.599838,396,88,medium
2023-11-16 19:09:32.703319,209,172,medium
2023-11-16 19:09:32.709385,197,217,medium
2023-11-16 19:09:32.724096,400,101,medium
2023-11-16 19:09:33.079933,215,194,medium
2023-11-16 19:09:33.112548,1202,400,long
2023-11-16 19:09:33.140023,194,162,medium
2023-11-16 19:09:33.445296,212,165,medium
2023-11-16 19:09:33.527134,1063,375,long
2023-11-16 19:09:34.197479,1022,375,long
2023-11-16 19:09:34.365911,1233,954,long
2023-11-16 19:09:35.128503,1085,396,long
2023-11-16 19:09:37.051704,1065,396,long
2023-11-16 19:09:37.435534,1153,464,long
2023-11-16 19:09:37.607151,1232,429,long
2023-11-16 19:09:38.114067,1400,234,long
2023-11-16 19:09:38.157721,1089,411,long
2023-11-16 19:09:38.242923,1230,437,long
2023-11-16 19:09:38.409155,1325,234,long
2023-11-16 19:09:38.511179,8,119,short
2023-11-16 19:09:38.864225,1297,396,long
2023-11-16 19:09:39.043325,1316,173,long
2023-11-16 19:09:39.183936,1126,377,long
2023-11-16 19:09:39.868059,400,114,medium
2023-11-16 19:09:40.038022,1167,44,long
2023-11-16 19:09:40.279175,2605,43,long
2023-11-16 19:09:40.494960,392,89,medium
2023-11-16 19:09:40.587656,1162,449,long
2023-11-16 19:09:40.604156,439,83,medium
2023-11-16 19:09:41.286476,234,79,medium
2023-11-16 19:09:41.402656,1313,193,long
2023-11-16 19:09:41.439699,1090,405,long
2023-11-16 19:09:41.540408,1656,45,long
2023-11-16 19:09:41.628114,1064,422,long
2023-11-16 19:09:41.925581,430,126,medium
2023-11-16 19:09:42.051677,1233,432,long
2023-11-16 19:09:42.073880,1300,380,long
2023-11-16 19:09:42.280979,1121,411,long
2023-11-16 19:09:42.854351,408,146,medium
2023-11-16 19:09:43.042370,3002,73,long
2023-11-16 19:09:43.188361,197,179,medium
2023-11-16 19:09:43.364487,1264,396,long
2023-11-16 19:09:43.401428,1047,393,long
2023-11-16 19:09:43.589205,1107,434,long
2023-11-16 19:09:44.149070,2149,108,long
2023-11-16 19:09:44.178519,1043,429,long
2023-11-16 19:09:44.674811,1086,394,long
2023-11-16 19:09:44.800360,1137,398,long
2023-11-16 19:09:45.124024,1157,410,long
2023-11-16 19:09:45.145108,1144,406,long
2023-11-16 19:09:45.151154,1068,399,long
2023-11-16 19:09:45.309636,982,35,long
2023-11-16 19:09:45.514814,1239,420,long
2023-11-16 19:09:45.601126,414,180,medium
2023-11-16 19:09:45.612076,1381,396,long
2023-11-16 19:09:45.731353,404,98,medium
2023-11-16 19:09:45.876710,1092,398,long
2023-11-16 19:09:46.187063,181,162,medium
2023-11-16 19:09:46.441071,1035,446,long
2023-11-16 19:09:46.543721,1101,411,long
2023-11-16 19:09:46.543728,1103,396,long
2023-11-16 19:09:46.880052,1145,417,long
2023-11-16 19:09:46.880672,418,82,medium
2023-11-16 19:09:46.969772,203,183,medium
2023-11-16 19:09:47.034229,1100,419,long
2023-11-16 19:09:47.083156,1019,429,long
2023-11-16 19:09:47.494177,394,113,medium
2023-11-16 19:09:47.588829,2651,121,long
2023-11-16 19:09:47.926484,1143,391,long
2023-11-16 19:09:47.947982,203,138,medium
2023-11-16 19:09:48.013688,209,217,medium
2023-11-16 19:09:48.333714,1181,434,long
2023-11-16 19:09:48.751389,1285,380,long
2023-11-16 19:09:48.819491,1142,395,long
2023-11-16 19:09:48.865397,1114,421,long
2023-11-16 19:09:49.350075,414,96,medium
2023-11-16 19:09:49.416839,1313,136,long
2023-11-16 19:09:49.444676,403,105,medium
2023-11-16 19:09:49.931165,181,210,medium
2023-11-16 19:09:49.950110,2539,67,long
2023-11-16 19:09:50.041588,1407,430,long
2023-11-16 19:09:50.108229,209,217,medium
2023-11-16 19:09:50.149447,1147,431,long
2023-11-16 19:09:50.297911,203,211,medium
2023-11-16 19:09:50.473347,1130,386,long
2023-11-16 19:09:50.510404,634,125,long
2023-11-16 19:09:51.322204,396,97,medium
2023-11-16 19:09:51.480523,203,217,medium
2023-11-16 19:09:51.892392,1089,386,long
2023-11-16 19:09:52.774578,883,93,long
2023-11-16 19:09:52.781387,1081,404,long
2023-11-16 19:09:53.137294,1117,569,long
2023-11-16 19:09:53.590742,1126,380,long
2023-11-16 19:09:53.594939,2255,60,long
2023-11-16 19:09:53.927637,1318,570,long
2023-11-16 19:09:53.966109,423,89,medium
2023-11-16 19:09:54.283710,329,18,medium
2023-11-16 19:09:54.545916,1092,443,long
2023-11-16 19:09:54.548848,1312,156,long
2023-11-16 19:09:54.594740,206,189,medium
2023-11-16 19:09:54.656618,385,92,medium
2023-11-16 19:09:54.975919,1040,497,long
2023-11-16 19:09:55.619366,28,175,short
2023-11-16 19:09:55.863229,1084,423,long
2023-11-16 19:09:55.906805,16,145,short
2023-11-16 19:09:56.226144,1105,416,long
2023-11-16 19:09:56.392729,181,125,medium
2023-11-16 19:09:56.993243,1074,493,long
2023-11-16 19:09:57.086630,891,86,long
2023-11-16 19:09:57.306993,315,18,medium
2023-11-16 19:09:57.311455,1174,401,long
2023-11-16 19:09:57.462419,1128,398,long
2023-11-16 19:09:57.716242,1053,400,long
2023-11-16 19:09:57.888630,120,12,short
2023-11-16 19:09:59.054316,1020,396,long
2023-11-16 19:09:59.121553,1201,396,long
2023-11-16 19:09:59.360696,200,179,medium
2023-11-16 19:09:59.402276,2680,40,long
2023-11-16 19:09:59.873229,393,106,medium
2023-11-16 19:09:59.930356,1115,467,long
2023-11-16 19:10:00.253553,206,161,medium
2023-11-16 19:10:00.315506,1081,499,long
2023-11-16 19:10:00.752282,3747,120,long
2023-11-16 19:10:00.789119,3192,187,long
2023-11-16 19:10:01.472889,1072,465,long
2023-11-16 19:10:01.515189,2584,145,long
2023-11-16 19:10:01.790916,1085,390,long
2023-11-16 19:10:01.805946,1015,498,long
2023-11-16 19:10:02.112802,404,132,medium
2023-11-16 19:10:02.297681,209,179,medium
2023-11-16 19:10:02.562405,1143,419,long
2023-11-16 19:10:02.621632,1257,84,long
2023-11-16 19:10:02.737208,1180,420,long
2023-11-16 19:10:02.856047,1313,160,long
2023-11-16 19:10:03.181955,1089,411,long
2023-11-16 19:10:03.358102,1165,412,long
2023-11-16 19:10:03.502480,397,92,medium
2023-11-16 19:10:03.948425,1111,378,long
2023-11-16 19:10:04.038490,1087,385,long
2023-11-16 19:10:04.060845,1019,385,long
2023-11-16 19:10:04.406818,2288,93,long
2023-11-16 19:10:04.899834,181,1000,medium
2023-11-16 19:10:05.497066,1317,167,long
2023-11-16 19:10:05.510114,203,162,medium
2023-11-16 19:10:05.998586,936,396,long
2023-11-16 19:10:06.004902,1216,396,long
2023-11-16 19:10:06.083728,1161,388,long
2023-11-16 19:10:06.261579,801,133,long
2023-11-16 19:10:06.403474,1071,416,long
2023-11-16 19:10:06.595163,417,107,medium
2023-11-16 19:10:06.965921,1043,396,long
2023-11-16 19:10:07.561015,194,211,medium
2023-11-16 19:10:08.096377,1110,429,long
2023-11-16 19:10:08.414216,372,128,medium
2023-11-16 19:10:08.660949,1062,378,long
2023-11-16 19:10:09.177109,997,408,long
2023-11-16 19:10:09.731983,203,181,medium
2023-11-16 19:10:09.786413,1027,411,long
2023-11-16 19:10:09.880284,401,105,medium
2023-11-16 19:10:09.972042,1156,401,long
2023-11-16 19:10:09.988856,1104,388,long
2023-11-16 19:10:10.043013,1184,412,long
2023-11-16 19:10:10.084345,1156,396,long
2023-11-16 19:10:10.088683,1094,396,long
2023-11-16 19:10:10.697575,1127,411,long
2023-11-16 19:10:10.820620,308,18,medium
2023-11-16 19:10:11.079034,1080,411,long
2023-11-16 19:10:11.104747,1121,393,long
2023-11-16 19:10:11.114739,1154,412,long
2023-11-16 19:10:11.322735,1023,390,long
2023-11-16 19:10:11.323978,944,170,long
2023-11-16 19:10:11.609367,389,88,medium
2023-11-16 19:10:12.221349,1093,467,long
2023-11-16 19:10:12.256008,446,129,medium
2023-11-16 19:10:12.361097,193,109,medium
2023-11-16 19:10:12.688292,451,81,medium
2023-11-16 19:10:12.977591,181,204,medium
2023-11-16 19:10:13.155647,1203,396,long
2023-11-16 19:10:13.309814,984,399,long
2023-11-16 19:10:13.399927,1119,408,long
2023-11-16 19:10:13.730677,200,183,medium
2023-11-16 19:10:13.776252,209,217,medium
2023-11-16 19:10:13.934601,1154,475,long
2023-11-16 19:10:14.233931,1128,383,long
2023-11-16 19:10:14.311877,200,166,medium
2023-11-16 19:10:15.558721,1089,447,long
2023-11-16 19:10:15.895447,313,18,medium
2023-11-16 19:10:16.131545,392,97,medium
2023-11-16 19:10:16.175491,1043,399,long
2023-11-16 19:10:16.213198,203,167,medium
2023-11-16 19:10:16.337825,1112,375,long
2023-11-16 19:10:16.421145,401,99,medium
2023-11-16 19:10:16.919866,391,85,medium
2023-11-16 19:10:16.947817,200,217,medium
2023-11-16 19:10:17.193534,1314,174,long
2023-11-16 19:10:17.926787,212,179,medium
2023-11-16 19:10:18.155085,1104,378,long
2023-11-16 19:10:18.509323,914,105,long
2023-11-16 19:10:18.882157,1225,396,long
2023-11-16 19:10:18.953668,1043,396,long
2023-11-16 19:10:19.018243,1096,434,long
2023-11-16 19:10:19.030899,4844,73,long
2023-11-16 19:10:19.070282,1233,420,long
2023-11-16 19:10:19.193450,1125,409,long
2023-11-16 19:10:19.407542,611,31,long
2023-11-16 19:10:19.420308,1162,396,long
2023-11-16 19:10:19.705797,3389,134,long
2023-11-16 19:10:19.834050,405,88,medium
2023-11-16 19:10:20.074999,1253,477,long
2023-11-16 19:10:20.235242,3018,49,long
2023-11-16 19:10:20.758390,1057,500,long
2023-11-16 19:10:21.341756,1322,160,long
2023-11-16 19:10:21.499054,209,217,medium
2023-11-16 19:10:21.749917,1047,398,long
2023-11-16 19:10:22.467143,402,88,medium
2023-11-16 19:10:22.637683,203,181,medium
2023-11-16 19:10:22.886264,1100,386,long
2023-11-16 19:10:22.960641,1108,396,long
2023-11-16 19:10:22.972147,3809,190,long
2023-11-16 19:10:22.986356,1170,396,long
2023-11-16 19:10:23.208049,1170,562,long
2023-11-16 19:10:23.930177,1077,414,long
2023-11-16 19:10:24.022123,2584,139,long
2023-11-16 19:10:24.215257,1094,407,long
2023-11-16 19:10:24.378169,120,12,short
2023-11-16 19:10:24.417275,132,205,medium
2023-11-16 19:10:24.625471,996,409,long
2023-11-16 19:10:24.915989,1121,395,long
2023-11-16 19:10:25.224032,1127,392,long
2023-11-16 19:10:25.249534,408,127,medium
2023-11-16 19:10:25.727524,1315,234,long
2023-11-16 19:10:25.796723,393,95,medium
2023-11-16 19:10:26.105546,408,140,medium
2023-11-16 19:10:26.187151,396,89,medium
2023-11-16 19:10:26.314039,1087,378,long
2023-11-16 19:10:26.348014,1326,200,long
2023-11-16 19:10:26.537876,1349,255,long
2023-11-16 19:10:27.688483,1066,405,long
2023-11-16 19:10:27.699246,1149,412,long
2023-11-16 19:10:27.879224,203,183,medium
2023-11-16 19:10:27.955604,409,93,medium
2023-11-16 19:10:28.018849,14,107,short
2023-11-16 19:10:28.078102,1128,401,long
2023-11-16 19:10:28.299643,945,110,long
2023-11-16 19:10:28.654848,946,410,long
2023-11-16 19:10:28.684571,9,113,short
2023-11-16 19:10:28.803006,1031,393,long
2023-11-16 19:10:28.831801,1062,421,long
2023-11-16 19:10:29.088845,1163,37,long
2023-11-16 19:10:29.249595,194,176,medium
2023-11-16 19:10:29.953063,1016,413,long
2023-11-16 19:10:30.074697,1352,132,long
2023-11-16 19:10:30.242422,1077,415,long
2023-11-16 19:10:30.486739,1079,396,long
2023-11-16 19:10:30.858690,1077,394,long
2023-11-16 19:10:30.899197,1033,414,long
2023-11-16 19:10:30.969691,1146,396,long
2023-11-16 19:10:31.377291,1091,401,long
2023-11-16 19:10:31.832063,206,179,medium
2023-11-16 19:10:31.932734,1108,390,long
2023-11-16 19:10:32.732896,197,164,medium
2023-11-16 19:10:32.804675,1196,397,long
2023-11-16 19:10:32.932942,325,18,medium
2023-11-16 19:10:33.091402,209,217,medium
2023-11-16 19:10:33.813529,1312,139,long
2023-11-16 19:10:33.865118,2675,70,long
2023-11-16 19:10:33.908073,1055,411,long
2023-11-16 19:10:34.242727,1116,460,long
2023-11-16 19:10:34.284399,206,217,medium
2023-11-16 19:10:34.389474,1153,387,long
2023-11-16 19:10:34.654812,1313,191,long
2023-11-16 19:10:34.955606,209,172,medium
2023-11-16 19:10:35.359574,487,53,medium
2023-11-16 19:10:35.378587,434,86,medium
2023-11-16 19:10:35.458298,1126,414,long
2023-11-16 19:10:35.524089,203,167,medium
2023-11-16 19:10:36.226239,181,126,medium
2023-11-16 19:10:36.322820,1153,475,long
2023-11-16 19:10:36.578691,3561,237,long
2023-11-16 19:10:36.593659,1061,406,long
2023-11-16 19:10:37.921488,1214,396,long
2023-11-16 19:10:37.996020,407,141,medium
2023-11-16 19:10:38.652728,1060,388,long
2023-11-16 19:10:38.826912,206,217,medium
2023-11-16 19:10:39.201123,1071,424,long
2023-11-16 19:10:39.829154,1960,50,long
2023-11-16 19:10:40.228885,1530,108,long
2023-11-16 19:10:40.700777,394,114,medium
2023-11-16 19:10:41.322541,1105,404,long
2023-11-16 19:10:41.327337,130,189,medium
2023-11-16 19:10:41.467715,1335,96,long
2023-11-16 19:10:41.647426,2246,53,long
2023-11-16 19:10:42.556325,120,12,short
2023-11-16 19:10:43.537122,1064,419,long
2023-11-16 19:10:43.734373,1075,414,long
2023-11-16 19:10:44.103681,1243,423,long
2023-11-16 19:10:44.772616,399,107,medium
2023-11-16 19:10:44.904760,1123,411,long
2023-11-16 19:10:45.336286,200,183,medium
2023-11-16 19:10:45.972007,1193,394,long
2023-11-16 19:10:46.045196,1114,396,long
2023-11-16 19:10:46.121393,1187,992,long
2023-11-16 19:10:46.584449,1351,202,long
2023-11-16 19:10:46.762242,1121,388,long
2023-11-16 19:10:46.981826,2103,135,long
2023-11-16 19:10:47.021893,2441,112,long
2023-11-16 19:10:47.116350,398,97,medium
2023-11-16 19:10:47.924339,844,110,long
2023-11-16 19:10:48.059533,1212,401,long
2023-11-16 19:10:48.169642,2431,53,long
2023-11-16 19:10:48.371325,402,83,medium
2023-11-16 19:10:48.526310,1045,958,long
2023-11-16 19:10:49.209415,1210,380,long
2023-11-16 19:10:49.210046,416,125,medium
2023-11-16 19:10:49.273158,1316,176,long
2023-11-16 19:10:49.519703,1036,419,long
2023-11-16 19:10:49.617138,989,414,long
2023-11-16 19:10:49.669534,1047,537,long
2023-11-16 19:10:49.889618,399,104,medium
2023-11-16 19:10:50.473839,1056,397,long
2023-11-16 19:10:50.481585,203,162,medium
2023-11-16 19:10:50.952605,206,158,medium
2023-11-16 19:10:51.670544,1212,409,long
2023-11-16 19:10:51.813957,203,161,medium
2023-11-16 19:10:52.156192,203,183,medium
2023-11-16 19:10:52.206483,996,520,long
2023-11-16 19:10:52.366086,200,152,medium
2023-11-16 19:10:52.875065,1103,442,long
2023-11-16 19:10:53.209999,1051,388,long
2023-11-16 19:10:53.263492,48,202,short
2023-11-16 19:10:53.487537,1074,391,long
2023-11-16 19:10:53.535824,953,405,long
2023-11-16 19:10:54.285044,1076,394,long
2023-11-16 19:10:54.940366,1184,414,long
2023-11-16 19:10:54.950736,1037,409,long
2023-11-16 19:10:54.980275,987,407,long
2023-11-16 19:10:55.261631,1303,226,long
2023-11-16 19:10:55.467256,1068,426,long
2023-11-16 19:10:55.573294,403,95,medium
2023-11-16 19:10:55.644577,1171,388,long
2023-11-16 19:10:56.284833,1077,414,long
2023-11-16 19:10:56.367311,197,217,medium
2023-11-16 19:10:56.433167,2562,49,long
2023-11-16 19:10:56.464260,1315,137,long
2023-11-16 19:10:56.778148,1102,435,long
2023-11-16 19:10:56.810319,1009,389,long
2023-11-16 19:10:56.835957,402,86,medium
2023-11-16 19:10:56.870531,120,12,short
2023-11-16 19:10:57.233781,212,162,medium
2023-11-16 19:10:57.450551,1083,396,long
2023-11-16 19:10:57.689835,1314,169,long
2023-11-16 19:10:57.924890,1069,408,long
2023-11-16 19:10:58.380347,395,83,medium
2023-11-16 19:10:58.630695,1148,396,long
2023-11-16 19:10:58.697891,1220,396,long
2023-11-16 19:10:58.734364,1154,426,long
2023-11-16 19:10:58.903961,884,131,long
2023-11-16 19:10:59.197068,2400,103,long
2023-11-16 19:10:59.278911,2685,39,long
2023-11-16 19:10:59.644009,909,397,long
2023-11-16 19:10:59.878666,1072,396,long
2023-11-16 19:10:59.996882,181,153,medium
2023-11-16 19:11:00.321609,388,76,medium
2023-11-16 19:11:00.662726,1213,396,long
2023-11-16 19:11:00.752660,1995,148,long
2023-11-16 19:11:00.907023,1042,429,long
2023-11-16 19:11:00.951241,53,142,short
2023-11-16 19:11:01.101991,536,91,long
2023-11-16 19:11:01.302425,1121,375,long
2023-11-16 19:11:01.423706,1065,414,long
2023-11-16 19:11:01.620702,215,175,medium
2023-11-16 19:11:01.734223,881,74,long
2023-11-16 19:11:01.790200,317,75,medium
2023-11-16 19:11:01.868146,1151,402,long
2023-11-16 19:11:02.082395,1134,413,long
2023-11-16 19:11:02.139379,1065,378,long
2023-11-16 19:11:02.468241,1106,397,long
2023-11-16 19:11:02.721245,940,562,long
2023-11-16 19:11:02.845764,200,192,medium
2023-11-16 19:11:02.862897,880,100,long
2023-11-16 19:11:03.582195,1048,408,long
2023-11-16 19:11:03.638683,2912,82,long
2023-11-16 19:11:03.816582,821,42,long
2023-11-16 19:11:03.868228,1145,518,long
2023-11-16 19:11:04.021947,2185,53,long
2023-11-16 19:11:04.041378,2415,96,long
2023-11-16 19:11:04.701824,1038,397,long
2023-11-16 19:11:05.174666,1083,442,long
2023-11-16 19:11:05.974399,209,162,medium
2023-11-16 19:11:06.102189,66,141,short
2023-11-16 19:11:06.563226,1185,396,long
2023-11-16 19:11:06.588192,209,217,medium
2023-11-16 19:11:06.920291,1002,429,long
2023-11-16 19:11:06.939920,1117,385,long
2023-11-16 19:11:07.127572,120,12,short
2023-11-16 19:11:07.129209,18,131,short
2023-11-16 19:11:07.271464,1008,395,long
2023-11-16 19:11:07.373837,200,167,medium
2023-11-16 19:11:07.375258,407,122,medium
2023-11-16 19:11:07.518212,200,217,medium
2023-11-16 19:11:07.741740,1143,401,long
2023-11-16 19:11:07.790980,419,94,medium
2023-11-16 19:11:08.210197,69,123,short
2023-11-16 19:11:08.355093,1039,429,long
2023-11-16 19:11:08.516930,1087,376,long
2023-11-16 19:11:08.705238,1084,399,long
2023-11-16 19:11:09.569112,131,73,medium
2023-11-16 19:11:09.604078,1034,439,long
2023-11-16 19:11:09.704841,1980,54,long
2023-11-16 19:11:10.373635,17,157,short
2023-11-16 19:11:10.482686,3113,170,long
2023-11-16 19:11:10.549833,1109,516,long
2023-11-16 19:11:10.623379,3561,211,long
2023-11-16 19:11:10.976698,1089,525,long
2023-11-16 19:11:11.037601,396,109,medium
2023-11-16 19:11:11.051797,1315,201,long
2023-11-16 19:11:11.136066,1082,414,long
2023-11-16 19:11:11.196232,1123,442,long
2023-11-16 19:11:11.431769,197,217,medium
2023-11-16 19:11:11.788024,1050,418,long
2023-11-16 19:11:11.921913,1143,411,long
2023-11-16 19:11:11.932592,1134,159,long
2023-11-16 19:11:12.056610,408,116,medium
2023-11-16 19:11:12.707638,1316,169,long
2023-11-16 19:11:12.764870,1082,375,long
2023-11-16 19:11:12.913046,1099,427,long
2023-11-16 19:11:12.962871,119,12,short
2023-11-16 19:11:13.020951,1093,529,long
2023-11-16 19:11:13.319000,1236,108,long
2023-11-16 19:11:13.493775,1093,377,long
2023-11-16 19:11:13.827621,1022,396,long
2023-11-16 19:11:13.828284,1052,386,long
2023-11-16 19:11:14.398275,393,95,medium
2023-11-16 19:11:14.729394,408,102,medium
2023-11-16 19:11:14.870319,1093,88,long
2023-11-16 19:11:14.956641,333,18,medium
2023-11-16 19:11:15.310290,1117,459,long
2023-11-16 19:11:15.889899,1124,404,long
2023-11-16 19:11:16.129122,1090,368,long
2023-11-16 19:11:16.496572,1239,421,long
2023-11-16 19:11:16.654335,1130,422,long
2023-11-16 19:11:17.137836,981,383,long
2023-11-16 19:11:17.429268,1069,399,long
2023-11-16 19:11:17.740044,1070,466,long
2023-11-16 19:11:18.382155,1036,426,long
2023-11-16 19:11:18.762037,1833,130,long
2023-11-16 19:11:19.620968,1539,98,long
2023-11-16 19:11:20.163289,1112,411,long
2023-11-16 19:11:20.538180,181,204,medium
2023-11-16 19:11:21.857794,306,18,medium
2023-11-16 19:11:22.479735,1148,432,long
2023-11-16 19:11:22.511445,206,161,medium
2023-11-16 19:11:22.936026,235,142,medium
2023-11-16 19:11:22.974183,849,90,long
2023-11-16 19:11:22.974987,1312,252,long
2023-11-16 19:11:23.023158,1158,418,long
2023-11-16 19:11:23.080486,399,110,medium
2023-11-16 19:11:23.093346,203,217,medium
2023-11-16 19:11:23.163367,1026,91,long
2023-11-16 19:11:23.271292,1079,386,long
2023-11-16 19:11:23.342325,1012,398,long
2023-11-16 19:11:23.351192,875,88,long
2023-11-16 19:11:23.363848,1057,414,long
2023-11-16 19:11:23.544028,1070,398,long
2023-11-16 19:11:23.581451,1040,465,long
2023-11-16 19:11:23.659809,399,149,medium
2023-11-16 19:11:23.932022,206,162,medium
2023-11-16 19:11:24.019237,1005,403,long
2023-11-16 19:11:24.193515,395,78,medium
2023-11-16 19:11:24.208842,67,154,short
2023-11-16 19:11:24.360268,1054,407,long
2023-11-16 19:11:24.395278,206,183,medium
2023-11-16 19:11:25.295425,194,217,medium
2023-11-16 19:11:25.628085,209,152,medium
2023-11-16 19:11:25.820677,411,89,medium
2023-11-16 19:11:25.859068,181,1000,medium
2023-11-16 19:11:26.286297,1223,396,long
2023-11-16 19:11:26.852876,421,100,medium
2023-11-16 19:11:27.008522,1314,177,long
2023-11-16 19:11:27.283651,1210,409,long
2023-11-16 19:11:27.290679,209,217,medium
2023-11-16 19:11:27.336901,1150,433,long
2023-11-16 19:11:27.338304,1206,420,long
2023-11-16 19:11:27.715054,1083,443,long
2023-11-16 19:11:28.157676,409,91,medium
2023-11-16 19:11:28.215173,1046,446,long
2023-11-16 19:11:28.330030,1085,472,long
2023-11-16 19:11:28.432844,203,217,medium
2023-11-16 19:11:28.437842,120,12,short
2023-11-16 19:11:28.763857,1079,379,long
2023-11-16 19:11:28.833526,1098,377,long
2023-11-16 19:11:29.171360,389,81,medium
2023-11-16 19:11:29.274317,203,217,medium
2023-11-16 19:11:29.411803,1073,418,long
2023-11-16 19:11:30.507223,1073,396,long
2023-11-16 19:11:30.678647,212,183,medium
2023-11-16 19:11:30.708570,1145,405,long
2023-11-16 19:11:30.722314,1095,396,long
2023-11-16 19:11:30.785454,209,152,medium
2023-11-16 19:11:31.244329,1118,404,long
2023-11-16 19:11:31.317805,1316,143,long
2023-11-16 19:11:31.773950,309,18,medium
2023-11-16 19:11:32.250883,71,108,short
2023-11-16 19:11:32.459098,1088,415,long
2023-11-16 19:11:32.904125,406,91,medium
2023-11-16 19:11:33.020809,1188,401,long
2023-11-16 19:11:33.227777,209,217,medium
2023-11-16 19:11:33.298756,1083,396,long
2023-11-16 19:11:33.858692,1146,417,long
2023-11-16 19:11:34.220641,407,91,medium
2023-11-16 19:11:34.457063,1159,396,long
2023-11-16 19:11:34.511955,1028,429,long
2023-11-16 19:11:34.618498,1096,411,long
2023-11-16 19:11:35.916082,1095,437,long
2023-11-16 19:11:36.532472,1163,50,long
2023-11-16 19:11:36.594806,327,18,medium
2023-11-16 19:11:36.612793,1106,392,long
2023-11-16 19:11:36.906076,1050,427,long
2023-11-16 19:11:37.072484,2693,49,long
2023-11-16 19:11:37.286551,917,74,long
2023-11-16 19:11:37.353210,1076,535,long
2023-11-16 19:11:37.559975,1132,398,long
2023-11-16 19:11:37.690966,197,217,medium
2023-11-16 19:11:37.926764,194,217,medium
2023-11-16 19:11:37.947330,1064,399,long
2023-11-16 19:11:38.084739,1015,409,long
2023-11-16 19:11:38.169938,206,217,medium
2023-11-16 19:11:38.191826,2584,156,long
2023-11-16 19:11:38.496876,59,170,short
2023-11-16 19:11:38.629997,1033,120,long
2023-11-16 19:11:38.932613,1289,396,long
2023-11-16 19:11:39.056202,1205,394,long
2023-11-16 19:11:39.630353,400,99,medium
2023-11-16 19:11:39.813154,1143,414,long
2023-11-16 19:11:40.807981,212,162,medium
2023-11-16 19:11:41.299088,200,161,medium
2023-11-16 19:11:41.310472,1083,416,long
2023-11-16 19:11:42.115640,417,115,medium
2023-11-16 19:11:42.143933,1121,421,long
2023-11-16 19:11:42.498473,1120,409,long
2023-11-16 19:11:42.529506,1097,392,long
2023-11-16 19:11:42.578787,412,128,medium
2023-11-16 19:11:42.834550,1148,415,long
2023-11-16 19:11:43.012907,1033,409,long
2023-11-16 19:11:43.013184,181,110,medium
2023-11-16 19:11:43.418303,389,92,medium
2023-11-16 19:11:43.419292,1034,419,long
2023-11-16 19:11:43.663704,1130,449,long
2023-11-16 19:11:43.967907,209,162,medium
2023-11-16 19:11:43.969012,1122,387,long
2023-11-16 19:11:44.753674,1316,156,long
2023-11-16 19:11:44.894703,1220,452,long
2023-11-16 19:11:44.895769,1028,408,long
2023-11-16 19:11:44.903083,1105,992,long
2023-11-16 19:11:45.073574,1164,37,long
2023-11-16 19:11:45.152403,1147,411,long
2023-11-16 19:11:45.338335,1149,398,long
2023-11-16 19:11:45.393653,399,119,medium
2023-11-16 19:11:45.425621,1226,396,long
2023-11-16 19:11:45.807793,1085,393,long
2023-11-16 19:11:46.316954,1088,520,long
2023-11-16 19:11:46.471935,181,211,medium
2023-11-16 19:11:46.530330,1038,397,long
2023-11-16 19:11:46.975139,1093,446,long
2023-11-16 19:11:47.351928,1051,399,long
2023-11-16 19:11:47.667562,181,259,medium
2023-11-16 19:11:47.737418,32,88,short
2023-11-16 19:11:47.796305,28,140,short
2023-11-16 19:11:47.873953,1136,595,long
2023-11-16 19:11:48.070302,915,420,long
2023-11-16 19:11:48.316426,1075,396,long
2023-11-16 19:11:48.444777,212,163,medium
2023-11-16 19:11:48.565291,2352,27,long
2023-11-16 19:11:48.704967,76,173,short
2023-11-16 19:11:48.879230,1149,397,long
2023-11-16 19:11:48.918446,1248,380,long
2023-11-16 19:11:49.070053,1147,434,long
2023-11-16 19:11:49.176072,409,92,medium
2023-11-16 19:11:49.203438,518,107,long
2023-11-16 19:11:49.920556,2520,105,long
2023-11-16 19:11:50.256125,398,94,medium
2023-11-16 19:11:50.483074,1061,363,long
2023-11-16 19:11:50.761067,1274,378,long
2023-11-16 19:11:50.784933,1075,392,long
2023-11-16 19:11:50.873459,1096,383,long
2023-11-16 19:11:51.161745,1077,481,long
2023-11-16 19:11:51.179913,1149,428,long
2023-11-16 19:11:51.533047,391,102,medium
2023-11-16 19:11:51.837993,1528,451,long
2023-11-16 19:11:51.985198,1315,157,long
2023-11-16 19:11:52.278846,1071,398,long
2023-11-16 19:11:52.436326,1058,483,long
2023-11-16 19:11:52.511727,1096,373,long
2023-11-16 19:11:52.632902,1138,396,long
2023-11-16 19:11:53.166336,1766,135,long
2023-11-16 19:11:53.636098,181,272,medium
2023-11-16 19:11:53.755324,1135,448,long
2023-11-16 19:11:53.977997,2144,118,long
2023-11-16 19:11:54.142965,1091,424,long
2023-11-16 19:11:54.588074,1082,373,long
2023-11-16 19:11:54.783124,751,117,long
2023-11-16 19:11:54.818790,1080,396,long
2023-11-16 19:11:55.201234,404,95,medium
2023-11-16 19:11:55.408081,1135,363,long
2023-11-16 19:11:55.532707,3666,140,long
2023-11-16 19:11:55.631539,1091,413,long
2023-11-16 19:11:56.043747,209,217,medium
2023-11-16 19:11:56.392862,1101,395,long
2023-11-16 19:11:57.317797,1313,136,long
2023-11-16 19:11:57.379217,1115,405,long
2023-11-16 19:11:57.379875,1014,626,long
2023-11-16 19:11:57.455873,203,217,medium
2023-11-16 19:11:57.720214,212,162,medium
2023-11-16 19:11:58.352590,181,74,medium
2023-11-16 19:11:58.393283,386,87,medium
2023-11-16 19:11:58.590711,203,217,medium
2023-11-16 19:11:58.604832,200,183,medium
2023-11-16 19:11:58.997244,1312,140,long
2023-11-16 19:11:59.481281,1100,374,long
2023-11-16 19:11:59.542653,1083,455,long
2023-11-16 19:12:00.188168,181,85,medium
2023-11-16 19:12:00.665883,1124,374,long
2023-11-16 19:12:00.906173,420,180,medium
2023-11-16 19:12:00.974553,1852,50,long
2023-11-16 19:12:01.034768,1039,396,long
2023-11-16 19:12:01.265010,1061,396,long
2023-11-16 19:12:01.681698,29,119,short
2023-11-16 19:12:02.215120,1057,402,long
2023-11-16 19:12:02.619029,19,149,short
2023-11-16 19:12:02.948494,306,18,medium
2023-11-16 19:12:03.007199,1056,393,long
2023-11-16 19:12:03.949471,2221,170,long
2023-11-16 19:12:04.100288,1113,549,long
2023-11-16 19:12:04.104755,191,152,medium
2023-11-16 19:12:04.189012,1129,422,long
2023-11-16 19:12:04.631101,1063,398,long
2023-11-16 19:12:04.889281,95,115,short
2023-11-16 19:12:05.250099,1316,210,long
2023-11-16 19:12:05.352652,1056,414,long
2023-11-16 19:12:05.366436,1191,121,long
2023-11-16 19:12:05.476079,1073,413,long
2023-11-16 19:12:05.512170,200,179,medium
2023-11-16 19:12:05.668439,1081,377,long
2023-11-16 19:12:05.816205,1315,156,long
2023-11-16 19:12:05.926978,278,153,medium
2023-11-16 19:12:06.074470,1033,438,long
2023-11-16 19:12:06.084847,1082,395,long
2023-11-16 19:12:06.187622,41,173,short
2023-11-16 19:12:06.258170,1234,403,long
2023-11-16 19:12:06.264791,1215,450,long
2023-11-16 19:12:06.663827,400,88,medium
2023-11-16 19:12:06.778994,1171,439,long
2023-11-16 19:12:06.947524,203,162,medium
2023-11-16 19:12:07.105868,1181,139,long
2023-11-16 19:12:07.211787,1105,396,long
2023-11-16 19:12:07.349220,1130,420,long
2023-11-16 19:12:07.679582,1108,509,long
2023-11-16 19:12:07.692668,1194,421,long
2023-11-16 19:12:07.710567,1113,421,long
2023-11-16 19:12:07.956537,194,183,medium
2023-11-16 19:12:07.958093,1048,429,long
2023-11-16 19:12:08.365774,398,98,medium
2023-11-16 19:12:08.487101,209,152,medium
2023-11-16 19:12:08.534557,1065,397,long
2023-11-16 19:12:08.826271,1045,395,long
2023-11-16 19:12:08.967382,1041,429,long
2023-11-16 19:12:09.032729,3618,113,long
2023-11-16 19:12:09.121630,1144,429,long
2023-11-16 19:12:09.150767,413,122,medium
2023-11-16 19:12:09.290952,1025,394,long
2023-11-16 19:12:10.198771,1015,599,long
2023-11-16 19:12:10.268701,200,205,medium
2023-11-16 19:12:10.324317,1035,414,long
2023-11-16 19:12:11.381935,408,87,medium
2023-11-16 19:12:11.543555,181,116,medium
2023-11-16 19:12:11.944512,1114,394,long
2023-11-16 19:12:11.981913,1351,195,long
2023-11-16 19:12:12.127926,1113,54,long
2023-11-16 19:12:12.287307,1066,400,long
2023-11-16 19:12:12.327757,397,184,medium
2023-11-16 19:12:12.480313,194,179,medium
2023-11-16 19:12:13.075513,1011,404,long
2023-11-16 19:12:13.377660,1101,382,long
2023-11-16 19:12:13.658417,1026,429,long
2023-11-16 19:12:14.400550,401,103,medium
2023-11-16 19:12:14.810605,200,162,medium
2023-11-16 19:12:15.761374,331,18,medium
2023-11-16 19:12:15.790095,1065,398,long
2023-11-16 19:12:16.448952,908,108,long
2023-11-16 19:12:16.621034,1160,418,long
2023-11-16 19:12:16.624417,1069,394,long
2023-11-16 19:12:16.767760,442,77,medium
2023-11-16 19:12:16.816103,1136,396,long
2023-11-16 19:12:16.864783,1306,114,long
2023-11-16 19:12:17.067106,3556,77,long
2023-11-16 19:12:17.316438,405,83,medium
2023-11-16 19:12:17.399805,1129,372,long
2023-11-16 19:12:17.468192,36,131,short
2023-11-16 19:12:17.644504,411,92,medium
2023-11-16 19:12:18.047968,1129,423,long
2023-11-16 19:12:18.527622,1024,420,long
2023-11-16 19:12:18.784352,1089,464,long
2023-11-16 19:12:18.967715,1068,381,long
2023-11-16 19:12:19.327902,1105,396,long
2023-11-16 19:12:19.404756,206,217,medium
2023-11-16 19:12:19.884388,32,161,short
2023-11-16 19:12:20.076771,1119,535,long
2023-11-16 19:12:20.269299,403,106,medium
2023-11-16 19:12:20.495736,1101,394,long
2023-11-16 19:12:20.561122,1090,383,long
2023-11-16 19:12:20.641360,1117,395,long
2023-11-16 19:12:21.353282,1321,185,long
2023-11-16 19:12:21.404302,1039,393,long
2023-11-16 19:12:21.404879,1022,375,long
2023-11-16 19:12:21.536095,174,101,medium
2023-11-16 19:12:21.869961,1149,399,long
2023-11-16 19:12:22.291301,2584,145,long
2023-11-16 19:12:22.679605,1089,392,long
2023-11-16 19:12:23.042894,3589,154,long
2023-11-16 19:12:23.101994,1060,397,long
2023-11-16 19:12:23.134260,1367,95,long
2023-11-16 19:12:23.403408,1029,415,long
2023-11-16 19:12:23.606554,1051,424,long
2023-11-16 19:12:24.778639,209,217,medium
2023-11-16 19:12:24.779230,1030,396,long
2023-11-16 19:12:25.264057,1364,189,long
2023-11-16 19:12:25.339625,1008,395,long
2023-11-16 19:12:25.443721,1316,224,long
2023-11-16 19:12:25.526046,423,105,medium
2023-11-16 19:12:26.174524,1120,395,long
2023-11-16 19:12:26.234877,1117,442,long
2023-11-16 19:12:26.511539,1119,427,long
2023-11-16 19:12:26.531970,181,241,medium
2023-11-16 19:12:26.596073,1056,50,long
2023-11-16 19:12:27.671447,924,83,long
2023-11-16 19:12:27.885052,1033,397,long
2023-11-16 19:12:27.885889,212,191,medium
2023-11-16 19:12:28.109861,1232,399,long
2023-11-16 19:12:28.296020,169,217,medium
2023-11-16 19:12:28.639458,215,223,medium
2023-11-16 19:12:28.881048,120,12,short
2023-11-16 19:12:29.188253,890,95,long
2023-11-16 19:12:29.261200,1088,468,long
2023-11-16 19:12:29.491377,161,198,medium
2023-11-16 19:12:29.852084,209,177,medium
2023-11-16 19:12:29.995247,1030,403,long
2023-11-16 19:12:30.172136,1166,396,long
2023-11-16 19:12:30.540115,1048,382,long
2023-11-16 19:12:30.649641,1027,420,long
2023-11-16 19:12:30.996854,1218,396,long
2023-11-16 19:12:31.178966,1062,415,long
2023-11-16 19:12:31.178972,1042,397,long
2023-11-16 19:12:31.225800,1130,416,long
2023-11-16 19:12:31.360711,2032,136,long
2023-11-16 19:12:32.124535,1130,397,long
2023-11-16 19:12:32.189556,993,405,long
2023-11-16 19:12:32.209979,239,14,medium
2023-11-16 19:12:33.100995,1189,399,long
2023-11-16 19:12:33.412268,181,112,medium
2023-11-16 19:12:33.452011,203,181,medium
2023-11-16 19:12:34.596131,1056,420,long
2023-11-16 19:12:34.809648,459,356,medium
2023-11-16 19:12:34.990190,404,148,medium
2023-11-16 19:12:35.346684,1177,394,long
2023-11-16 19:12:35.450801,409,136,medium
2023-11-16 19:12:35.903978,1128,406,long
2023-11-16 19:12:36.028769,417,171,medium
2023-11-16 19:12:36.143572,1037,374,long
2023-11-16 19:12:36.231603,30,215,short
2023-11-16 19:12:36.359817,2607,138,long
2023-11-16 19:12:36.562323,1060,950,long
2023-11-16 19:12:36.631855,196,127,medium
2023-11-16 19:12:36.696230,1059,396,long
2023-11-16 19:12:37.679928,2753,112,long
2023-11-16 19:12:38.542785,1092,399,long
2023-11-16 19:12:38.570650,203,162,medium
2023-11-16 19:12:38.583456,120,12,short
2023-11-16 19:12:40.415000,1153,397,long
2023-11-16 19:12:40.442915,1320,179,long
2023-11-16 19:12:40.466907,398,89,medium
2023-11-16 19:12:40.522128,478,115,medium
2023-11-16 19:12:41.350594,406,116,medium
2023-11-16 19:12:41.435504,181,84,medium
2023-11-16 19:12:41.767486,203,152,medium
2023-11-16 19:12:41.846482,197,211,medium
2023-11-16 19:12:41.847707,1315,169,long
2023-11-16 19:12:42.139497,1105,394,long
2023-11-16 19:12:42.474348,931,83,long
2023-11-16 19:12:42.493711,1118,414,long
2023-11-16 19:12:42.561113,1161,400,long
2023-11-16 19:12:42.596964,209,167,medium
2023-11-16 19:12:42.948035,1135,415,long
2023-11-16 19:12:43.134789,481,127,medium
2023-11-16 19:12:43.316951,37,147,short
2023-11-16 19:12:43.441808,400,111,medium
2023-11-16 19:12:43.819865,203,183,medium
2023-11-16 19:12:43.874192,1064,555,long
2023-11-16 19:12:44.288365,1109,400,long
2023-11-16 19:12:44.413369,1101,396,long
2023-11-16 19:12:44.517249,406,107,medium
2023-11-16 19:12:44.815594,1108,408,long
2023-11-16 19:12:45.715562,200,176,medium
2023-11-16 19:12:45.789833,2584,153,long
2023-11-16 19:12:45.862368,1088,396,long
2023-11-16 19:12:45.941903,1058,396,long
2023-11-16 19:12:46.061693,1236,396,long
2023-11-16 19:12:46.186085,570,75,long
2023-11-16 19:12:46.356354,1316,215,long
2023-11-16 19:12:46.628488,409,83,medium
2023-11-16 19:12:46.717427,1099,450,long
2023-11-16 19:12:46.825388,1159,394,long
2023-11-16 19:12:46.865163,1092,610,long
2023-11-16 19:12:46.870131,1087,426,long
2023-11-16 19:12:47.358084,2079,99,long
2023-11-16 19:12:47.743386,1197,396,long
2023-11-16 19:12:48.858443,1062,396,long
2023-11-16 19:12:48.938843,181,106,medium
2023-11-16 19:12:49.514368,2762,48,long
2023-11-16 19:12:50.473160,993,429,long
2023-11-16 19:12:50.534299,1766,54,long
2023-11-16 19:12:50.925446,1083,395,long
2023-11-16 19:12:50.993943,397,121,medium
2023-11-16 19:12:51.205149,1071,457,long
2023-11-16 19:12:51.205169,1045,415,long
2023-11-16 19:12:51.282781,191,165,medium
2023-11-16 19:12:51.810152,1049,456,long
2023-11-16 19:12:52.874205,1806,44,long
2023-11-16 19:12:53.406317,1094,573,long
2023-11-16 19:12:53.519587,417,152,medium
2023-11-16 19:12:54.070531,200,216,medium
2023-11-16 19:12:54.481704,1151,418,long
2023-11-16 19:12:54.657402,1315,155,long
2023-11-16 19:12:54.970007,398,87,medium
2023-11-16 19:12:54.977035,1141,378,long
2023-11-16 19:12:55.449708,181,335,medium
2023-11-16 19:12:55.884787,2271,84,long
2023-11-16 19:12:56.117843,206,187,medium
2023-11-16 19:12:56.348104,1026,414,long
2023-11-16 19:12:56.403788,194,161,medium
2023-11-16 19:12:56.644761,1313,209,long
2023-11-16 19:12:56.711954,1074,564,long
2023-11-16 19:12:56.842899,1288,396,long
2023-11-16 19:12:57.067649,1314,44,long
2023-11-16 19:12:57.161325,1030,408,long
2023-11-16 19:12:57.171290,3347,117,long
2023-11-16 19:12:57.259105,1022,426,long
2023-11-16 19:12:57.850058,393,92,medium
2023-11-16 19:12:58.012213,197,162,medium
2023-11-16 19:12:58.035829,996,404,long
2023-11-16 19:12:58.066203,1055,375,long
2023-11-16 19:12:58.128718,1077,619,long
2023-11-16 19:12:58.157388,404,102,medium
2023-11-16 19:12:58.198974,206,162,medium
2023-11-16 19:12:58.340423,1012,389,long
2023-11-16 19:12:58.343850,1321,217,long
2023-11-16 19:12:58.430591,668,99,long
2023-11-16 19:12:58.673772,1081,549,long
2023-11-16 19:12:58.727268,1019,392,long
2023-11-16 19:12:58.833596,983,415,long
2023-11-16 19:12:58.854146,3098,60,long
2023-11-16 19:12:59.423764,573,103,long
2023-11-16 19:12:59.782104,1115,391,long
2023-11-16 19:12:59.918329,1281,624,long
2023-11-16 19:13:00.039566,1067,375,long
2023-11-16 19:13:00.261189,194,217,medium
2023-11-16 19:13:00.732159,1127,411,long
2023-11-16 19:13:01.187306,1591,86,long
2023-11-16 19:13:01.755022,1044,444,long
2023-11-16 19:13:01.793126,409,81,medium
2023-11-16 19:13:01.900560,1113,581,long
2023-11-16 19:13:02.096921,203,217,medium
2023-11-16 19:13:03.271472,206,162,medium
2023-11-16 19:13:04.012207,1276,405,long
2023-11-16 19:13:04.560213,415,103,medium
2023-11-16 19:13:05.092254,1120,524,long
2023-11-16 19:13:05.130508,2602,98,long
2023-11-16 19:13:05.203225,1128,384,long
2023-11-16 19:13:05.344038,425,100,medium
2023-11-16 19:13:05.407025,1029,511,long
2023-11-16 19:13:06.295599,1043,449,long
2023-11-16 19:13:06.340447,1119,393,long
2023-11-16 19:13:06.370330,926,102,long
2023-11-16 19:13:06.908182,1029,406,long
2023-11-16 19:13:07.330598,1035,645,long
2023-11-16 19:13:07.501378,1631,68,long
2023-11-16 19:13:07.644537,1313,156,long
2023-11-16 19:13:08.251791,1153,396,long
2023-11-16 19:13:08.578076,1186,397,long
2023-11-16 19:13:09.143798,1053,420,long
2023-11-16 19:13:09.388337,1033,397,long
2023-11-16 19:13:09.418060,391,129,medium
2023-11-16 19:13:09.556417,214,70,medium
2023-11-16 19:13:09.777719,1106,457,long
2023-11-16 19:13:09.978302,1092,397,long
2023-11-16 19:13:10.457137,1623,112,long
2023-11-16 19:13:10.463120,1105,418,long
2023-11-16 19:13:10.541480,1039,420,long
2023-11-16 19:13:10.569521,1149,415,long
2023-11-16 19:13:10.628793,1315,185,long
2023-11-16 19:13:11.384377,1094,511,long
2023-11-16 19:13:11.446695,1315,178,long
2023-11-16 19:13:11.667575,308,18,medium
2023-11-16 19:13:11.766386,1055,465,long
2023-11-16 19:13:11.959000,2712,78,long
2023-11-16 19:13:11.997503,1108,388,long
2023-11-16 19:13:12.118388,1070,521,long
2023-11-16 19:13:12.246769,1117,399,long
2023-11-16 19:13:12.271877,1057,371,long
2023-11-16 19:13:12.531993,181,125,medium
2023-11-16 19:13:12.613390,1059,431,long
2023-11-16 19:13:12.802062,1081,529,long
2023-11-16 19:13:12.993263,1197,396,long
2023-11-16 19:13:13.364400,396,135,medium
2023-11-16 19:13:13.417067,212,162,medium
2023-11-16 19:13:13.837428,411,87,medium
2023-11-16 19:13:14.057028,194,181,medium
2023-11-16 19:13:14.199915,1041,513,long
2023-11-16 19:13:14.887165,1264,406,long
2023-11-16 19:13:15.549319,398,116,medium
2023-11-16 19:13:15.946908,394,94,medium
2023-11-16 19:13:16.038257,44,52,short
2023-11-16 19:13:16.194807,459,341,medium
2023-11-16 19:13:16.760177,1157,413,long
2023-11-16 19:13:17.066343,1122,569,long
2023-11-16 19:13:17.329455,402,101,medium
2023-11-16 19:13:17.343963,4902,77,long
2023-11-16 19:13:17.344153,1075,598,long
2023-11-16 19:13:17.654079,68,191,short
2023-11-16 19:13:18.241322,1000,426,long
2023-11-16 19:13:18.252732,1108,461,long
2023-11-16 19:13:18.522911,2506,117,long
2023-11-16 19:13:18.602046,3364,98,long
2023-11-16 19:13:18.737807,980,397,long
2023-11-16 19:13:19.019856,396,93,medium
2023-11-16 19:13:19.395345,2139,91,long
2023-11-16 19:13:19.415740,2793,84,long
2023-11-16 19:13:19.443883,990,387,long
2023-11-16 19:13:19.523126,197,198,medium
2023-11-16 19:13:20.130561,1150,564,long
2023-11-16 19:13:20.154330,1144,418,long
2023-11-16 19:13:20.406835,197,217,medium
2023-11-16 19:13:20.498347,1318,273,long
2023-11-16 19:13:20.730192,396,85,medium
2023-11-16 19:13:20.832749,1081,414,long
2023-11-16 19:13:20.855058,209,193,medium
2023-11-16 19:13:20.881700,1082,375,long
2023-11-16 19:13:21.208890,30,121,short
2023-11-16 19:13:21.396283,407,97,medium
2023-11-16 19:13:21.559517,1106,622,long
2023-11-16 19:13:21.566466,194,217,medium
2023-11-16 19:13:21.716177,1074,411,long
2023-11-16 19:13:22.145081,1122,391,long
2023-11-16 19:13:22.250077,1119,466,long
2023-11-16 19:13:22.250227,1092,433,long
2023-11-16 19:13:23.057453,14,135,short
2023-11-16 19:13:23.402641,98,55,short
2023-11-16 19:13:23.539032,1144,386,long
2023-11-16 19:13:23.721746,1070,378,long
2023-11-16 19:13:23.996830,1125,595,long
2023-11-16 19:13:24.176364,1013,403,long
2023-11-16 19:13:24.675424,1405,124,long
2023-11-16 19:13:24.709718,2584,135,long
2023-11-16 19:13:24.833937,891,79,long
2023-11-16 19:13:24.882702,212,183,medium
2023-11-16 19:13:24.918083,1198,424,long
2023-11-16 19:13:24.945117,946,93,long
2023-11-16 19:13:25.160697,1028,385,long
2023-11-16 19:13:25.190515,1068,428,long
2023-11-16 19:13:25.447194,409,139,medium
2023-11-16 19:13:25.775596,1076,426,long
2023-11-16 19:13:25.879214,120,11,short
2023-11-16 19:13:26.035527,206,211,medium
2023-11-16 19:13:26.062109,1076,391,long
2023-11-16 19:13:26.567280,1104,565,long
2023-11-16 19:13:26.626870,200,163,medium
2023-11-16 19:13:27.022081,1356,395,long
2023-11-16 19:13:27.022418,1118,394,long
2023-11-16 19:13:27.195679,1012,375,long
2023-11-16 19:13:27.340232,1131,410,long
2023-11-16 19:13:27.987608,1314,169,long
2023-11-16 19:13:28.028519,898,127,long
2023-11-16 19:13:28.378326,203,217,medium
2023-11-16 19:13:28.615530,1510,91,long
2023-11-16 19:13:29.210003,1158,397,long
2023-11-16 19:13:29.671084,1104,489,long
2023-11-16 19:13:29.983262,399,118,medium
2023-11-16 19:13:30.170556,1061,937,long
2023-11-16 19:13:30.472959,209,167,medium
2023-11-16 19:13:30.688431,1099,399,long
2023-11-16 19:13:31.162711,401,86,medium
2023-11-16 19:13:31.189705,181,215,medium
2023-11-16 19:13:31.199759,2624,126,long
2023-11-16 19:13:32.017371,1359,216,long
2023-11-16 19:13:32.154358,1908,56,long
2023-11-16 19:13:32.294605,1032,434,long
2023-11-16 19:13:32.515864,1207,418,long
2023-11-16 19:13:32.584586,1123,405,long
2023-11-16 19:13:32.619080,119,12,short
2023-11-16 19:13:32.753026,1075,645,long
2023-11-16 19:13:32.906801,181,162,medium
2023-11-16 19:13:32.980168,1080,411,long
2023-11-16 19:13:33.113304,404,108,medium
2023-11-16 19:13:33.986613,391,90,medium
2023-11-16 19:13:34.074430,209,217,medium
2023-11-16 19:13:34.085088,1623,113,long
2023-11-16 19:13:35.037652,1094,394,long
2023-11-16 19:13:35.056617,1075,396,long
2023-11-16 19:13:35.188055,1123,581,long
2023-11-16 19:13:35.442085,1110,395,long
2023-11-16 19:13:35.526233,2140,44,long
2023-11-16 19:13:36.018952,398,101,medium
2023-11-16 19:13:36.145676,432,96,medium
2023-11-16 19:13:36.483483,1087,457,long
2023-11-16 19:13:36.650820,1084,414,long
2023-11-16 19:13:36.727695,3577,113,long
2023-11-16 19:13:36.897338,921,116,long
2023-11-16 19:13:37.028432,411,115,medium
2023-11-16 19:13:37.179094,203,177,medium
2023-11-16 19:13:37.933073,1263,409,long
2023-11-16 19:13:38.745791,218,168,medium
2023-11-16 19:13:38.770825,393,147,medium
2023-11-16 19:13:39.178707,1269,91,long
2023-11-16 19:13:39.541910,1167,393,long
2023-11-16 19:13:39.777018,64,149,short
2023-11-16 19:13:39.908504,120,12,short
2023-11-16 19:13:39.981087,1067,620,long
2023-11-16 19:13:40.364550,393,85,medium
2023-11-16 19:13:41.211866,2373,243,long
2023-11-16 19:13:41.548827,9,154,short
2023-11-16 19:13:44.651558,405,104,medium
2023-11-16 19:13:45.053009,3614,159,long
2023-11-16 19:13:45.106820,424,75,medium
2023-11-16 19:13:45.855809,311,18,medium
2023-11-16 19:13:46.245344,419,99,medium
2023-11-16 19:13:46.743136,165,192,medium
2023-11-16 19:13:47.520733,1150,46,long
2023-11-16 19:13:47.630775,209,179,medium
2023-11-16 19:13:48.431807,169,164,medium
2023-11-16 19:13:49.183161,1096,375,long
2023-11-16 19:13:49.625201,404,103,medium
2023-11-16 19:13:50.686736,1709,119,long
2023-11-16 19:13:50.740976,305,274,medium
2023-11-16 19:13:50.950823,209,179,medium
2023-11-16 19:13:51.100836,1039,401,long
2023-11-16 19:13:51.270640,1042,402,long
2023-11-16 19:13:51.273359,57,159,short
2023-11-16 19:13:51.505684,1012,376,long
2023-11-16 19:13:51.882851,394,90,medium
2023-11-16 19:13:52.215356,1115,521,long
2023-11-16 19:13:52.818406,1200,397,long
2023-11-16 19:13:53.522145,1366,124,long
2023-11-16 19:13:54.676634,200,217,medium
2023-11-16 19:13:54.827080,203,162,medium
2023-11-16 19:13:54.961043,391,93,medium
2023-11-16 19:13:55.117087,1198,402,long
2023-11-16 19:13:55.379686,2402,135,long
2023-11-16 19:13:55.665877,1067,645,long
2023-11-16 19:13:55.781195,1140,394,long
2023-11-16 19:13:56.238311,203,162,medium
2023-11-16 19:13:56.264533,1316,191,long
2023-11-16 19:13:56.438185,194,181,medium
2023-11-16 19:13:58.790134,1316,145,long
2023-11-16 19:13:59.092885,1065,391,long
2023-11-16 19:13:59.136569,465,94,medium
2023-11-16 19:14:00.771449,1089,397,long
2023-11-16 19:14:03.410817,997,454,long
2023-11-16 19:14:04.144233,1131,397,long
2023-11-16 19:14:04.560504,399,181,medium
2023-11-16 19:14:04.710779,1120,466,long
2023-11-16 19:14:07.740844,1030,434,long
2023-11-16 19:14:08.402527,197,183,medium
